<?xml version="1.0" encoding="UTF-8"?>
<TrainingCenterDatabase
  xsi:schemaLocation="http://www.garmin.com/xmlschemas/TrainingCenterDatabase/v2 http://www.garmin.com/xmlschemas/TrainingCenterDatabasev2.xsd"
  xmlns:ns5="http://www.garmin.com/xmlschemas/ActivityGoals/v1"
  xmlns:ns3="http://www.garmin.com/xmlschemas/ActivityExtension/v2"
  xmlns:ns2="http://www.garmin.com/xmlschemas/UserProfile/v2"
  xmlns="http://www.garmin.com/xmlschemas/TrainingCenterDatabase/v2"
  xmlns:xsi="http://www.w3.org/2001/XMLSchema-instance" xmlns:ns4="http://www.garmin.com/xmlschemas/ProfileExtension/v1">
  <Activities>
    <Activity Sport="Running">
      <Id>2026-08-03T10:27:13.000Z</Id>
      <Lap StartTime="2026-08-03T10:27:13.000Z">
        <TotalTimeSeconds>319.063</TotalTimeSeconds>
        <DistanceMeters>1000.0</DistanceMeters>
        <MaximumSpeed>3.3525774478912354</MaximumSpeed>
        <Calories>61</Calories>
        <AverageHeartRateBpm>
          <Value>128</Value>
        </AverageHeartRateBpm>
        <MaximumHeartRateBpm>
          <Value>141</Value>
        </MaximumHeartRateBpm>
        <Intensity>Active</Intensity>
        <TriggerMethod>Manual</TriggerMethod>
        <Track>
          <Trackpoint>
            <Time>2026-08-03T10:27:13.000Z</Time>
            <Position>
              <LatitudeDegrees>29.8131</LatitudeDegrees>
              <LongitudeDegrees>106.42652558498479</LongitudeDegrees>
            </Position>
            <AltitudeMeters>212.17007446289062</AltitudeMeters>
            <DistanceMeters>0.0</DistanceMeters>
            <HeartRateBpm>
              <Value>81</Value>
            </HeartRateBpm>
            <Extensions>
              <ns3:TPX>
                <ns3:Speed>0.0</ns3:Speed>
                <ns3:RunCadence>0</ns3:RunCadence>
              </ns3:TPX>
            </Extensions>
          </Trackpoint>
          <Trackpoint>
            <Time>2026-08-03T10:27:18.000Z</Time>
            <Position>
              <LatitudeDegrees>29.813130551487845</LatitudeDegrees>
              <LongitudeDegrees>106.42652255371922</LongitudeDegrees>
            </Position>
            <AltitudeMeters>212.24827575683594</AltitudeMeters>
            <DistanceMeters>3.4131107330322266</DistanceMeters>
            <HeartRateBpm>
              <Value>81</Value>
            </HeartRateBpm>
            <Extensions>
              <ns3:TPX>
                <ns3:Speed>1.3652442693710327</ns3:Speed>
                <ns3:RunCadence>72</ns3:RunCadence>
              </ns3:TPX>
            </Extensions>
          </Trackpoint>
          <Trackpoint>
            <Time>2026-08-03T10:27:22.000Z</Time>
            <Position>
              <LatitudeDegrees>29.813183190681617</LatitudeDegrees>
              <LongitudeDegrees>106.42650354212495</LongitudeDegrees>
            </Position>
            <AltitudeMeters>212.38580322265625</AltitudeMeters>
            <DistanceMeters>9.566767692565918</DistanceMeters>
            <HeartRateBpm>
              <Value>82</Value>
            </HeartRateBpm>
            <Extensions>
              <ns3:TPX>
                <ns3:Speed>1.7115840911865234</ns3:Speed>
                <ns3:RunCadence>76</ns3:RunCadence>
              </ns3:TPX>
            </Extensions>
          </Trackpoint>
          <Trackpoint>
            <Time>2026-08-03T10:27:27.000Z</Time>
            <Position>
              <LatitudeDegrees>29.813253885016245</LatitudeDegrees>
              <LongitudeDegrees>106.42644652343395</LongitudeDegrees>
            </Position>
            <AltitudeMeters>212.59149169921875</AltitudeMeters>
            <DistanceMeters>19.204553604125977</DistanceMeters>
            <HeartRateBpm>
              <Value>93</Value>
            </HeartRateBpm>
            <Extensions>
              <ns3:TPX>
                <ns3:Speed>2.1435303688049316</ns3:Speed>
                <ns3:RunCadence>78</ns3:RunCadence>
              </ns3:TPX>
            </Extensions>
          </Trackpoint>
          <Trackpoint>
            <Time>2026-08-03T10:27:31.000Z</Time>
            <Position>
              <LatitudeDegrees>29.813307109341128</LatitudeDegrees>
              <LongitudeDegrees>106.42637292550219</LongitudeDegrees>
            </Position>
            <AltitudeMeters>212.77711486816406</AltitudeMeters>
            <DistanceMeters>28.46808433532715</DistanceMeters>
            <HeartRateBpm>
              <Value>100</Value>
            </HeartRateBpm>
            <Extensions>
              <ns3:TPX>
                <ns3:Speed>2.4882349967956543</ns3:Speed>
                <ns3:RunCadence>82</ns3:RunCadence>
              </ns3:TPX>
            </Extensions>
          </Trackpoint>
          <Trackpoint>
            <Time>2026-08-03T10:27:36.000Z</Time>
            <Position>
              <LatitudeDegrees>29.813362763252062</LatitudeDegrees>
              <LongitudeDegrees>106.42624871815964</LongitudeDegrees>
            </Position>
            <AltitudeMeters>213.02479553222656</AltitudeMeters>
            <DistanceMeters>41.98371505737305</DistanceMeters>
            <HeartRateBpm>
              <Value>110</Value>
            </HeartRateBpm>
            <Extensions>
              <ns3:TPX>
                <ns3:Speed>2.9180171489715576</ns3:Speed>
                <ns3:RunCadence>85</ns3:RunCadence>
              </ns3:TPX>
            </Extensions>
          </Trackpoint>
          <Trackpoint>
            <Time>2026-08-03T10:27:40.000Z</Time>
            <Position>
              <LatitudeDegrees>29.813394420436296</LatitudeDegrees>
              <LongitudeDegrees>106.42612980272597</LongitudeDegrees>
            </Position>
            <AltitudeMeters>213.2202911376953</AltitudeMeters>
            <DistanceMeters>53.99586486816406</DistanceMeters>
            <HeartRateBpm>
              <Value>114</Value>
            </HeartRateBpm>
            <Extensions>
              <ns3:TPX>
                <ns3:Speed>3.08805775642395</ns3:Speed>
                <ns3:RunCadence>87</ns3:RunCadence>
              </ns3:TPX>
            </Extensions>
          </Trackpoint>
          <Trackpoint>
            <Time>2026-08-03T10:27:45.000Z</Time>
            <Position>
              <LatitudeDegrees>29.813414471464352</LatitudeDegrees>
              <LongitudeDegrees>106.42597171683877</LongitudeDegrees>
            </Position>
            <AltitudeMeters>213.4356689453125</AltitudeMeters>
            <DistanceMeters>69.42658996582031</DistanceMeters>
            <HeartRateBpm>
              <Value>115</Value>
            </HeartRateBpm>
            <Extensions>
              <ns3:TPX>
                <ns3:Speed>3.0842316150665283</ns3:Speed>
                <ns3:RunCadence>87</ns3:RunCadence>
              </ns3:TPX>
            </Extensions>
          </Trackpoint>
          <Trackpoint>
            <Time>2026-08-03T10:27:49.000Z</Time>
            <Position>
              <LatitudeDegrees>29.813415266666322</LatitudeDegrees>
              <LongitudeDegrees>106.42584399064832</LongitudeDegrees>
            </Position>
            <AltitudeMeters>213.57814025878906</AltitudeMeters>
            <DistanceMeters>81.7575912475586</DistanceMeters>
            <HeartRateBpm>
              <Value>115</Value>
            </HeartRateBpm>
            <Extensions>
              <ns3:TPX>
                <ns3:Speed>3.0812714099884033</ns3:Speed>
                <ns3:RunCadence>88</ns3:RunCadence>
              </ns3:TPX>
            </Extensions>
          </Trackpoint>
          <Trackpoint>
            <Time>2026-08-03T10:27:54.000Z</Time>
            <Position>
              <LatitudeDegrees>29.81339740562501</LatitudeDegrees>
              <LongitudeDegrees>106.42568590033159</LongitudeDegrees>
            </Position>
            <AltitudeMeters>213.7191619873047</AltitudeMeters>
            <DistanceMeters>97.15535736083984</DistanceMeters>
            <HeartRateBpm>
              <Value>116</Value>
            </HeartRateBpm>
            <Extensions>
              <ns3:TPX>
                <ns3:Speed>3.077834367752075</ns3:Speed>
                <ns3:RunCadence>86</ns3:RunCadence>
              </ns3:TPX>
            </Extensions>
          </Trackpoint>
          <Trackpoint>
            <Time>2026-08-03T10:27:58.000Z</Time>
            <Position>
              <LatitudeDegrees>29.813366833498076</LatitudeDegrees>
              <LongitudeDegrees>106.42556343267624</LongitudeDegrees>
            </Position>
            <AltitudeMeters>213.8031768798828</AltitudeMeters>
            <DistanceMeters>109.46182250976562</DistanceMeters>
            <HeartRateBpm>
              <Value>117</Value>
            </HeartRateBpm>
            <Extensions>
              <ns3:TPX>
                <ns3:Speed>3.0753965377807617</ns3:Speed>
                <ns3:RunCadence>87</ns3:RunCadence>
              </ns3:TPX>
            </Extensions>
          </Trackpoint>
          <Trackpoint>
            <Time>2026-08-03T10:28:03.000Z</Time>
            <Position>
              <LatitudeDegrees>29.813304075075855</LatitudeDegrees>
              <LongitudeDegrees>106.42542195425945</LongitudeDegrees>
            </Position>
            <AltitudeMeters>213.87423706054688</AltitudeMeters>
            <DistanceMeters>124.8324966430664</DistanceMeters>
            <HeartRateBpm>
              <Value>117</Value>
            </HeartRateBpm>
            <Extensions>
              <ns3:TPX>
                <ns3:Speed>3.072873115539551</ns3:Speed>
                <ns3:RunCadence>87</ns3:RunCadence>
              </ns3:TPX>
            </Extensions>
          </Trackpoint>
          <Trackpoint>
            <Time>2026-08-03T10:28:07.000Z</Time>
            <Position>
              <LatitudeDegrees>29.81322924415577</LatitudeDegrees>
              <LongitudeDegrees>106.4253289333354</LongitudeDegrees>
            </Position>
            <AltitudeMeters>213.90609741210938</AltitudeMeters>
            <DistanceMeters>137.1209716796875</DistanceMeters>
            <HeartRateBpm>
              <Value>117</Value>
            </HeartRateBpm>
            <Extensions>
              <ns3:TPX>
                <ns3:Speed>3.071368932723999</ns3:Speed>
                <ns3:RunCadence>87</ns3:RunCadence>
              </ns3:TPX>
            </Extensions>
          </Trackpoint>
          <Trackpoint>
            <Time>2026-08-03T10:28:12.000Z</Time>
            <Position>
              <LatitudeDegrees>29.813102042387094</LatitudeDegrees>
              <LongitudeDegrees>106.42527452068325</LongitudeDegrees>
            </Position>
            <AltitudeMeters>213.91824340820312</AltitudeMeters>
            <DistanceMeters>152.47503662109375</DistanceMeters>
            <HeartRateBpm>
              <Value>118</Value>
            </HeartRateBpm>
            <Extensions>
              <ns3:TPX>
                <ns3:Speed>3.070251703262329</ns3:Speed>
                <ns3:RunCadence>88</ns3:RunCadence>
              </ns3:TPX>
            </Extensions>
          </Trackpoint>
          <Trackpoint>
            <Time>2026-08-03T10:28:16.000Z</Time>
            <Position>
              <LatitudeDegrees>29.812997089219163</LatitudeDegrees>
              <LongitudeDegrees>106.42530857885504</LongitudeDegrees>
            </Position>
            <AltitudeMeters>213.90896606445312</AltitudeMeters>
            <DistanceMeters>164.75563049316406</DistanceMeters>
            <HeartRateBpm>
              <Value>118</Value>
            </HeartRateBpm>
            <Extensions>
              <ns3:TPX>
                <ns3:Speed>3.07004976272583</ns3:Speed>
                <ns3:RunCadence>87</ns3:RunCadence>
              </ns3:TPX>
            </Extensions>
          </Trackpoint>
          <Trackpoint>
            <Time>2026-08-03T10:28:21.000Z</Time>
            <Position>
              <LatitudeDegrees>29.812898281468946</LatitudeDegrees>
              <LongitudeDegrees>106.42541797765554</LongitudeDegrees>
            </Position>
            <AltitudeMeters>213.87828063964844</AltitudeMeters>
            <DistanceMeters>180.10765075683594</DistanceMeters>
            <HeartRateBpm>
              <Value>119</Value>
            </HeartRateBpm>
            <Extensions>
              <ns3:TPX>
                <ns3:Speed>3.070758581161499</ns3:Speed>
                <ns3:RunCadence>86</ns3:RunCadence>
              </ns3:TPX>
            </Extensions>
          </Trackpoint>
          <Trackpoint>
            <Time>2026-08-03T10:28:25.000Z</Time>
            <Position>
              <LatitudeDegrees>29.81284501371442</LatitudeDegrees>
              <LongitudeDegrees>106.42552927592035</LongitudeDegrees>
            </Position>
            <AltitudeMeters>213.8421173095703</AltitudeMeters>
            <DistanceMeters>192.3934783935547</DistanceMeters>
            <HeartRateBpm>
              <Value>119</Value>
            </HeartRateBpm>
            <Extensions>
              <ns3:TPX>
                <ns3:Speed>3.072154998779297</ns3:Speed>
                <ns3:RunCadence>87</ns3:RunCadence>
              </ns3:TPX>
            </Extensions>
          </Trackpoint>
          <Trackpoint>
            <Time>2026-08-03T10:28:30.000Z</Time>
            <Position>
              <LatitudeDegrees>29.81280348245524</LatitudeDegrees>
              <LongitudeDegrees>106.42568094535918</LongitudeDegrees>
            </Position>
            <AltitudeMeters>213.78750610351562</AltitudeMeters>
            <DistanceMeters>207.76136779785156</DistanceMeters>
            <HeartRateBpm>
              <Value>119</Value>
            </HeartRateBpm>
            <Extensions>
              <ns3:TPX>
                <ns3:Speed>3.0750019550323486</ns3:Speed>
                <ns3:RunCadence>87</ns3:RunCadence>
              </ns3:TPX>
            </Extensions>
          </Trackpoint>
          <Trackpoint>
            <Time>2026-08-03T10:28:34.000Z</Time>
            <Position>
              <LatitudeDegrees>29.81278694807779</LatitudeDegrees>
              <LongitudeDegrees>106.4258069793689</LongitudeDegrees>
            </Position>
            <AltitudeMeters>213.7401123046875</AltitudeMeters>
            <DistanceMeters>220.06776428222656</DistanceMeters>
            <HeartRateBpm>
              <Value>121</Value>
            </HeartRateBpm>
            <Extensions>
              <ns3:TPX>
                <ns3:Speed>3.078195333480835</ns3:Speed>
                <ns3:RunCadence>88</ns3:RunCadence>
              </ns3:TPX>
            </Extensions>
          </Trackpoint>
          <Trackpoint>
            <Time>2026-08-03T10:28:39.000Z</Time>
            <Position>
              <LatitudeDegrees>29.81278517953764</LatitudeDegrees>
              <LongitudeDegrees>106.42596647924788</LongitudeDegrees>
            </Position>
            <AltitudeMeters>213.68113708496094</AltitudeMeters>
            <DistanceMeters>235.47164916992188</DistanceMeters>
            <HeartRateBpm>
              <Value>122</Value>
            </HeartRateBpm>
            <Extensions>
              <ns3:TPX>
                <ns3:Speed>3.0833587646484375</ns3:Speed>
                <ns3:RunCadence>88</ns3:RunCadence>
              </ns3:TPX>
            </Extensions>
          </Trackpoint>
          <Trackpoint>
            <Time>2026-08-03T10:28:43.000Z</Time>
            <Position>
              <LatitudeDegrees>29.81279887773551</LatitudeDegrees>
              <LongitudeDegrees>106.42609336297708</LongitudeDegrees>
            </Position>
            <AltitudeMeters>213.63766479492188</AltitudeMeters>
            <DistanceMeters>247.8152313232422</DistanceMeters>
            <HeartRateBpm>
              <Value>122</Value>
            </HeartRateBpm>
            <Extensions>
              <ns3:TPX>
                <ns3:Speed>3.088432788848877</ns3:Speed>
                <ns3:RunCadence>87</ns3:RunCadence>
              </ns3:TPX>
            </Extensions>
          </Trackpoint>
          <Trackpoint>
            <Time>2026-08-03T10:28:48.000Z</Time>
            <Position>
              <LatitudeDegrees>29.81283675044547</LatitudeDegrees>
              <LongitudeDegrees>106.42624732015088</LongitudeDegrees>
            </Position>
            <AltitudeMeters>213.59210205078125</AltitudeMeters>
            <DistanceMeters>263.27618408203125</DistanceMeters>
            <HeartRateBpm>
              <Value>122</Value>
            </HeartRateBpm>
            <Extensions>
              <ns3:TPX>
                <ns3:Speed>3.0959408283233643</ns3:Speed>
                <ns3:RunCadence>87</ns3:RunCadence>
              </ns3:TPX>
            </Extensions>
          </Trackpoint>
          <Trackpoint>
            <Time>2026-08-03T10:28:52.000Z</Time>
            <Position>
              <LatitudeDegrees>29.812886600603846</LatitudeDegrees>
              <LongitudeDegrees>106.42636202358082</LongitudeDegrees>
            </Position>
            <AltitudeMeters>213.56539916992188</AltitudeMeters>
            <DistanceMeters>275.67376708984375</DistanceMeters>
            <HeartRateBpm>
              <Value>123</Value>
            </HeartRateBpm>
            <Extensions>
              <ns3:TPX>
                <ns3:Speed>3.1028552055358887</ns3:Speed>
                <ns3:RunCadence>87</ns3:RunCadence>
              </ns3:TPX>
            </Extensions>
          </Trackpoint>
          <Trackpoint>
            <Time>2026-08-03T10:28:57.000Z</Time>
            <Position>
              <LatitudeDegrees>29.812980912424248</LatitudeDegrees>
              <LongitudeDegrees>106.42647943580322</LongitudeDegrees>
            </Position>
            <AltitudeMeters>213.54708862304688</AltitudeMeters>
            <DistanceMeters>291.21234130859375</DistanceMeters>
            <HeartRateBpm>
              <Value>125</Value>
            </HeartRateBpm>
            <Extensions>
              <ns3:TPX>
                <ns3:Speed>3.1125800609588623</ns3:Speed>
                <ns3:RunCadence>87</ns3:RunCadence>
              </ns3:TPX>
            </Extensions>
          </Trackpoint>
          <Trackpoint>
            <Time>2026-08-03T10:29:01.000Z</Time>
            <Position>
              <LatitudeDegrees>29.81308449850429</LatitudeDegrees>
              <LongitudeDegrees>106.42652478297587</LongitudeDegrees>
            </Position>
            <AltitudeMeters>213.5460968017578</AltitudeMeters>
            <DistanceMeters>303.67987060546875</DistanceMeters>
            <HeartRateBpm>
              <Value>125</Value>
            </HeartRateBpm>
            <Extensions>
              <ns3:TPX>
                <ns3:Speed>3.1211719512939453</ns3:Speed>
                <ns3:RunCadence>87</ns3:RunCadence>
              </ns3:TPX>
            </Extensions>
          </Trackpoint>
          <Trackpoint>
            <Time>2026-08-03T10:29:06.000Z</Time>
            <Position>
              <LatitudeDegrees>29.81321701005897</LatitudeDegrees>
              <LongitudeDegrees>106.42648113602895</LongitudeDegrees>
            </Position>
            <AltitudeMeters>213.5631561279297</AltitudeMeters>
            <DistanceMeters>319.31488037109375</DistanceMeters>
            <HeartRateBpm>
              <Value>126</Value>
            </HeartRateBpm>
            <Extensions>
              <ns3:TPX>
                <ns3:Speed>3.1328372955322266</ns3:Speed>
                <ns3:RunCadence>88</ns3:RunCadence>
              </ns3:TPX>
            </Extensions>
          </Trackpoint>
          <Trackpoint>
            <Time>2026-08-03T10:29:10.000Z</Time>
            <Position>
              <LatitudeDegrees>29.813296758450164</LatitudeDegrees>
              <LongitudeDegrees>106.4263899635422</LongitudeDegrees>
            </Position>
            <AltitudeMeters>213.5916748046875</AltitudeMeters>
            <DistanceMeters>331.8662109375</DistanceMeters>
            <HeartRateBpm>
              <Value>126</Value>
            </HeartRateBpm>
            <Extensions>
              <ns3:TPX>
                <ns3:Speed>3.142831325531006</ns3:Speed>
                <ns3:RunCadence>88</ns3:RunCadence>
              </ns3:TPX>
            </Extensions>
          </Trackpoint>
          <Trackpoint>
            <Time>2026-08-03T10:29:15.000Z</Time>
            <Position>
              <LatitudeDegrees>29.813363514151558</LatitudeDegrees>
              <LongitudeDegrees>106.42624655949471</LongitudeDegrees>
            </Position>
            <AltitudeMeters>213.64523315429688</AltitudeMeters>
            <DistanceMeters>347.6133728027344</DistanceMeters>
            <HeartRateBpm>
              <Value>127</Value>
            </HeartRateBpm>
            <Extensions>
              <ns3:TPX>
                <ns3:Speed>3.1560308933258057</ns3:Speed>
                <ns3:RunCadence>87</ns3:RunCadence>
              </ns3:TPX>
            </Extensions>
          </Trackpoint>
          <Trackpoint>
            <Time>2026-08-03T10:29:19.000Z</Time>
            <Position>
              <LatitudeDegrees>29.813396145323857</LatitudeDegrees>
              <LongitudeDegrees>106.42612113141742</LongitudeDegrees>
            </Position>
            <AltitudeMeters>213.7012176513672</AltitudeMeters>
            <DistanceMeters>360.2595520019531</DistanceMeters>
            <HeartRateBpm>
              <Value>129</Value>
            </HeartRateBpm>
            <Extensions>
              <ns3:TPX>
                <ns3:Speed>3.167057752609253</ns3:Speed>
                <ns3:RunCadence>87</ns3:RunCadence>
              </ns3:TPX>
            </Extensions>
          </Trackpoint>
          <Trackpoint>
            <Time>2026-08-03T10:29:24.000Z</Time>
            <Position>
              <LatitudeDegrees>29.81341517607603</LatitudeDegrees>
              <LongitudeDegrees>106.42595828358611</LongitudeDegrees>
            </Position>
            <AltitudeMeters>213.78501892089844</AltitudeMeters>
            <DistanceMeters>376.1304016113281</DistanceMeters>
            <HeartRateBpm>
              <Value>129</Value>
            </HeartRateBpm>
            <Extensions>
              <ns3:TPX>
                <ns3:Speed>3.1812832355499268</ns3:Speed>
                <ns3:RunCadence>87</ns3:RunCadence>
              </ns3:TPX>
            </Extensions>
          </Trackpoint>
          <Trackpoint>
            <Time>2026-08-03T10:29:28.000Z</Time>
            <Position>
              <LatitudeDegrees>29.813414335302735</LatitudeDegrees>
              <LongitudeDegrees>106.42582623971447</LongitudeDegrees>
            </Position>
            <AltitudeMeters>213.8605499267578</AltitudeMeters>
            <DistanceMeters>388.8787841796875</DistanceMeters>
            <HeartRateBpm>
              <Value>129</Value>
            </HeartRateBpm>
            <Extensions>
              <ns3:TPX>
                <ns3:Speed>3.192906379699707</ns3:Speed>
                <ns3:RunCadence>88</ns3:RunCadence>
              </ns3:TPX>
            </Extensions>
          </Trackpoint>
          <Trackpoint>
            <Time>2026-08-03T10:29:33.000Z</Time>
            <Position>
              <LatitudeDegrees>29.8133927977698</LatitudeDegrees>
              <LongitudeDegrees>106.42566245724328</LongitudeDegrees>
            </Position>
            <AltitudeMeters>213.96133422851562</AltitudeMeters>
            <DistanceMeters>404.8800048828125</DistanceMeters>
            <HeartRateBpm>
              <Value>130</Value>
            </HeartRateBpm>
            <Extensions>
              <ns3:TPX>
                <ns3:Speed>3.207584857940674</ns3:Speed>
                <ns3:RunCadence>88</ns3:RunCadence>
              </ns3:TPX>
            </Extensions>
          </Trackpoint>
          <Trackpoint>
            <Time>2026-08-03T10:29:37.000Z</Time>
            <Position>
              <LatitudeDegrees>29.813357375539425</LatitudeDegrees>
              <LongitudeDegrees>106.42553579339442</LongitudeDegrees>
            </Position>
            <AltitudeMeters>214.04345703125</AltitudeMeters>
            <DistanceMeters>417.7338562011719</DistanceMeters>
            <HeartRateBpm>
              <Value>131</Value>
            </HeartRateBpm>
            <Extensions>
              <ns3:TPX>
                <ns3:Speed>3.2193315029144287</ns3:Speed>
                <ns3:RunCadence>89</ns3:RunCadence>
              </ns3:TPX>
            </Extensions>
          </Trackpoint>
          <Trackpoint>
            <Time>2026-08-03T10:29:42.000Z</Time>
            <Position>
              <LatitudeDegrees>29.813284575831883</LatitudeDegrees>
              <LongitudeDegrees>106.42539180926828</LongitudeDegrees>
            </Position>
            <AltitudeMeters>214.142578125</AltitudeMeters>
            <DistanceMeters>433.8668212890625</DistanceMeters>
            <HeartRateBpm>
              <Value>131</Value>
            </HeartRateBpm>
            <Extensions>
              <ns3:TPX>
                <ns3:Speed>3.2338647842407227</ns3:Speed>
                <ns3:RunCadence>89</ns3:RunCadence>
              </ns3:TPX>
            </Extensions>
          </Trackpoint>
          <Trackpoint>
            <Time>2026-08-03T10:29:46.000Z</Time>
            <Position>
              <LatitudeDegrees>29.813196948966286</LatitudeDegrees>
              <LongitudeDegrees>106.42530450993246</LongitudeDegrees>
            </Position>
            <AltitudeMeters>214.21485900878906</AltitudeMeters>
            <DistanceMeters>446.8250732421875</DistanceMeters>
            <HeartRateBpm>
              <Value>132</Value>
            </HeartRateBpm>
            <Extensions>
              <ns3:TPX>
                <ns3:Speed>3.2452597618103027</ns3:Speed>
                <ns3:RunCadence>90</ns3:RunCadence>
              </ns3:TPX>
            </Extensions>
          </Trackpoint>
          <Trackpoint>
            <Time>2026-08-03T10:29:51.000Z</Time>
            <Position>
              <LatitudeDegrees>29.81305567815374</LatitudeDegrees>
              <LongitudeDegrees>106.42528076190439</LongitudeDegrees>
            </Position>
            <AltitudeMeters>214.29075622558594</AltitudeMeters>
            <DistanceMeters>463.0859069824219</DistanceMeters>
            <HeartRateBpm>
              <Value>133</Value>
            </HeartRateBpm>
            <Extensions>
              <ns3:TPX>
                <ns3:Speed>3.2590692043304443</ns3:Speed>
                <ns3:RunCadence>90</ns3:RunCadence>
              </ns3:TPX>
            </Extensions>
          </Trackpoint>
          <Trackpoint>
            <Time>2026-08-03T10:29:55.000Z</Time>
            <Position>
              <LatitudeDegrees>29.812953809241467</LatitudeDegrees>
              <LongitudeDegrees>106.42534522248256</LongitudeDegrees>
            </Position>
            <AltitudeMeters>214.3357696533203</AltitudeMeters>
            <DistanceMeters>476.14337158203125</DistanceMeters>
            <HeartRateBpm>
              <Value>134</Value>
            </HeartRateBpm>
            <Extensions>
              <ns3:TPX>
                <ns3:Speed>3.2696688175201416</ns3:Speed>
                <ns3:RunCadence>89</ns3:RunCadence>
              </ns3:TPX>
            </Extensions>
          </Trackpoint>
          <Trackpoint>
            <Time>2026-08-03T10:30:00.000Z</Time>
            <Position>
              <LatitudeDegrees>29.812865410946237</LatitudeDegrees>
              <LongitudeDegrees>106.42547992159602</LongitudeDegrees>
            </Position>
            <AltitudeMeters>214.36727905273438</AltitudeMeters>
            <DistanceMeters>492.52313232421875</DistanceMeters>
            <HeartRateBpm>
              <Value>135</Value>
            </HeartRateBpm>
            <Extensions>
              <ns3:TPX>
                <ns3:Speed>3.2822346687316895</ns3:Speed>
                <ns3:RunCadence>89</ns3:RunCadence>
              </ns3:TPX>
            </Extensions>
          </Trackpoint>
          <Trackpoint>
            <Time>2026-08-03T10:30:04.000Z</Time>
            <Position>
              <LatitudeDegrees>29.81282066926972</LatitudeDegrees>
              <LongitudeDegrees>106.42560585082892</LongitudeDegrees>
            </Position>
            <AltitudeMeters>214.36929321289062</AltitudeMeters>
            <DistanceMeters>505.6709289550781</DistanceMeters>
            <HeartRateBpm>
              <Value>136</Value>
            </HeartRateBpm>
            <Extensions>
              <ns3:TPX>
                <ns3:Speed>3.291658639907837</ns3:Speed>
                <ns3:RunCadence>90</ns3:RunCadence>
              </ns3:TPX>
            </Extensions>
          </Trackpoint>
          <Trackpoint>
            <Time>2026-08-03T10:30:09.000Z</Time>
            <Position>
              <LatitudeDegrees>29.81279002380621</LatitudeDegrees>
              <LongitudeDegrees>106.4257727883885</LongitudeDegrees>
            </Position>
            <AltitudeMeters>214.3391876220703</AltitudeMeters>
            <DistanceMeters>522.156494140625</DistanceMeters>
            <HeartRateBpm>
              <Value>138</Value>
            </HeartRateBpm>
            <Extensions>
              <ns3:TPX>
                <ns3:Speed>3.3025574684143066</ns3:Speed>
                <ns3:RunCadence>91</ns3:RunCadence>
              </ns3:TPX>
            </Extensions>
          </Trackpoint>
          <Trackpoint>
            <Time>2026-08-03T10:30:13.000Z</Time>
            <Position>
              <LatitudeDegrees>29.81278349938453</LatitudeDegrees>
              <LongitudeDegrees>106.4259095710442</LongitudeDegrees>
            </Position>
            <AltitudeMeters>214.2870330810547</AltitudeMeters>
            <DistanceMeters>535.3826293945312</DistanceMeters>
            <HeartRateBpm>
              <Value>138</Value>
            </HeartRateBpm>
            <Extensions>
              <ns3:TPX>
                <ns3:Speed>3.310513973236084</ns3:Speed>
                <ns3:RunCadence>89</ns3:RunCadence>
              </ns3:TPX>
            </Extensions>
          </Trackpoint>
          <Trackpoint>
            <Time>2026-08-03T10:30:18.000Z</Time>
            <Position>
              <LatitudeDegrees>29.812796942434748</LatitudeDegrees>
              <LongitudeDegrees>106.42608046341793</LongitudeDegrees>
            </Position>
            <AltitudeMeters>214.18531799316406</AltitudeMeters>
            <DistanceMeters>551.95751953125</DistanceMeters>
            <HeartRateBpm>
              <Value>139</Value>
            </HeartRateBpm>
            <Extensions>
              <ns3:TPX>
                <ns3:Speed>3.319446563720703</ns3:Speed>
                <ns3:RunCadence>91</ns3:RunCadence>
              </ns3:TPX>
            </Extensions>
          </Trackpoint>
          <Trackpoint>
            <Time>2026-08-03T10:30:22.000Z</Time>
            <Position>
              <LatitudeDegrees>29.81282613733506</LatitudeDegrees>
              <LongitudeDegrees>106.42621390406954</LongitudeDegrees>
            </Position>
            <AltitudeMeters>214.07464599609375</AltitudeMeters>
            <DistanceMeters>565.2479248046875</DistanceMeters>
            <HeartRateBpm>
              <Value>140</Value>
            </HeartRateBpm>
            <Extensions>
              <ns3:TPX>
                <ns3:Speed>3.325751543045044</ns3:Speed>
                <ns3:RunCadence>90</ns3:RunCadence>
              </ns3:TPX>
            </Extensions>
          </Trackpoint>
          <Trackpoint>
            <Time>2026-08-03T10:30:27.000Z</Time>
            <Position>
              <LatitudeDegrees>29.812890614494325</LatitudeDegrees>
              <LongitudeDegrees>106.42636908453774</LongitudeDegrees>
            </Position>
            <AltitudeMeters>213.90086364746094</AltitudeMeters>
            <DistanceMeters>581.8936767578125</DistanceMeters>
            <HeartRateBpm>
              <Value>140</Value>
            </HeartRateBpm>
            <Extensions>
              <ns3:TPX>
                <ns3:Speed>3.3325607776641846</ns3:Speed>
                <ns3:RunCadence>90</ns3:RunCadence>
              </ns3:TPX>
            </Extensions>
          </Trackpoint>
          <Trackpoint>
            <Time>2026-08-03T10:30:31.000Z</Time>
            <Position>
              <LatitudeDegrees>29.81297078326692</LatitudeDegrees>
              <LongitudeDegrees>106.42647109250767</LongitudeDegrees>
            </Position>
            <AltitudeMeters>213.7353973388672</AltitudeMeters>
            <DistanceMeters>595.2330932617188</DistanceMeters>
            <HeartRateBpm>
              <Value>140</Value>
            </HeartRateBpm>
            <Extensions>
              <ns3:TPX>
                <ns3:Speed>3.337149143218994</ns3:Speed>
                <ns3:RunCadence>89</ns3:RunCadence>
              </ns3:TPX>
            </Extensions>
          </Trackpoint>
          <Trackpoint>
            <Time>2026-08-03T10:30:36.000Z</Time>
            <Position>
              <LatitudeDegrees>29.813110062209585</LatitudeDegrees>
              <LongitudeDegrees>106.42652506439104</LongitudeDegrees>
            </Position>
            <AltitudeMeters>213.49935913085938</AltitudeMeters>
            <DistanceMeters>611.9305419921875</DistanceMeters>
            <HeartRateBpm>
              <Value>140</Value>
            </HeartRateBpm>
            <Extensions>
              <ns3:TPX>
                <ns3:Speed>3.341827869415283</ns3:Speed>
                <ns3:RunCadence>89</ns3:RunCadence>
              </ns3:TPX>
            </Extensions>
          </Trackpoint>
          <Trackpoint>
            <Time>2026-08-03T10:30:40.000Z</Time>
            <Position>
              <LatitudeDegrees>29.81322128905247</LatitudeDegrees>
              <LongitudeDegrees>106.4264776341295</LongitudeDegrees>
            </Position>
            <AltitudeMeters>213.29092407226562</AltitudeMeters>
            <DistanceMeters>625.3037109375</DistanceMeters>
            <HeartRateBpm>
              <Value>141</Value>
            </HeartRateBpm>
            <Extensions>
              <ns3:TPX>
                <ns3:Speed>3.344752550125122</ns3:Speed>
                <ns3:RunCadence>90</ns3:RunCadence>
              </ns3:TPX>
            </Extensions>
          </Trackpoint>
          <Trackpoint>
            <Time>2026-08-03T10:30:45.000Z</Time>
            <Position>
              <LatitudeDegrees>29.813320426746827</LatitudeDegrees>
              <LongitudeDegrees>106.42634884770919</LongitudeDegrees>
            </Position>
            <AltitudeMeters>213.0118865966797</AltitudeMeters>
            <DistanceMeters>642.0341796875</DistanceMeters>
            <HeartRateBpm>
              <Value>141</Value>
            </HeartRateBpm>
            <Extensions>
              <ns3:TPX>
                <ns3:Speed>3.3474385738372803</ns3:Speed>
                <ns3:RunCadence>89</ns3:RunCadence>
              </ns3:TPX>
            </Extensions>
          </Trackpoint>
          <Trackpoint>
            <Time>2026-08-03T10:30:49.000Z</Time>
            <Position>
              <LatitudeDegrees>29.813370997981306</LatitudeDegrees>
              <LongitudeDegrees>106.42622314030687</LongitudeDegrees>
            </Position>
            <AltitudeMeters>212.77891540527344</AltitudeMeters>
            <DistanceMeters>655.4268188476562</DistanceMeters>
            <HeartRateBpm>
              <Value>141</Value>
            </HeartRateBpm>
            <Extensions>
              <ns3:TPX>
                <ns3:Speed>3.348863124847412</ns3:Speed>
                <ns3:RunCadence>91</ns3:RunCadence>
              </ns3:TPX>
            </Extensions>
          </Trackpoint>
          <Trackpoint>
            <Time>2026-08-03T10:30:54.000Z</Time>
            <Position>
              <LatitudeDegrees>29.81340670410723</LatitudeDegrees>
              <LongitudeDegrees>106.42605479082161</LongitudeDegrees>
            </Position>
            <AltitudeMeters>212.48292541503906</AltitudeMeters>
            <DistanceMeters>672.1735229492188</DistanceMeters>
            <HeartRateBpm>
              <Value>141</Value>
            </HeartRateBpm>
            <Extensions>
              <ns3:TPX>
                <ns3:Speed>3.349822521209717</ns3:Speed>
                <ns3:RunCadence>89</ns3:RunCadence>
              </ns3:TPX>
            </Extensions>
          </Trackpoint>
          <Trackpoint>
            <Time>2026-08-03T10:30:58.000Z</Time>
            <Position>
              <LatitudeDegrees>29.813416409263006</LatitudeDegrees>
              <LongitudeDegrees>106.42591646375598</LongitudeDegrees>
            </Position>
            <AltitudeMeters>212.2479705810547</AltitudeMeters>
            <DistanceMeters>685.5731811523438</DistanceMeters>
            <HeartRateBpm>
              <Value>141</Value>
            </HeartRateBpm>
            <Extensions>
              <ns3:TPX>
                <ns3:Speed>3.350003957748413</ns3:Speed>
                <ns3:RunCadence>91</ns3:RunCadence>
              </ns3:TPX>
            </Extensions>
          </Trackpoint>
          <Trackpoint>
            <Time>2026-08-03T10:31:03.000Z</Time>
            <Position>
              <LatitudeDegrees>29.81340648930853</LatitudeDegrees>
              <LongitudeDegrees>106.42574344144957</LongitudeDegrees>
            </Position>
            <AltitudeMeters>211.96421813964844</AltitudeMeters>
            <DistanceMeters>702.3222045898438</DistanceMeters>
            <HeartRateBpm>
              <Value>141</Value>
            </HeartRateBpm>
            <Extensions>
              <ns3:TPX>
                <ns3:Speed>3.349604606628418</ns3:Speed>
                <ns3:RunCadence>91</ns3:RunCadence>
              </ns3:TPX>
            </Extensions>
          </Trackpoint>
          <Trackpoint>
            <Time>2026-08-03T10:31:07.000Z</Time>
            <Position>
              <LatitudeDegrees>29.81337995694709</LatitudeDegrees>
              <LongitudeDegrees>106.42560812958614</LongitudeDegrees>
            </Position>
            <AltitudeMeters>211.75062561035156</AltitudeMeters>
            <DistanceMeters>715.7191162109375</DistanceMeters>
            <HeartRateBpm>
              <Value>141</Value>
            </HeartRateBpm>
            <Extensions>
              <ns3:TPX>
                <ns3:Speed>3.3488683700561523</ns3:Speed>
                <ns3:RunCadence>89</ns3:RunCadence>
              </ns3:TPX>
            </Extensions>
          </Trackpoint>
          <Trackpoint>
            <Time>2026-08-03T10:31:12.000Z</Time>
            <Position>
              <LatitudeDegrees>29.813319621994758</LatitudeDegrees>
              <LongitudeDegrees>106.42544964342773</LongitudeDegrees>
            </Position>
            <AltitudeMeters>211.50718688964844</AltitudeMeters>
            <DistanceMeters>732.4601440429688</DistanceMeters>
            <HeartRateBpm>
              <Value>141</Value>
            </HeartRateBpm>
            <Extensions>
              <ns3:TPX>
                <ns3:Speed>3.347546339035034</ns3:Speed>
                <ns3:RunCadence>90</ns3:RunCadence>
              </ns3:TPX>
            </Extensions>
          </Trackpoint>
          <Trackpoint>
            <Time>2026-08-03T10:31:16.000Z</Time>
            <Position>
              <LatitudeDegrees>29.813243751243</LatitudeDegrees>
              <LongitudeDegrees>106.42534260547055</LongitudeDegrees>
            </Position>
            <AltitudeMeters>211.3357391357422</AltitudeMeters>
            <DistanceMeters>745.8477783203125</DistanceMeters>
            <HeartRateBpm>
              <Value>141</Value>
            </HeartRateBpm>
            <Extensions>
              <ns3:TPX>
                <ns3:Speed>3.346256971359253</ns3:Speed>
                <ns3:RunCadence>90</ns3:RunCadence>
              </ns3:TPX>
            </Extensions>
          </Trackpoint>
          <Trackpoint>
            <Time>2026-08-03T10:31:21.000Z</Time>
            <Position>
              <LatitudeDegrees>29.81310842997566</LatitudeDegrees>
              <LongitudeDegrees>106.42527485116123</LongitudeDegrees>
            </Position>
            <AltitudeMeters>211.15554809570312</AltitudeMeters>
            <DistanceMeters>762.5745849609375</DistanceMeters>
            <HeartRateBpm>
              <Value>140</Value>
            </HeartRateBpm>
            <Extensions>
              <ns3:TPX>
                <ns3:Speed>3.3444766998291016</ns3:Speed>
                <ns3:RunCadence>91</ns3:RunCadence>
              </ns3:TPX>
            </Extensions>
          </Trackpoint>
          <Trackpoint>
            <Time>2026-08-03T10:31:25.000Z</Time>
            <Position>
              <LatitudeDegrees>29.812994141973483</LatitudeDegrees>
              <LongitudeDegrees>106.42531064092206</LongitudeDegrees>
            </Position>
            <AltitudeMeters>211.0415496826172</AltitudeMeters>
            <DistanceMeters>775.9495849609375</DistanceMeters>
            <HeartRateBpm>
              <Value>140</Value>
            </HeartRateBpm>
            <Extensions>
              <ns3:TPX>
                <ns3:Speed>3.3430051803588867</ns3:Speed>
                <ns3:RunCadence>91</ns3:RunCadence>
              </ns3:TPX>
            </Extensions>
          </Trackpoint>
          <Trackpoint>
            <Time>2026-08-03T10:31:30.000Z</Time>
            <Position>
              <LatitudeDegrees>29.812889446163727</LatitudeDegrees>
              <LongitudeDegrees>106.42543288698769</LongitudeDegrees>
            </Position>
            <AltitudeMeters>210.9392852783203</AltitudeMeters>
            <DistanceMeters>792.66015625</DistanceMeters>
            <HeartRateBpm>
              <Value>140</Value>
            </HeartRateBpm>
            <Extensions>
              <ns3:TPX>
                <ns3:Speed>3.341219186782837</ns3:Speed>
                <ns3:RunCadence>89</ns3:RunCadence>
              </ns3:TPX>
            </Extensions>
          </Trackpoint>
          <Trackpoint>
            <Time>2026-08-03T10:31:34.000Z</Time>
            <Position>
              <LatitudeDegrees>29.81283547754469</LatitudeDegrees>
              <LongitudeDegrees>106.42555633914876</LongitudeDegrees>
            </Position>
            <AltitudeMeters>210.8905487060547</AltitudeMeters>
            <DistanceMeters>806.0223999023438</DistanceMeters>
            <HeartRateBpm>
              <Value>141</Value>
            </HeartRateBpm>
            <Extensions>
              <ns3:TPX>
                <ns3:Speed>3.3399100303649902</ns3:Speed>
                <ns3:RunCadence>90</ns3:RunCadence>
              </ns3:TPX>
            </Extensions>
          </Trackpoint>
          <Trackpoint>
            <Time>2026-08-03T10:31:39.000Z</Time>
            <Position>
              <LatitudeDegrees>29.812796402679144</LatitudeDegrees>
              <LongitudeDegrees>106.42572313681046</LongitudeDegrees>
            </Position>
            <AltitudeMeters>210.8707733154297</AltitudeMeters>
            <DistanceMeters>822.7184448242188</DistanceMeters>
            <HeartRateBpm>
              <Value>140</Value>
            </HeartRateBpm>
            <Extensions>
              <ns3:TPX>
                <ns3:Speed>3.338517904281616</ns3:Speed>
                <ns3:RunCadence>90</ns3:RunCadence>
              </ns3:TPX>
            </Extensions>
          </Trackpoint>
          <Trackpoint>
            <Time>2026-08-03T10:31:43.000Z</Time>
            <Position>
              <LatitudeDegrees>29.81278406812064</LatitudeDegrees>
              <LongitudeDegrees>106.42586069056607</LongitudeDegrees>
            </Position>
            <AltitudeMeters>210.88671875</AltitudeMeters>
            <DistanceMeters>836.07080078125</DistanceMeters>
            <HeartRateBpm>
              <Value>140</Value>
            </HeartRateBpm>
            <Extensions>
              <ns3:TPX>
                <ns3:Speed>3.337660312652588</ns3:Speed>
                <ns3:RunCadence>89</ns3:RunCadence>
              </ns3:TPX>
            </Extensions>
          </Trackpoint>
          <Trackpoint>
            <Time>2026-08-03T10:31:48.000Z</Time>
            <Position>
              <LatitudeDegrees>29.812790682453482</LatitudeDegrees>
              <LongitudeDegrees>106.4260332830008</LongitudeDegrees>
            </Position>
            <AltitudeMeters>210.94354248046875</AltitudeMeters>
            <DistanceMeters>852.7573852539062</DistanceMeters>
            <HeartRateBpm>
              <Value>139</Value>
            </HeartRateBpm>
            <Extensions>
              <ns3:TPX>
                <ns3:Speed>3.336975336074829</ns3:Speed>
                <ns3:RunCadence>90</ns3:RunCadence>
              </ns3:TPX>
            </Extensions>
          </Trackpoint>
          <Trackpoint>
            <Time>2026-08-03T10:31:52.000Z</Time>
            <Position>
              <LatitudeDegrees>29.812814215045126</LatitudeDegrees>
              <LongitudeDegrees>106.42616881643589</LongitudeDegrees>
            </Position>
            <AltitudeMeters>211.0155792236328</AltitudeMeters>
            <DistanceMeters>866.1049194335938</DistanceMeters>
            <HeartRateBpm>
              <Value>139</Value>
            </HeartRateBpm>
            <Extensions>
              <ns3:TPX>
                <ns3:Speed>3.336775779724121</ns3:Speed>
                <ns3:RunCadence>89</ns3:RunCadence>
              </ns3:TPX>
            </Extensions>
          </Trackpoint>
          <Trackpoint>
            <Time>2026-08-03T10:31:57.000Z</Time>
            <Position>
              <LatitudeDegrees>29.812869718536348</LatitudeDegrees>
              <LongitudeDegrees>106.42632904695135</LongitudeDegrees>
            </Position>
            <AltitudeMeters>211.1338348388672</AltitudeMeters>
            <DistanceMeters>882.7893676757812</DistanceMeters>
            <HeartRateBpm>
              <Value>139</Value>
            </HeartRateBpm>
            <Extensions>
              <ns3:TPX>
                <ns3:Speed>3.3369970321655273</ns3:Speed>
                <ns3:RunCadence>90</ns3:RunCadence>
              </ns3:TPX>
            </Extensions>
          </Trackpoint>
          <Trackpoint>
            <Time>2026-08-03T10:32:01.000Z</Time>
            <Position>
              <LatitudeDegrees>29.812940445815993</LatitudeDegrees>
              <LongitudeDegrees>106.4264402706036</LongitudeDegrees>
            </Position>
            <AltitudeMeters>211.24671936035156</AltitudeMeters>
            <DistanceMeters>896.1384887695312</DistanceMeters>
            <HeartRateBpm>
              <Value>139</Value>
            </HeartRateBpm>
            <Extensions>
              <ns3:TPX>
                <ns3:Speed>3.3375637531280518</ns3:Speed>
                <ns3:RunCadence>90</ns3:RunCadence>
              </ns3:TPX>
            </Extensions>
          </Trackpoint>
          <Trackpoint>
            <Time>2026-08-03T10:32:06.000Z</Time>
            <Position>
              <LatitudeDegrees>29.813069685057453</LatitudeDegrees>
              <LongitudeDegrees>106.4265225905013</LongitudeDegrees>
            </Position>
            <AltitudeMeters>211.404296875</AltitudeMeters>
            <DistanceMeters>912.8292846679688</DistanceMeters>
            <HeartRateBpm>
              <Value>138</Value>
            </HeartRateBpm>
            <Extensions>
              <ns3:TPX>
                <ns3:Speed>3.3387584686279297</ns3:Speed>
                <ns3:RunCadence>90</ns3:RunCadence>
              </ns3:TPX>
            </Extensions>
          </Trackpoint>
          <Trackpoint>
            <Time>2026-08-03T10:32:10.000Z</Time>
            <Position>
              <LatitudeDegrees>29.813186433086926</LatitudeDegrees>
              <LongitudeDegrees>106.42650164450222</LongitudeDegrees>
            </Position>
            <AltitudeMeters>211.53851318359375</AltitudeMeters>
            <DistanceMeters>926.1869506835938</DistanceMeters>
            <HeartRateBpm>
              <Value>137</Value>
            </HeartRateBpm>
            <Extensions>
              <ns3:TPX>
                <ns3:Speed>3.340089797973633</ns3:Speed>
                <ns3:RunCadence>90</ns3:RunCadence>
              </ns3:TPX>
            </Extensions>
          </Trackpoint>
          <Trackpoint>
            <Time>2026-08-03T10:32:15.000Z</Time>
            <Position>
              <LatitudeDegrees>29.813297933418987</LatitudeDegrees>
              <LongitudeDegrees>106.42638818221153</LongitudeDegrees>
            </Position>
            <AltitudeMeters>211.7096405029297</AltitudeMeters>
            <DistanceMeters>942.8926391601562</DistanceMeters>
            <HeartRateBpm>
              <Value>137</Value>
            </HeartRateBpm>
            <Extensions>
              <ns3:TPX>
                <ns3:Speed>3.3421874046325684</ns3:Speed>
                <ns3:RunCadence>91</ns3:RunCadence>
              </ns3:TPX>
            </Extensions>
          </Trackpoint>
          <Trackpoint>
            <Time>2026-08-03T10:32:19.000Z</Time>
            <Position>
              <LatitudeDegrees>29.813356290386338</LatitudeDegrees>
              <LongitudeDegrees>106.4262673261734</LongitudeDegrees>
            </Position>
            <AltitudeMeters>211.84423828125</AltitudeMeters>
            <DistanceMeters>956.265380859375</DistanceMeters>
            <HeartRateBpm>
              <Value>136</Value>
            </HeartRateBpm>
            <Extensions>
              <ns3:TPX>
                <ns3:Speed>3.344172954559326</ns3:Speed>
                <ns3:RunCadence>89</ns3:RunCadence>
              </ns3:TPX>
            </Extensions>
          </Trackpoint>
          <Trackpoint>
            <Time>2026-08-03T10:32:24.000Z</Time>
            <Position>
              <LatitudeDegrees>29.813399644104372</LatitudeDegrees>
              <LongitudeDegrees>106.42610161025267</LongitudeDegrees>
            </Position>
            <AltitudeMeters>212.00323486328125</AltitudeMeters>
            <DistanceMeters>972.9932250976562</DistanceMeters>
            <HeartRateBpm>
              <Value>136</Value>
            </HeartRateBpm>
            <Extensions>
              <ns3:TPX>
                <ns3:Speed>3.346970319747925</ns3:Speed>
                <ns3:RunCadence>89</ns3:RunCadence>
              </ns3:TPX>
            </Extensions>
          </Trackpoint>
          <Trackpoint>
            <Time>2026-08-03T10:32:28.000Z</Time>
            <Position>
              <LatitudeDegrees>29.813414947178615</LatitudeDegrees>
              <LongitudeDegrees>106.42596402996784</LongitudeDegrees>
            </Position>
            <AltitudeMeters>212.11878967285156</AltitudeMeters>
            <DistanceMeters>986.385986328125</DistanceMeters>
            <HeartRateBpm>
              <Value>136</Value>
            </HeartRateBpm>
            <Extensions>
              <ns3:TPX>
                <ns3:Speed>3.3493990898132324</ns3:Speed>
                <ns3:RunCadence>89</ns3:RunCadence>
              </ns3:TPX>
            </Extensions>
          </Trackpoint>
          <Trackpoint>
            <Time>2026-08-03T10:32:33.000Z</Time>
            <Position>
              <LatitudeDegrees>29.81341164722871</LatitudeDegrees>
              <LongitudeDegrees>106.42579060217888</LongitudeDegrees>
            </Position>
            <AltitudeMeters>212.24378967285156</AltitudeMeters>
            <DistanceMeters>1003.1409301757812</DistanceMeters>
            <HeartRateBpm>
              <Value>136</Value>
            </HeartRateBpm>
            <Extensions>
              <ns3:TPX>
                <ns3:Speed>3.3525774478912354</ns3:Speed>
                <ns3:RunCadence>91</ns3:RunCadence>
              </ns3:TPX>
            </Extensions>
          </Trackpoint>
        </Track>
        <Extensions>
          <ns3:LX>
            <ns3:AvgSpeed>3.1341803073883057</ns3:AvgSpeed>
            <ns3:AvgRunCadence>88</ns3:AvgRunCadence>
            <ns3:MaxRunCadence>91</ns3:MaxRunCadence>
          </ns3:LX>
        </Extensions>
      </Lap>
      <Lap StartTime="2026-08-03T10:32:32.000Z">
        <TotalTimeSeconds>312.770</TotalTimeSeconds>
        <DistanceMeters>1000.0</DistanceMeters>
        <MaximumSpeed>3.367945671081543</MaximumSpeed>
        <Calories>61</Calories>
        <AverageHeartRateBpm>
          <Value>137</Value>
        </AverageHeartRateBpm>
        <MaximumHeartRateBpm>
          <Value>139</Value>
        </MaximumHeartRateBpm>
        <Intensity>Active</Intensity>
        <TriggerMethod>Manual</TriggerMethod>
        <Track>
          <Trackpoint>
            <Time>2026-08-03T10:32:33.000Z</Time>
            <Position>
              <LatitudeDegrees>29.81341164722871</LatitudeDegrees>
              <LongitudeDegrees>106.42579060217888</LongitudeDegrees>
            </Position>
            <AltitudeMeters>212.24378967285156</AltitudeMeters>
            <DistanceMeters>1003.1409301757812</DistanceMeters>
            <HeartRateBpm>
              <Value>136</Value>
            </HeartRateBpm>
            <Extensions>
              <ns3:TPX>
                <ns3:Speed>3.3525774478912354</ns3:Speed>
                <ns3:RunCadence>91</ns3:RunCadence>
              </ns3:TPX>
            </Extensions>
          </Trackpoint>
          <Trackpoint>
            <Time>2026-08-03T10:32:37.000Z</Time>
            <Position>
              <LatitudeDegrees>29.813390968994145</LatitudeDegrees>
              <LongitudeDegrees>106.42565373408306</LongitudeDegrees>
            </Position>
            <AltitudeMeters>212.3253173828125</AltitudeMeters>
            <DistanceMeters>1016.556396484375</DistanceMeters>
            <HeartRateBpm>
              <Value>136</Value>
            </HeartRateBpm>
            <Extensions>
              <ns3:TPX>
                <ns3:Speed>3.3551552295684814</ns3:Speed>
                <ns3:RunCadence>91</ns3:RunCadence>
              </ns3:TPX>
            </Extensions>
          </Trackpoint>
          <Trackpoint>
            <Time>2026-08-03T10:32:42.000Z</Time>
            <Position>
              <LatitudeDegrees>29.81333930832502</LatitudeDegrees>
              <LongitudeDegrees>106.42549067440059</LongitudeDegrees>
            </Position>
            <AltitudeMeters>212.40139770507812</AltitudeMeters>
            <DistanceMeters>1033.340087890625</DistanceMeters>
            <HeartRateBpm>
              <Value>135</Value>
            </HeartRateBpm>
            <Extensions>
              <ns3:TPX>
                <ns3:Speed>3.358306646347046</ns3:Speed>
                <ns3:RunCadence>89</ns3:RunCadence>
              </ns3:TPX>
            </Extensions>
          </Trackpoint>
          <Trackpoint>
            <Time>2026-08-03T10:32:46.000Z</Time>
            <Position>
              <LatitudeDegrees>29.81327234496177</LatitudeDegrees>
              <LongitudeDegrees>106.42537521592219</LongitudeDegrees>
            </Position>
            <AltitudeMeters>212.4405059814453</AltitudeMeters>
            <DistanceMeters>1046.7779541015625</DistanceMeters>
            <HeartRateBpm>
              <Value>135</Value>
            </HeartRateBpm>
            <Extensions>
              <ns3:TPX>
                <ns3:Speed>3.3606820106506348</ns3:Speed>
                <ns3:RunCadence>91</ns3:RunCadence>
              </ns3:TPX>
            </Extensions>
          </Trackpoint>
          <Trackpoint>
            <Time>2026-08-03T10:32:51.000Z</Time>
            <Position>
              <LatitudeDegrees>29.813147408535364</LatitudeDegrees>
              <LongitudeDegrees>106.4252815648012</LongitudeDegrees>
            </Position>
            <AltitudeMeters>212.46202087402344</AltitudeMeters>
            <DistanceMeters>1063.588134765625</DistanceMeters>
            <HeartRateBpm>
              <Value>135</Value>
            </HeartRateBpm>
            <Extensions>
              <ns3:TPX>
                <ns3:Speed>3.363344430923462</ns3:Speed>
                <ns3:RunCadence>91</ns3:RunCadence>
              </ns3:TPX>
            </Extensions>
          </Trackpoint>
          <Trackpoint>
            <Time>2026-08-03T10:32:55.000Z</Time>
            <Position>
              <LatitudeDegrees>29.81302873823584</LatitudeDegrees>
              <LongitudeDegrees>106.42529066179962</LongitudeDegrees>
            </Position>
            <AltitudeMeters>212.45816040039062</AltitudeMeters>
            <DistanceMeters>1077.0450439453125</DistanceMeters>
            <HeartRateBpm>
              <Value>135</Value>
            </HeartRateBpm>
            <Extensions>
              <ns3:TPX>
                <ns3:Speed>3.3651368618011475</ns3:Speed>
                <ns3:RunCadence>89</ns3:RunCadence>
              </ns3:TPX>
            </Extensions>
          </Trackpoint>
          <Trackpoint>
            <Time>2026-08-03T10:33:00.000Z</Time>
            <Position>
              <LatitudeDegrees>29.812911428295607</LatitudeDegrees>
              <LongitudeDegrees>106.4253976248081</LongitudeDegrees>
            </Position>
            <AltitudeMeters>212.42938232421875</AltitudeMeters>
            <DistanceMeters>1093.875</DistanceMeters>
            <HeartRateBpm>
              <Value>135</Value>
            </HeartRateBpm>
            <Extensions>
              <ns3:TPX>
                <ns3:Speed>3.366832971572876</ns3:Speed>
                <ns3:RunCadence>90</ns3:RunCadence>
              </ns3:TPX>
            </Extensions>
          </Trackpoint>
          <Trackpoint>
            <Time>2026-08-03T10:33:04.000Z</Time>
            <Position>
              <LatitudeDegrees>29.812849662810134</LatitudeDegrees>
              <LongitudeDegrees>106.42551730504948</LongitudeDegrees>
            </Position>
            <AltitudeMeters>212.38986206054688</AltitudeMeters>
            <DistanceMeters>1107.343994140625</DistanceMeters>
            <HeartRateBpm>
              <Value>135</Value>
            </HeartRateBpm>
            <Extensions>
              <ns3:TPX>
                <ns3:Speed>3.3676669597625732</ns3:Speed>
                <ns3:RunCadence>90</ns3:RunCadence>
              </ns3:TPX>
            </Extensions>
          </Trackpoint>
          <Trackpoint>
            <Time>2026-08-03T10:33:09.000Z</Time>
            <Position>
              <LatitudeDegrees>29.812803108065157</LatitudeDegrees>
              <LongitudeDegrees>106.42568303423857</LongitudeDegrees>
            </Position>
            <AltitudeMeters>212.3243408203125</AltitudeMeters>
            <DistanceMeters>1124.1829833984375</DistanceMeters>
            <HeartRateBpm>
              <Value>136</Value>
            </HeartRateBpm>
            <Extensions>
              <ns3:TPX>
                <ns3:Speed>3.367945671081543</ns3:Speed>
                <ns3:RunCadence>91</ns3:RunCadence>
              </ns3:TPX>
            </Extensions>
          </Trackpoint>
          <Trackpoint>
            <Time>2026-08-03T10:33:13.000Z</Time>
            <Position>
              <LatitudeDegrees>29.812786004489393</LatitudeDegrees>
              <LongitudeDegrees>106.42582114028082</LongitudeDegrees>
            </Position>
            <AltitudeMeters>212.26300048828125</AltitudeMeters>
            <DistanceMeters>1137.65380859375</DistanceMeters>
            <HeartRateBpm>
              <Value>135</Value>
            </HeartRateBpm>
            <Extensions>
              <ns3:TPX>
                <ns3:Speed>3.367482900619507</ns3:Speed>
                <ns3:RunCadence>90</ns3:RunCadence>
              </ns3:TPX>
            </Extensions>
          </Trackpoint>
          <Trackpoint>
            <Time>2026-08-03T10:33:18.000Z</Time>
            <Position>
              <LatitudeDegrees>29.81278710766662</LatitudeDegrees>
              <LongitudeDegrees>106.42599541566202</LongitudeDegrees>
            </Position>
            <AltitudeMeters>212.1810760498047</AltitudeMeters>
            <DistanceMeters>1154.4874267578125</DistanceMeters>
            <HeartRateBpm>
              <Value>135</Value>
            </HeartRateBpm>
            <Extensions>
              <ns3:TPX>
                <ns3:Speed>3.3659591674804688</ns3:Speed>
                <ns3:RunCadence>89</ns3:RunCadence>
              </ns3:TPX>
            </Extensions>
          </Trackpoint>
          <Trackpoint>
            <Time>2026-08-03T10:33:22.000Z</Time>
            <Position>
              <LatitudeDegrees>29.8128062599553</LatitudeDegrees>
              <LongitudeDegrees>106.4261330481568</LongitudeDegrees>
            </Position>
            <AltitudeMeters>212.1159210205078</AltitudeMeters>
            <DistanceMeters>1167.947265625</DistanceMeters>
            <HeartRateBpm>
              <Value>136</Value>
            </HeartRateBpm>
            <Extensions>
              <ns3:TPX>
                <ns3:Speed>3.3639285564422607</ns3:Speed>
                <ns3:RunCadence>90</ns3:RunCadence>
              </ns3:TPX>
            </Extensions>
          </Trackpoint>
          <Trackpoint>
            <Time>2026-08-03T10:33:27.000Z</Time>
            <Position>
              <LatitudeDegrees>29.812855538148447</LatitudeDegrees>
              <LongitudeDegrees>106.42629740375779</LongitudeDegrees>
            </Position>
            <AltitudeMeters>212.0411376953125</AltitudeMeters>
            <DistanceMeters>1184.7578125</DistanceMeters>
            <HeartRateBpm>
              <Value>136</Value>
            </HeartRateBpm>
            <Extensions>
              <ns3:TPX>
                <ns3:Speed>3.3603177070617676</ns3:Speed>
                <ns3:RunCadence>90</ns3:RunCadence>
              </ns3:TPX>
            </Extensions>
          </Trackpoint>
          <Trackpoint>
            <Time>2026-08-03T10:33:31.000Z</Time>
            <Position>
              <LatitudeDegrees>29.812920145387405</LatitudeDegrees>
              <LongitudeDegrees>106.42641460173822</LongitudeDegrees>
            </Position>
            <AltitudeMeters>211.99105834960938</AltitudeMeters>
            <DistanceMeters>1198.1915283203125</DistanceMeters>
            <HeartRateBpm>
              <Value>135</Value>
            </HeartRateBpm>
            <Extensions>
              <ns3:TPX>
                <ns3:Speed>3.3565406799316406</ns3:Speed>
                <ns3:RunCadence>89</ns3:RunCadence>
              </ns3:TPX>
            </Extensions>
          </Trackpoint>
          <Trackpoint>
            <Time>2026-08-03T10:33:36.000Z</Time>
            <Position>
              <LatitudeDegrees>29.81304113160098</LatitudeDegrees>
              <LongitudeDegrees>106.42651446391187</LongitudeDegrees>
            </Position>
            <AltitudeMeters>211.94601440429688</AltitudeMeters>
            <DistanceMeters>1214.9595947265625</DistanceMeters>
            <HeartRateBpm>
              <Value>135</Value>
            </HeartRateBpm>
            <Extensions>
              <ns3:TPX>
                <ns3:Speed>3.350686550140381</ns3:Speed>
                <ns3:RunCadence>90</ns3:RunCadence>
              </ns3:TPX>
            </Extensions>
          </Trackpoint>
          <Trackpoint>
            <Time>2026-08-03T10:33:40.000Z</Time>
            <Position>
              <LatitudeDegrees>29.813159456399337</LatitudeDegrees>
              <LongitudeDegrees>106.42651424859294</LongitudeDegrees>
            </Position>
            <AltitudeMeters>211.92745971679688</AltitudeMeters>
            <DistanceMeters>1228.3511962890625</DistanceMeters>
            <HeartRateBpm>
              <Value>136</Value>
            </HeartRateBpm>
            <Extensions>
              <ns3:TPX>
                <ns3:Speed>3.345094680786133</ns3:Speed>
                <ns3:RunCadence>89</ns3:RunCadence>
              </ns3:TPX>
            </Extensions>
          </Trackpoint>
          <Trackpoint>
            <Time>2026-08-03T10:33:45.000Z</Time>
            <Position>
              <LatitudeDegrees>29.813279888099352</LatitudeDegrees>
              <LongitudeDegrees>106.4264145562661</LongitudeDegrees>
            </Position>
            <AltitudeMeters>211.9296875</AltitudeMeters>
            <DistanceMeters>1245.056396484375</DistanceMeters>
            <HeartRateBpm>
              <Value>136</Value>
            </HeartRateBpm>
            <Extensions>
              <ns3:TPX>
                <ns3:Speed>3.3369863033294678</ns3:Speed>
                <ns3:RunCadence>89</ns3:RunCadence>
              </ns3:TPX>
            </Extensions>
          </Trackpoint>
          <Trackpoint>
            <Time>2026-08-03T10:33:49.000Z</Time>
            <Position>
              <LatitudeDegrees>29.813344082124402</LatitudeDegrees>
              <LongitudeDegrees>106.42629828219451</LongitudeDegrees>
            </Position>
            <AltitudeMeters>211.95367431640625</AltitudeMeters>
            <DistanceMeters>1258.3896484375</DistanceMeters>
            <HeartRateBpm>
              <Value>136</Value>
            </HeartRateBpm>
            <Extensions>
              <ns3:TPX>
                <ns3:Speed>3.3296315670013428</ns3:Speed>
                <ns3:RunCadence>90</ns3:RunCadence>
              </ns3:TPX>
            </Extensions>
          </Trackpoint>
          <Trackpoint>
            <Time>2026-08-03T10:33:54.000Z</Time>
            <Position>
              <LatitudeDegrees>29.813393143094416</LatitudeDegrees>
              <LongitudeDegrees>106.42613589557712</LongitudeDegrees>
            </Position>
            <AltitudeMeters>212.01258850097656</AltitudeMeters>
            <DistanceMeters>1275.01220703125</DistanceMeters>
            <HeartRateBpm>
              <Value>136</Value>
            </HeartRateBpm>
            <Extensions>
              <ns3:TPX>
                <ns3:Speed>3.319408655166626</ns3:Speed>
                <ns3:RunCadence>89</ns3:RunCadence>
              </ns3:TPX>
            </Extensions>
          </Trackpoint>
          <Trackpoint>
            <Time>2026-08-03T10:33:58.000Z</Time>
            <Position>
              <LatitudeDegrees>29.813412491689885</LatitudeDegrees>
              <LongitudeDegrees>106.42600039558292</LongitudeDegrees>
            </Position>
            <AltitudeMeters>212.08277893066406</AltitudeMeters>
            <DistanceMeters>1288.27197265625</DistanceMeters>
            <HeartRateBpm>
              <Value>136</Value>
            </HeartRateBpm>
            <Extensions>
              <ns3:TPX>
                <ns3:Speed>3.310462236404419</ns3:Speed>
                <ns3:RunCadence>89</ns3:RunCadence>
              </ns3:TPX>
            </Extensions>
          </Trackpoint>
          <Trackpoint>
            <Time>2026-08-03T10:34:03.000Z</Time>
            <Position>
              <LatitudeDegrees>29.813414542205685</LatitudeDegrees>
              <LongitudeDegrees>106.42582934481247</LongitudeDegrees>
            </Position>
            <AltitudeMeters>212.1979522705078</AltitudeMeters>
            <DistanceMeters>1304.794189453125</DistanceMeters>
            <HeartRateBpm>
              <Value>137</Value>
            </HeartRateBpm>
            <Extensions>
              <ns3:TPX>
                <ns3:Speed>3.2984108924865723</ns3:Speed>
                <ns3:RunCadence>90</ns3:RunCadence>
              </ns3:TPX>
            </Extensions>
          </Trackpoint>
          <Trackpoint>
            <Time>2026-08-03T10:34:07.000Z</Time>
            <Position>
              <LatitudeDegrees>29.813398877780816</LatitudeDegrees>
              <LongitudeDegrees>106.42569411410663</LongitudeDegrees>
            </Position>
            <AltitudeMeters>212.31007385253906</AltitudeMeters>
            <DistanceMeters>1317.96728515625</DistanceMeters>
            <HeartRateBpm>
              <Value>137</Value>
            </HeartRateBpm>
            <Extensions>
              <ns3:TPX>
                <ns3:Speed>3.2881548404693604</ns3:Speed>
                <ns3:RunCadence>89</ns3:RunCadence>
              </ns3:TPX>
            </Extensions>
          </Trackpoint>
          <Trackpoint>
            <Time>2026-08-03T10:34:12.000Z</Time>
            <Position>
              <LatitudeDegrees>29.813355934326083</LatitudeDegrees>
              <LongitudeDegrees>106.42553171701238</LongitudeDegrees>
            </Position>
            <AltitudeMeters>212.47140502929688</AltitudeMeters>
            <DistanceMeters>1334.3743896484375</DistanceMeters>
            <HeartRateBpm>
              <Value>137</Value>
            </HeartRateBpm>
            <Extensions>
              <ns3:TPX>
                <ns3:Speed>3.2746877670288086</ns3:Speed>
                <ns3:RunCadence>90</ns3:RunCadence>
              </ns3:TPX>
            </Extensions>
          </Trackpoint>
          <Trackpoint>
            <Time>2026-08-03T10:34:16.000Z</Time>
            <Position>
              <LatitudeDegrees>29.813298999579928</LatitudeDegrees>
              <LongitudeDegrees>106.42541343415918</LongitudeDegrees>
            </Position>
            <AltitudeMeters>212.6138916015625</AltitudeMeters>
            <DistanceMeters>1347.4508056640625</DistanceMeters>
            <HeartRateBpm>
              <Value>138</Value>
            </HeartRateBpm>
            <Extensions>
              <ns3:TPX>
                <ns3:Speed>3.263495922088623</ns3:Speed>
                <ns3:RunCadence>89</ns3:RunCadence>
              </ns3:TPX>
            </Extensions>
          </Trackpoint>
          <Trackpoint>
            <Time>2026-08-03T10:34:21.000Z</Time>
            <Position>
              <LatitudeDegrees>29.81319140485147</LatitudeDegrees>
              <LongitudeDegrees>106.42530126523067</LongitudeDegrees>
            </Position>
            <AltitudeMeters>212.80323791503906</AltitudeMeters>
            <DistanceMeters>1363.7322998046875</DistanceMeters>
            <HeartRateBpm>
              <Value>138</Value>
            </HeartRateBpm>
            <Extensions>
              <ns3:TPX>
                <ns3:Speed>3.24912691116333</ns3:Speed>
                <ns3:RunCadence>88</ns3:RunCadence>
              </ns3:TPX>
            </Extensions>
          </Trackpoint>
          <Trackpoint>
            <Time>2026-08-03T10:34:25.000Z</Time>
            <Position>
              <LatitudeDegrees>29.813078638433165</LatitudeDegrees>
              <LongitudeDegrees>106.42527601727605</LongitudeDegrees>
            </Position>
            <AltitudeMeters>212.95919799804688</AltitudeMeters>
            <DistanceMeters>1376.7054443359375</DistanceMeters>
            <HeartRateBpm>
              <Value>138</Value>
            </HeartRateBpm>
            <Extensions>
              <ns3:TPX>
                <ns3:Speed>3.2374401092529297</ns3:Speed>
                <ns3:RunCadence>90</ns3:RunCadence>
              </ns3:TPX>
            </Extensions>
          </Trackpoint>
          <Trackpoint>
            <Time>2026-08-03T10:34:30.000Z</Time>
            <Position>
              <LatitudeDegrees>29.812950539455198</LatitudeDegrees>
              <LongitudeDegrees>106.4253487301749</LongitudeDegrees>
            </Position>
            <AltitudeMeters>213.15325927734375</AltitudeMeters>
            <DistanceMeters>1392.85595703125</DistanceMeters>
            <HeartRateBpm>
              <Value>137</Value>
            </HeartRateBpm>
            <Extensions>
              <ns3:TPX>
                <ns3:Speed>3.2227470874786377</ns3:Speed>
                <ns3:RunCadence>88</ns3:RunCadence>
              </ns3:TPX>
            </Extensions>
          </Trackpoint>
          <Trackpoint>
            <Time>2026-08-03T10:34:34.000Z</Time>
            <Position>
              <LatitudeDegrees>29.81287874270286</LatitudeDegrees>
              <LongitudeDegrees>106.42545270952408</LongitudeDegrees>
            </Position>
            <AltitudeMeters>213.3029327392578</AltitudeMeters>
            <DistanceMeters>1405.7235107421875</DistanceMeters>
            <HeartRateBpm>
              <Value>136</Value>
            </HeartRateBpm>
            <Extensions>
              <ns3:TPX>
                <ns3:Speed>3.2110414505004883</ns3:Speed>
                <ns3:RunCadence>89</ns3:RunCadence>
              </ns3:TPX>
            </Extensions>
          </Trackpoint>
          <Trackpoint>
            <Time>2026-08-03T10:34:39.000Z</Time>
            <Position>
              <LatitudeDegrees>29.812821060538308</LatitudeDegrees>
              <LongitudeDegrees>106.4256044270311</LongitudeDegrees>
            </Position>
            <AltitudeMeters>213.47662353515625</AltitudeMeters>
            <DistanceMeters>1421.74267578125</DistanceMeters>
            <HeartRateBpm>
              <Value>137</Value>
            </HeartRateBpm>
            <Extensions>
              <ns3:TPX>
                <ns3:Speed>3.1966261863708496</ns3:Speed>
                <ns3:RunCadence>89</ns3:RunCadence>
              </ns3:TPX>
            </Extensions>
          </Trackpoint>
          <Trackpoint>
            <Time>2026-08-03T10:34:43.000Z</Time>
            <Position>
              <LatitudeDegrees>29.812794905624543</LatitudeDegrees>
              <LongitudeDegrees>106.42573312232693</LongitudeDegrees>
            </Position>
            <AltitudeMeters>213.6002960205078</AltitudeMeters>
            <DistanceMeters>1434.5067138671875</DistanceMeters>
            <HeartRateBpm>
              <Value>136</Value>
            </HeartRateBpm>
            <Extensions>
              <ns3:TPX>
                <ns3:Speed>3.185379981994629</ns3:Speed>
                <ns3:RunCadence>89</ns3:RunCadence>
              </ns3:TPX>
            </Extensions>
          </Trackpoint>
          <Trackpoint>
            <Time>2026-08-03T10:34:48.000Z</Time>
            <Position>
              <LatitudeDegrees>29.81278341034066</LatitudeDegrees>
              <LongitudeDegrees>106.42589714748016</LongitudeDegrees>
            </Position>
            <AltitudeMeters>213.7301483154297</AltitudeMeters>
            <DistanceMeters>1450.399658203125</DistanceMeters>
            <HeartRateBpm>
              <Value>137</Value>
            </HeartRateBpm>
            <Extensions>
              <ns3:TPX>
                <ns3:Speed>3.1718251705169678</ns3:Speed>
                <ns3:RunCadence>88</ns3:RunCadence>
              </ns3:TPX>
            </Extensions>
          </Trackpoint>
          <Trackpoint>
            <Time>2026-08-03T10:34:52.000Z</Time>
            <Position>
              <LatitudeDegrees>29.81279010959369</LatitudeDegrees>
              <LongitudeDegrees>106.42602812613467</LongitudeDegrees>
            </Position>
            <AltitudeMeters>213.81056213378906</AltitudeMeters>
            <DistanceMeters>1463.0662841796875</DistanceMeters>
            <HeartRateBpm>
              <Value>137</Value>
            </HeartRateBpm>
            <Extensions>
              <ns3:TPX>
                <ns3:Speed>3.1614842414855957</ns3:Speed>
                <ns3:RunCadence>88</ns3:RunCadence>
              </ns3:TPX>
            </Extensions>
          </Trackpoint>
          <Trackpoint>
            <Time>2026-08-03T10:34:57.000Z</Time>
            <Position>
              <LatitudeDegrees>29.812818986240856</LatitudeDegrees>
              <LongitudeDegrees>106.42618802475201</LongitudeDegrees>
            </Position>
            <AltitudeMeters>213.87759399414062</AltitudeMeters>
            <DistanceMeters>1478.84326171875</DistanceMeters>
            <HeartRateBpm>
              <Value>137</Value>
            </HeartRateBpm>
            <Extensions>
              <ns3:TPX>
                <ns3:Speed>3.1493115425109863</ns3:Speed>
                <ns3:RunCadence>87</ns3:RunCadence>
              </ns3:TPX>
            </Extensions>
          </Trackpoint>
          <Trackpoint>
            <Time>2026-08-03T10:35:01.000Z</Time>
            <Position>
              <LatitudeDegrees>29.812860588470762</LatitudeDegrees>
              <LongitudeDegrees>106.42630908685331</LongitudeDegrees>
            </Position>
            <AltitudeMeters>213.9020233154297</AltitudeMeters>
            <DistanceMeters>1491.4224853515625</DistanceMeters>
            <HeartRateBpm>
              <Value>136</Value>
            </HeartRateBpm>
            <Extensions>
              <ns3:TPX>
                <ns3:Speed>3.140258312225342</ns3:Speed>
                <ns3:RunCadence>87</ns3:RunCadence>
              </ns3:TPX>
            </Extensions>
          </Trackpoint>
          <Trackpoint>
            <Time>2026-08-03T10:35:06.000Z</Time>
            <Position>
              <LatitudeDegrees>29.81294136847746</LatitudeDegrees>
              <LongitudeDegrees>106.42644138772259</LongitudeDegrees>
            </Position>
            <AltitudeMeters>213.89376831054688</AltitudeMeters>
            <DistanceMeters>1507.0977783203125</DistanceMeters>
            <HeartRateBpm>
              <Value>136</Value>
            </HeartRateBpm>
            <Extensions>
              <ns3:TPX>
                <ns3:Speed>3.129892110824585</ns3:Speed>
                <ns3:RunCadence>87</ns3:RunCadence>
              </ns3:TPX>
            </Extensions>
          </Trackpoint>
          <Trackpoint>
            <Time>2026-08-03T10:35:10.000Z</Time>
            <Position>
              <LatitudeDegrees>29.813034596429585</LatitudeDegrees>
              <LongitudeDegrees>106.42651207080753</LongitudeDegrees>
            </Position>
            <AltitudeMeters>213.85520935058594</AltitudeMeters>
            <DistanceMeters>1519.6024169921875</DistanceMeters>
            <HeartRateBpm>
              <Value>136</Value>
            </HeartRateBpm>
            <Extensions>
              <ns3:TPX>
                <ns3:Speed>3.122417449951172</ns3:Speed>
                <ns3:RunCadence>88</ns3:RunCadence>
              </ns3:TPX>
            </Extensions>
          </Trackpoint>
          <Trackpoint>
            <Time>2026-08-03T10:35:15.000Z</Time>
            <Position>
              <LatitudeDegrees>29.813171599711236</LatitudeDegrees>
              <LongitudeDegrees>106.42650917789793</LongitudeDegrees>
            </Position>
            <AltitudeMeters>213.766845703125</AltitudeMeters>
            <DistanceMeters>1535.19384765625</DistanceMeters>
            <HeartRateBpm>
              <Value>135</Value>
            </HeartRateBpm>
            <Extensions>
              <ns3:TPX>
                <ns3:Speed>3.1141555309295654</ns3:Speed>
                <ns3:RunCadence>87</ns3:RunCadence>
              </ns3:TPX>
            </Extensions>
          </Trackpoint>
          <Trackpoint>
            <Time>2026-08-03T10:35:19.000Z</Time>
            <Position>
              <LatitudeDegrees>29.81326287341256</LatitudeDegrees>
              <LongitudeDegrees>106.42643625182386</LongitudeDegrees>
            </Position>
            <AltitudeMeters>213.6645965576172</AltitudeMeters>
            <DistanceMeters>1547.6390380859375</DistanceMeters>
            <HeartRateBpm>
              <Value>135</Value>
            </HeartRateBpm>
            <Extensions>
              <ns3:TPX>
                <ns3:Speed>3.108440637588501</ns3:Speed>
                <ns3:RunCadence>88</ns3:RunCadence>
              </ns3:TPX>
            </Extensions>
          </Trackpoint>
          <Trackpoint>
            <Time>2026-08-03T10:35:24.000Z</Time>
            <Position>
              <LatitudeDegrees>29.81334156093762</LatitudeDegrees>
              <LongitudeDegrees>106.4263041145482</LongitudeDegrees>
            </Position>
            <AltitudeMeters>213.4990692138672</AltitudeMeters>
            <DistanceMeters>1563.166259765625</DistanceMeters>
            <HeartRateBpm>
              <Value>136</Value>
            </HeartRateBpm>
            <Extensions>
              <ns3:TPX>
                <ns3:Speed>3.102433919906616</ns3:Speed>
                <ns3:RunCadence>88</ns3:RunCadence>
              </ns3:TPX>
            </Extensions>
          </Trackpoint>
          <Trackpoint>
            <Time>2026-08-03T10:35:28.000Z</Time>
            <Position>
              <LatitudeDegrees>29.813381988113647</LatitudeDegrees>
              <LongitudeDegrees>106.42618447914715</LongitudeDegrees>
            </Position>
            <AltitudeMeters>213.33843994140625</AltitudeMeters>
            <DistanceMeters>1575.5682373046875</DistanceMeters>
            <HeartRateBpm>
              <Value>136</Value>
            </HeartRateBpm>
            <Extensions>
              <ns3:TPX>
                <ns3:Speed>3.0985379219055176</ns3:Speed>
                <ns3:RunCadence>87</ns3:RunCadence>
              </ns3:TPX>
            </Extensions>
          </Trackpoint>
          <Trackpoint>
            <Time>2026-08-03T10:35:33.000Z</Time>
            <Position>
              <LatitudeDegrees>29.813409953456414</LatitudeDegrees>
              <LongitudeDegrees>106.42602745399951</LongitudeDegrees>
            </Position>
            <AltitudeMeters>213.10586547851562</AltitudeMeters>
            <DistanceMeters>1591.051513671875</DistanceMeters>
            <HeartRateBpm>
              <Value>136</Value>
            </HeartRateBpm>
            <Extensions>
              <ns3:TPX>
                <ns3:Speed>3.094783306121826</ns3:Speed>
                <ns3:RunCadence>89</ns3:RunCadence>
              </ns3:TPX>
            </Extensions>
          </Trackpoint>
          <Trackpoint>
            <Time>2026-08-03T10:35:37.000Z</Time>
            <Position>
              <LatitudeDegrees>29.813416620765754</LatitudeDegrees>
              <LongitudeDegrees>106.42589949451663</LongitudeDegrees>
            </Position>
            <AltitudeMeters>212.89744567871094</AltitudeMeters>
            <DistanceMeters>1603.4263916015625</DistanceMeters>
            <HeartRateBpm>
              <Value>136</Value>
            </HeartRateBpm>
            <Extensions>
              <ns3:TPX>
                <ns3:Speed>3.092642068862915</ns3:Speed>
                <ns3:RunCadence>88</ns3:RunCadence>
              </ns3:TPX>
            </Extensions>
          </Trackpoint>
          <Trackpoint>
            <Time>2026-08-03T10:35:42.000Z</Time>
            <Position>
              <LatitudeDegrees>29.81340605599838</LatitudeDegrees>
              <LongitudeDegrees>106.42573987543712</LongitudeDegrees>
            </Position>
            <AltitudeMeters>212.61370849609375</AltitudeMeters>
            <DistanceMeters>1618.8853759765625</DistanceMeters>
            <HeartRateBpm>
              <Value>137</Value>
            </HeartRateBpm>
            <Extensions>
              <ns3:TPX>
                <ns3:Speed>3.0909852981567383</ns3:Speed>
                <ns3:RunCadence>87</ns3:RunCadence>
              </ns3:TPX>
            </Extensions>
          </Trackpoint>
          <Trackpoint>
            <Time>2026-08-03T10:35:46.000Z</Time>
            <Position>
              <LatitudeDegrees>29.81338182173196</LatitudeDegrees>
              <LongitudeDegrees>106.42561491540204</LongitudeDegrees>
            </Position>
            <AltitudeMeters>212.37200927734375</AltitudeMeters>
            <DistanceMeters>1631.248291015625</DistanceMeters>
            <HeartRateBpm>
              <Value>137</Value>
            </HeartRateBpm>
            <Extensions>
              <ns3:TPX>
                <ns3:Speed>3.0904197692871094</ns3:Speed>
                <ns3:RunCadence>87</ns3:RunCadence>
              </ns3:TPX>
            </Extensions>
          </Trackpoint>
          <Trackpoint>
            <Time>2026-08-03T10:35:51.000Z</Time>
            <Position>
              <LatitudeDegrees>29.813328546221104</LatitudeDegrees>
              <LongitudeDegrees>106.42546734021535</LongitudeDegrees>
            </Position>
            <AltitudeMeters>212.0569610595703</AltitudeMeters>
            <DistanceMeters>1646.70068359375</DistanceMeters>
            <HeartRateBpm>
              <Value>138</Value>
            </HeartRateBpm>
            <Extensions>
              <ns3:TPX>
                <ns3:Speed>3.090571403503418</ns3:Speed>
                <ns3:RunCadence>88</ns3:RunCadence>
              </ns3:TPX>
            </Extensions>
          </Trackpoint>
          <Trackpoint>
            <Time>2026-08-03T10:35:55.000Z</Time>
            <Position>
              <LatitudeDegrees>29.813263193567234</LatitudeDegrees>
              <LongitudeDegrees>106.42536413580571</LongitudeDegrees>
            </Position>
            <AltitudeMeters>211.79876708984375</AltitudeMeters>
            <DistanceMeters>1659.064453125</DistanceMeters>
            <HeartRateBpm>
              <Value>138</Value>
            </HeartRateBpm>
            <Extensions>
              <ns3:TPX>
                <ns3:Speed>3.0913023948669434</ns3:Speed>
                <ns3:RunCadence>87</ns3:RunCadence>
              </ns3:TPX>
            </Extensions>
          </Trackpoint>
          <Trackpoint>
            <Time>2026-08-03T10:36:00.000Z</Time>
            <Position>
              <LatitudeDegrees>29.813146301158735</LatitudeDegrees>
              <LongitudeDegrees>106.42528127675496</LongitudeDegrees>
            </Position>
            <AltitudeMeters>211.47390747070312</AltitudeMeters>
            <DistanceMeters>1674.52490234375</DistanceMeters>
            <HeartRateBpm>
              <Value>137</Value>
            </HeartRateBpm>
            <Extensions>
              <ns3:TPX>
                <ns3:Speed>3.0928635597229004</ns3:Speed>
                <ns3:RunCadence>86</ns3:RunCadence>
              </ns3:TPX>
            </Extensions>
          </Trackpoint>
          <Trackpoint>
            <Time>2026-08-03T10:36:04.000Z</Time>
            <Position>
              <LatitudeDegrees>29.81303676522318</LatitudeDegrees>
              <LongitudeDegrees>106.42528713500528</LongitudeDegrees>
            </Position>
            <AltitudeMeters>211.2163543701172</AltitudeMeters>
            <DistanceMeters>1686.899658203125</DistanceMeters>
            <HeartRateBpm>
              <Value>136</Value>
            </HeartRateBpm>
            <Extensions>
              <ns3:TPX>
                <ns3:Speed>3.094538450241089</ns3:Speed>
                <ns3:RunCadence>87</ns3:RunCadence>
              </ns3:TPX>
            </Extensions>
          </Trackpoint>
          <Trackpoint>
            <Time>2026-08-03T10:36:09.000Z</Time>
            <Position>
              <LatitudeDegrees>29.812924682833298</LatitudeDegrees>
              <LongitudeDegrees>106.42537923680362</LongitudeDegrees>
            </Position>
            <AltitudeMeters>210.9023895263672</AltitudeMeters>
            <DistanceMeters>1702.378662109375</DistanceMeters>
            <HeartRateBpm>
              <Value>136</Value>
            </HeartRateBpm>
            <Extensions>
              <ns3:TPX>
                <ns3:Speed>3.097034454345703</ns3:Speed>
                <ns3:RunCadence>87</ns3:RunCadence>
              </ns3:TPX>
            </Extensions>
          </Trackpoint>
          <Trackpoint>
            <Time>2026-08-03T10:36:13.000Z</Time>
            <Position>
              <LatitudeDegrees>29.812862840390235</LatitudeDegrees>
              <LongitudeDegrees>106.42548570369893</LongitudeDegrees>
            </Position>
            <AltitudeMeters>210.66099548339844</AltitudeMeters>
            <DistanceMeters>1714.771240234375</DistanceMeters>
            <HeartRateBpm>
              <Value>136</Value>
            </HeartRateBpm>
            <Extensions>
              <ns3:TPX>
                <ns3:Speed>3.099254608154297</ns3:Speed>
                <ns3:RunCadence>87</ns3:RunCadence>
              </ns3:TPX>
            </Extensions>
          </Trackpoint>
          <Trackpoint>
            <Time>2026-08-03T10:36:18.000Z</Time>
            <Position>
              <LatitudeDegrees>29.81281316623929</LatitudeDegrees>
              <LongitudeDegrees>106.42563552803334</LongitudeDegrees>
            </Position>
            <AltitudeMeters>210.3754119873047</AltitudeMeters>
            <DistanceMeters>1730.2747802734375</DistanceMeters>
            <HeartRateBpm>
              <Value>136</Value>
            </HeartRateBpm>
            <Extensions>
              <ns3:TPX>
                <ns3:Speed>3.102174997329712</ns3:Speed>
                <ns3:RunCadence>89</ns3:RunCadence>
              </ns3:TPX>
            </Extensions>
          </Trackpoint>
          <Trackpoint>
            <Time>2026-08-03T10:36:22.000Z</Time>
            <Position>
              <LatitudeDegrees>29.812791304877084</LatitudeDegrees>
              <LongitudeDegrees>106.4257615946398</LongitudeDegrees>
            </Position>
            <AltitudeMeters>210.16224670410156</AltitudeMeters>
            <DistanceMeters>1742.6881103515625</DistanceMeters>
            <HeartRateBpm>
              <Value>136</Value>
            </HeartRateBpm>
            <Extensions>
              <ns3:TPX>
                <ns3:Speed>3.104529857635498</ns3:Speed>
                <ns3:RunCadence>88</ns3:RunCadence>
              </ns3:TPX>
            </Extensions>
          </Trackpoint>
          <Trackpoint>
            <Time>2026-08-03T10:36:27.000Z</Time>
            <Position>
              <LatitudeDegrees>29.812783666160918</LatitudeDegrees>
              <LongitudeDegrees>106.42592215463075</LongitudeDegrees>
            </Position>
            <AltitudeMeters>209.91725158691406</AltitudeMeters>
            <DistanceMeters>1758.2178955078125</DistanceMeters>
            <HeartRateBpm>
              <Value>137</Value>
            </HeartRateBpm>
            <Extensions>
              <ns3:TPX>
                <ns3:Speed>3.107369899749756</ns3:Speed>
                <ns3:RunCadence>87</ns3:RunCadence>
              </ns3:TPX>
            </Extensions>
          </Trackpoint>
          <Trackpoint>
            <Time>2026-08-03T10:36:31.000Z</Time>
            <Position>
              <LatitudeDegrees>29.81279277584444</LatitudeDegrees>
              <LongitudeDegrees>106.42605051097999</LongitudeDegrees>
            </Position>
            <AltitudeMeters>209.73947143554688</AltitudeMeters>
            <DistanceMeters>1770.651611328125</DistanceMeters>
            <HeartRateBpm>
              <Value>137</Value>
            </HeartRateBpm>
            <Extensions>
              <ns3:TPX>
                <ns3:Speed>3.1094701290130615</ns3:Speed>
                <ns3:RunCadence>88</ns3:RunCadence>
              </ns3:TPX>
            </Extensions>
          </Trackpoint>
          <Trackpoint>
            <Time>2026-08-03T10:36:36.000Z</Time>
            <Position>
              <LatitudeDegrees>29.812824297913416</LatitudeDegrees>
              <LongitudeDegrees>106.42620735354038</LongitudeDegrees>
            </Position>
            <AltitudeMeters>209.5404815673828</AltitudeMeters>
            <DistanceMeters>1786.2047119140625</DistanceMeters>
            <HeartRateBpm>
              <Value>137</Value>
            </HeartRateBpm>
            <Extensions>
              <ns3:TPX>
                <ns3:Speed>3.1117711067199707</ns3:Speed>
                <ns3:RunCadence>87</ns3:RunCadence>
              </ns3:TPX>
            </Extensions>
          </Trackpoint>
          <Trackpoint>
            <Time>2026-08-03T10:36:40.000Z</Time>
            <Position>
              <LatitudeDegrees>29.812868192481247</LatitudeDegrees>
              <LongitudeDegrees>106.42632586965334</LongitudeDegrees>
            </Position>
            <AltitudeMeters>209.39947509765625</AltitudeMeters>
            <DistanceMeters>1798.65478515625</DistanceMeters>
            <HeartRateBpm>
              <Value>137</Value>
            </HeartRateBpm>
            <Extensions>
              <ns3:TPX>
                <ns3:Speed>3.1132798194885254</ns3:Speed>
                <ns3:RunCadence>89</ns3:RunCadence>
              </ns3:TPX>
            </Extensions>
          </Trackpoint>
          <Trackpoint>
            <Time>2026-08-03T10:36:45.000Z</Time>
            <Position>
              <LatitudeDegrees>29.8129526818103</LatitudeDegrees>
              <LongitudeDegrees>106.4264535680556</LongitudeDegrees>
            </Position>
            <AltitudeMeters>209.2445068359375</AltitudeMeters>
            <DistanceMeters>1814.224609375</DistanceMeters>
            <HeartRateBpm>
              <Value>136</Value>
            </HeartRateBpm>
            <Extensions>
              <ns3:TPX>
                <ns3:Speed>3.114666700363159</ns3:Speed>
                <ns3:RunCadence>88</ns3:RunCadence>
              </ns3:TPX>
            </Extensions>
          </Trackpoint>
          <Trackpoint>
            <Time>2026-08-03T10:36:49.000Z</Time>
            <Position>
              <LatitudeDegrees>29.813048969426458</LatitudeDegrees>
              <LongitudeDegrees>106.42651733403311</LongitudeDegrees>
            </Position>
            <AltitudeMeters>209.13583374023438</AltitudeMeters>
            <DistanceMeters>1826.6846923828125</DistanceMeters>
            <HeartRateBpm>
              <Value>137</Value>
            </HeartRateBpm>
            <Extensions>
              <ns3:TPX>
                <ns3:Speed>3.115325689315796</ns3:Speed>
                <ns3:RunCadence>88</ns3:RunCadence>
              </ns3:TPX>
            </Extensions>
          </Trackpoint>
          <Trackpoint>
            <Time>2026-08-03T10:36:54.000Z</Time>
            <Position>
              <LatitudeDegrees>29.813185302482395</LatitudeDegrees>
              <LongitudeDegrees>106.42650230619027</LongitudeDegrees>
            </Position>
            <AltitudeMeters>209.0159912109375</AltitudeMeters>
            <DistanceMeters>1842.2618408203125</DistanceMeters>
            <HeartRateBpm>
              <Value>137</Value>
            </HeartRateBpm>
            <Extensions>
              <ns3:TPX>
                <ns3:Speed>3.115534543991089</ns3:Speed>
                <ns3:RunCadence>89</ns3:RunCadence>
              </ns3:TPX>
            </Extensions>
          </Trackpoint>
          <Trackpoint>
            <Time>2026-08-03T10:36:58.000Z</Time>
            <Position>
              <LatitudeDegrees>29.8132732322421</LatitudeDegrees>
              <LongitudeDegrees>106.42642359434323</LongitudeDegrees>
            </Position>
            <AltitudeMeters>208.9301300048828</AltitudeMeters>
            <DistanceMeters>1854.7232666015625</DistanceMeters>
            <HeartRateBpm>
              <Value>137</Value>
            </HeartRateBpm>
            <Extensions>
              <ns3:TPX>
                <ns3:Speed>3.1151845455169678</ns3:Speed>
                <ns3:RunCadence>88</ns3:RunCadence>
              </ns3:TPX>
            </Extensions>
          </Trackpoint>
          <Trackpoint>
            <Time>2026-08-03T10:37:03.000Z</Time>
            <Position>
              <LatitudeDegrees>29.813348276115498</LatitudeDegrees>
              <LongitudeDegrees>106.42628800197292</LongitudeDegrees>
            </Position>
            <AltitudeMeters>208.83103942871094</AltitudeMeters>
            <DistanceMeters>1870.29638671875</DistanceMeters>
            <HeartRateBpm>
              <Value>137</Value>
            </HeartRateBpm>
            <Extensions>
              <ns3:TPX>
                <ns3:Speed>3.114084005355835</ns3:Speed>
                <ns3:RunCadence>89</ns3:RunCadence>
              </ns3:TPX>
            </Extensions>
          </Trackpoint>
          <Trackpoint>
            <Time>2026-08-03T10:37:07.000Z</Time>
            <Position>
              <LatitudeDegrees>29.81338628504384</LatitudeDegrees>
              <LongitudeDegrees>106.42616674491697</LongitudeDegrees>
            </Position>
            <AltitudeMeters>208.7549285888672</AltitudeMeters>
            <DistanceMeters>1882.7498779296875</DistanceMeters>
            <HeartRateBpm>
              <Value>138</Value>
            </HeartRateBpm>
            <Extensions>
              <ns3:TPX>
                <ns3:Speed>3.112675428390503</ns3:Speed>
                <ns3:RunCadence>88</ns3:RunCadence>
              </ns3:TPX>
            </Extensions>
          </Trackpoint>
          <Trackpoint>
            <Time>2026-08-03T10:37:12.000Z</Time>
            <Position>
              <LatitudeDegrees>29.813411742299998</LatitudeDegrees>
              <LongitudeDegrees>106.42600838432944</LongitudeDegrees>
            </Position>
            <AltitudeMeters>208.6589813232422</AltitudeMeters>
            <DistanceMeters>1898.3072509765625</DistanceMeters>
            <HeartRateBpm>
              <Value>138</Value>
            </HeartRateBpm>
            <Extensions>
              <ns3:TPX>
                <ns3:Speed>3.110274314880371</ns3:Speed>
                <ns3:RunCadence>89</ns3:RunCadence>
              </ns3:TPX>
            </Extensions>
          </Trackpoint>
          <Trackpoint>
            <Time>2026-08-03T10:37:16.000Z</Time>
            <Position>
              <LatitudeDegrees>29.8134163581441</LatitudeDegrees>
              <LongitudeDegrees>106.42587967922795</LongitudeDegrees>
            </Position>
            <AltitudeMeters>208.5780792236328</AltitudeMeters>
            <DistanceMeters>1910.74365234375</DistanceMeters>
            <HeartRateBpm>
              <Value>139</Value>
            </HeartRateBpm>
            <Extensions>
              <ns3:TPX>
                <ns3:Speed>3.107869863510132</ns3:Speed>
                <ns3:RunCadence>88</ns3:RunCadence>
              </ns3:TPX>
            </Extensions>
          </Trackpoint>
          <Trackpoint>
            <Time>2026-08-03T10:37:21.000Z</Time>
            <Position>
              <LatitudeDegrees>29.813403068443375</LatitudeDegrees>
              <LongitudeDegrees>106.42571960914036</LongitudeDegrees>
            </Position>
            <AltitudeMeters>208.46726989746094</AltitudeMeters>
            <DistanceMeters>1926.2740478515625</DistanceMeters>
            <HeartRateBpm>
              <Value>138</Value>
            </HeartRateBpm>
            <Extensions>
              <ns3:TPX>
                <ns3:Speed>3.104314088821411</ns3:Speed>
                <ns3:RunCadence>89</ns3:RunCadence>
              </ns3:TPX>
            </Extensions>
          </Trackpoint>
          <Trackpoint>
            <Time>2026-08-03T10:37:25.000Z</Time>
            <Position>
              <LatitudeDegrees>29.813376305773023</LatitudeDegrees>
              <LongitudeDegrees>106.42559484323048</LongitudeDegrees>
            </Position>
            <AltitudeMeters>208.36781311035156</AltitudeMeters>
            <DistanceMeters>1938.684814453125</DistanceMeters>
            <HeartRateBpm>
              <Value>139</Value>
            </HeartRateBpm>
            <Extensions>
              <ns3:TPX>
                <ns3:Speed>3.101081371307373</ns3:Speed>
                <ns3:RunCadence>87</ns3:RunCadence>
              </ns3:TPX>
            </Extensions>
          </Trackpoint>
          <Trackpoint>
            <Time>2026-08-03T10:37:30.000Z</Time>
            <Position>
              <LatitudeDegrees>29.813319161090845</LatitudeDegrees>
              <LongitudeDegrees>106.42544877925984</LongitudeDegrees>
            </Position>
            <AltitudeMeters>208.22645568847656</AltitudeMeters>
            <DistanceMeters>1954.17919921875</DistanceMeters>
            <HeartRateBpm>
              <Value>139</Value>
            </HeartRateBpm>
            <Extensions>
              <ns3:TPX>
                <ns3:Speed>3.0966391563415527</ns3:Speed>
                <ns3:RunCadence>87</ns3:RunCadence>
              </ns3:TPX>
            </Extensions>
          </Trackpoint>
          <Trackpoint>
            <Time>2026-08-03T10:37:34.000Z</Time>
            <Position>
              <LatitudeDegrees>29.813249746916075</LatitudeDegrees>
              <LongitudeDegrees>106.42534903738225</LongitudeDegrees>
            </Position>
            <AltitudeMeters>208.0976104736328</AltitudeMeters>
            <DistanceMeters>1966.55810546875</DistanceMeters>
            <HeartRateBpm>
              <Value>139</Value>
            </HeartRateBpm>
            <Extensions>
              <ns3:TPX>
                <ns3:Speed>3.092834949493408</ns3:Speed>
                <ns3:RunCadence>86</ns3:RunCadence>
              </ns3:TPX>
            </Extensions>
          </Trackpoint>
          <Trackpoint>
            <Time>2026-08-03T10:37:39.000Z</Time>
            <Position>
              <LatitudeDegrees>29.813127976351296</LatitudeDegrees>
              <LongitudeDegrees>106.42527704585488</LongitudeDegrees>
            </Position>
            <AltitudeMeters>207.914794921875</AltitudeMeters>
            <DistanceMeters>1982.0098876953125</DistanceMeters>
            <HeartRateBpm>
              <Value>139</Value>
            </HeartRateBpm>
            <Extensions>
              <ns3:TPX>
                <ns3:Speed>3.08787202835083</ns3:Speed>
                <ns3:RunCadence>88</ns3:RunCadence>
              </ns3:TPX>
            </Extensions>
          </Trackpoint>
          <Trackpoint>
            <Time>2026-08-03T10:37:43.000Z</Time>
            <Position>
              <LatitudeDegrees>29.813019653674857</LatitudeDegrees>
              <LongitudeDegrees>106.42529497098735</LongitudeDegrees>
            </Position>
            <AltitudeMeters>207.750244140625</AltitudeMeters>
            <DistanceMeters>1994.353271484375</DistanceMeters>
            <HeartRateBpm>
              <Value>139</Value>
            </HeartRateBpm>
            <Extensions>
              <ns3:TPX>
                <ns3:Speed>3.0838189125061035</ns3:Speed>
                <ns3:RunCadence>87</ns3:RunCadence>
              </ns3:TPX>
            </Extensions>
          </Trackpoint>
          <Trackpoint>
            <Time>2026-08-03T10:37:48.000Z</Time>
            <Position>
              <LatitudeDegrees>29.812913230337067</LatitudeDegrees>
              <LongitudeDegrees>106.42539489279369</LongitudeDegrees>
            </Position>
            <AltitudeMeters>207.5214080810547</AltitudeMeters>
            <DistanceMeters>2009.759765625</DistanceMeters>
            <HeartRateBpm>
              <Value>139</Value>
            </HeartRateBpm>
            <Extensions>
              <ns3:TPX>
                <ns3:Speed>3.078765630722046</ns3:Speed>
                <ns3:RunCadence>88</ns3:RunCadence>
              </ns3:TPX>
            </Extensions>
          </Trackpoint>
        </Track>
        <Extensions>
          <ns3:LX>
            <ns3:AvgSpeed>3.1972386837005615</ns3:AvgSpeed>
            <ns3:AvgRunCadence>88</ns3:AvgRunCadence>
            <ns3:MaxRunCadence>91</ns3:MaxRunCadence>
          </ns3:LX>
        </Extensions>
      </Lap>
      <Lap StartTime="2026-08-03T10:37:45.000Z">
        <TotalTimeSeconds>326.834</TotalTimeSeconds>
        <DistanceMeters>1000.0</DistanceMeters>
        <MaximumSpeed>3.1413464546203613</MaximumSpeed>
        <Calories>61</Calories>
        <AverageHeartRateBpm>
          <Value>143</Value>
        </AverageHeartRateBpm>
        <MaximumHeartRateBpm>
          <Value>147</Value>
        </MaximumHeartRateBpm>
        <Intensity>Active</Intensity>
        <TriggerMethod>Manual</TriggerMethod>
        <Track>
          <Trackpoint>
            <Time>2026-08-03T10:37:48.000Z</Time>
            <Position>
              <LatitudeDegrees>29.812913230337067</LatitudeDegrees>
              <LongitudeDegrees>106.42539489279369</LongitudeDegrees>
            </Position>
            <AltitudeMeters>207.5214080810547</AltitudeMeters>
            <DistanceMeters>2009.759765625</DistanceMeters>
            <HeartRateBpm>
              <Value>139</Value>
            </HeartRateBpm>
            <Extensions>
              <ns3:TPX>
                <ns3:Speed>3.078765630722046</ns3:Speed>
                <ns3:RunCadence>88</ns3:RunCadence>
              </ns3:TPX>
            </Extensions>
          </Trackpoint>
          <Trackpoint>
            <Time>2026-08-03T10:37:52.000Z</Time>
            <Position>
              <LatitudeDegrees>29.812855259107643</LatitudeDegrees>
              <LongitudeDegrees>106.42550324175753</LongitudeDegrees>
            </Position>
            <AltitudeMeters>207.32034301757812</AltitudeMeters>
            <DistanceMeters>2022.06689453125</DistanceMeters>
            <HeartRateBpm>
              <Value>140</Value>
            </HeartRateBpm>
            <Extensions>
              <ns3:TPX>
                <ns3:Speed>3.074822187423706</ns3:Speed>
                <ns3:RunCadence>88</ns3:RunCadence>
              </ns3:TPX>
            </Extensions>
          </Trackpoint>
          <Trackpoint>
            <Time>2026-08-03T10:37:57.000Z</Time>
            <Position>
              <LatitudeDegrees>29.81280917191253</LatitudeDegrees>
              <LongitudeDegrees>106.42565306196587</LongitudeDegrees>
            </Position>
            <AltitudeMeters>207.0480499267578</AltitudeMeters>
            <DistanceMeters>2037.4293212890625</DistanceMeters>
            <HeartRateBpm>
              <Value>140</Value>
            </HeartRateBpm>
            <Extensions>
              <ns3:TPX>
                <ns3:Speed>3.0701353549957275</ns3:Speed>
                <ns3:RunCadence>88</ns3:RunCadence>
              </ns3:TPX>
            </Extensions>
          </Trackpoint>
          <Trackpoint>
            <Time>2026-08-03T10:38:01.000Z</Time>
            <Position>
              <LatitudeDegrees>29.812789521128234</LatitudeDegrees>
              <LongitudeDegrees>106.42577814710363</LongitudeDegrees>
            </Position>
            <AltitudeMeters>206.8153076171875</AltitudeMeters>
            <DistanceMeters>2049.702880859375</DistanceMeters>
            <HeartRateBpm>
              <Value>141</Value>
            </HeartRateBpm>
            <Extensions>
              <ns3:TPX>
                <ns3:Speed>3.0666656494140625</ns3:Speed>
                <ns3:RunCadence>88</ns3:RunCadence>
              </ns3:TPX>
            </Extensions>
          </Trackpoint>
          <Trackpoint>
            <Time>2026-08-03T10:38:06.000Z</Time>
            <Position>
              <LatitudeDegrees>29.81278396396021</LatitudeDegrees>
              <LongitudeDegrees>106.42593669452646</LongitudeDegrees>
            </Position>
            <AltitudeMeters>206.50894165039062</AltitudeMeters>
            <DistanceMeters>2065.026611328125</DistanceMeters>
            <HeartRateBpm>
              <Value>141</Value>
            </HeartRateBpm>
            <Extensions>
              <ns3:TPX>
                <ns3:Speed>3.0627870559692383</ns3:Speed>
                <ns3:RunCadence>87</ns3:RunCadence>
              </ns3:TPX>
            </Extensions>
          </Trackpoint>
          <Trackpoint>
            <Time>2026-08-03T10:38:10.000Z</Time>
            <Position>
              <LatitudeDegrees>29.812794321585443</LatitudeDegrees>
              <LongitudeDegrees>106.42606298206897</LongitudeDegrees>
            </Position>
            <AltitudeMeters>206.2544403076172</AltitudeMeters>
            <DistanceMeters>2077.272216796875</DistanceMeters>
            <HeartRateBpm>
              <Value>141</Value>
            </HeartRateBpm>
            <Extensions>
              <ns3:TPX>
                <ns3:Speed>3.060126304626465</ns3:Speed>
                <ns3:RunCadence>87</ns3:RunCadence>
              </ns3:TPX>
            </Extensions>
          </Trackpoint>
          <Trackpoint>
            <Time>2026-08-03T10:38:15.000Z</Time>
            <Position>
              <LatitudeDegrees>29.81282702113691</LatitudeDegrees>
              <LongitudeDegrees>106.42621675360014</LongitudeDegrees>
            </Position>
            <AltitudeMeters>205.92910766601562</AltitudeMeters>
            <DistanceMeters>2092.566162109375</DistanceMeters>
            <HeartRateBpm>
              <Value>142</Value>
            </HeartRateBpm>
            <Extensions>
              <ns3:TPX>
                <ns3:Speed>3.057443380355835</ns3:Speed>
                <ns3:RunCadence>86</ns3:RunCadence>
              </ns3:TPX>
            </Extensions>
          </Trackpoint>
          <Trackpoint>
            <Time>2026-08-03T10:38:19.000Z</Time>
            <Position>
              <LatitudeDegrees>29.812871384200267</LatitudeDegrees>
              <LongitudeDegrees>106.42633251491962</LongitudeDegrees>
            </Position>
            <AltitudeMeters>205.66677856445312</AltitudeMeters>
            <DistanceMeters>2104.79296875</DistanceMeters>
            <HeartRateBpm>
              <Value>142</Value>
            </HeartRateBpm>
            <Extensions>
              <ns3:TPX>
                <ns3:Speed>3.0558693408966064</ns3:Speed>
                <ns3:RunCadence>88</ns3:RunCadence>
              </ns3:TPX>
            </Extensions>
          </Trackpoint>
          <Trackpoint>
            <Time>2026-08-03T10:38:24.000Z</Time>
            <Position>
              <LatitudeDegrees>29.81295557374071</LatitudeDegrees>
              <LongitudeDegrees>106.4264566703997</LongitudeDegrees>
            </Position>
            <AltitudeMeters>205.34158325195312</AltitudeMeters>
            <DistanceMeters>2120.0693359375</DistanceMeters>
            <HeartRateBpm>
              <Value>143</Value>
            </HeartRateBpm>
            <Extensions>
              <ns3:TPX>
                <ns3:Speed>3.0546798706054688</ns3:Speed>
                <ns3:RunCadence>86</ns3:RunCadence>
              </ns3:TPX>
            </Extensions>
          </Trackpoint>
          <Trackpoint>
            <Time>2026-08-03T10:38:28.000Z</Time>
            <Position>
              <LatitudeDegrees>29.813050666366156</LatitudeDegrees>
              <LongitudeDegrees>106.42651793445016</LongitudeDegrees>
            </Position>
            <AltitudeMeters>205.0876922607422</AltitudeMeters>
            <DistanceMeters>2132.287353515625</DistanceMeters>
            <HeartRateBpm>
              <Value>143</Value>
            </HeartRateBpm>
            <Extensions>
              <ns3:TPX>
                <ns3:Speed>3.0543859004974365</ns3:Speed>
                <ns3:RunCadence>88</ns3:RunCadence>
              </ns3:TPX>
            </Extensions>
          </Trackpoint>
          <Trackpoint>
            <Time>2026-08-03T10:38:33.000Z</Time>
            <Position>
              <LatitudeDegrees>29.8131844480514</LatitudeDegrees>
              <LongitudeDegrees>106.42650280624734</LongitudeDegrees>
            </Position>
            <AltitudeMeters>204.7836151123047</AltitudeMeters>
            <DistanceMeters>2147.560546875</DistanceMeters>
            <HeartRateBpm>
              <Value>142</Value>
            </HeartRateBpm>
            <Extensions>
              <ns3:TPX>
                <ns3:Speed>3.0548696517944336</ns3:Speed>
                <ns3:RunCadence>86</ns3:RunCadence>
              </ns3:TPX>
            </Extensions>
          </Trackpoint>
          <Trackpoint>
            <Time>2026-08-03T10:38:37.000Z</Time>
            <Position>
              <LatitudeDegrees>29.81327113596515</LatitudeDegrees>
              <LongitudeDegrees>106.42642624787914</LongitudeDegrees>
            </Position>
            <AltitudeMeters>204.55499267578125</AltitudeMeters>
            <DistanceMeters>2159.7822265625</DistanceMeters>
            <HeartRateBpm>
              <Value>143</Value>
            </HeartRateBpm>
            <Extensions>
              <ns3:TPX>
                <ns3:Speed>3.0559463500976562</ns3:Speed>
                <ns3:RunCadence>87</ns3:RunCadence>
              </ns3:TPX>
            </Extensions>
          </Trackpoint>
          <Trackpoint>
            <Time>2026-08-03T10:38:42.000Z</Time>
            <Position>
              <LatitudeDegrees>29.813345934593766</LatitudeDegrees>
              <LongitudeDegrees>106.42629399680929</LongitudeDegrees>
            </Position>
            <AltitudeMeters>204.29257202148438</AltitudeMeters>
            <DistanceMeters>2175.0673828125</DistanceMeters>
            <HeartRateBpm>
              <Value>143</Value>
            </HeartRateBpm>
            <Extensions>
              <ns3:TPX>
                <ns3:Speed>3.0581467151641846</ns3:Speed>
                <ns3:RunCadence>88</ns3:RunCadence>
              </ns3:TPX>
            </Extensions>
          </Trackpoint>
          <Trackpoint>
            <Time>2026-08-03T10:38:46.000Z</Time>
            <Position>
              <LatitudeDegrees>29.81338423505123</LatitudeDegrees>
              <LongitudeDegrees>106.42617523660294</LongitudeDegrees>
            </Position>
            <AltitudeMeters>204.10479736328125</AltitudeMeters>
            <DistanceMeters>2187.304931640625</DistanceMeters>
            <HeartRateBpm>
              <Value>144</Value>
            </HeartRateBpm>
            <Extensions>
              <ns3:TPX>
                <ns3:Speed>3.0605711936950684</ns3:Speed>
                <ns3:RunCadence>88</ns3:RunCadence>
              </ns3:TPX>
            </Extensions>
          </Trackpoint>
          <Trackpoint>
            <Time>2026-08-03T10:38:51.000Z</Time>
            <Position>
              <LatitudeDegrees>29.8134106834512</LatitudeDegrees>
              <LongitudeDegrees>106.42601967201126</LongitudeDegrees>
            </Position>
            <AltitudeMeters>203.90185546875</AltitudeMeters>
            <DistanceMeters>2202.6171875</DistanceMeters>
            <HeartRateBpm>
              <Value>145</Value>
            </HeartRateBpm>
            <Extensions>
              <ns3:TPX>
                <ns3:Speed>3.064387321472168</ns3:Speed>
                <ns3:RunCadence>88</ns3:RunCadence>
              </ns3:TPX>
            </Extensions>
          </Trackpoint>
          <Trackpoint>
            <Time>2026-08-03T10:38:55.000Z</Time>
            <Position>
              <LatitudeDegrees>29.81341653215196</LatitudeDegrees>
              <LongitudeDegrees>106.42589280844247</LongitudeDegrees>
            </Position>
            <AltitudeMeters>203.76747131347656</AltitudeMeters>
            <DistanceMeters>2214.882080078125</DistanceMeters>
            <HeartRateBpm>
              <Value>145</Value>
            </HeartRateBpm>
            <Extensions>
              <ns3:TPX>
                <ns3:Speed>3.0680222511291504</ns3:Speed>
                <ns3:RunCadence>88</ns3:RunCadence>
              </ns3:TPX>
            </Extensions>
          </Trackpoint>
          <Trackpoint>
            <Time>2026-08-03T10:39:00.000Z</Time>
            <Position>
              <LatitudeDegrees>29.813405279893114</LatitudeDegrees>
              <LongitudeDegrees>106.42573435974982</LongitudeDegrees>
            </Position>
            <AltitudeMeters>203.63710021972656</AltitudeMeters>
            <DistanceMeters>2230.235107421875</DistanceMeters>
            <HeartRateBpm>
              <Value>146</Value>
            </HeartRateBpm>
            <Extensions>
              <ns3:TPX>
                <ns3:Speed>3.073213577270508</ns3:Speed>
                <ns3:RunCadence>88</ns3:RunCadence>
              </ns3:TPX>
            </Extensions>
          </Trackpoint>
          <Trackpoint>
            <Time>2026-08-03T10:39:04.000Z</Time>
            <Position>
              <LatitudeDegrees>29.813380522663905</LatitudeDegrees>
              <LongitudeDegrees>106.4256101881883</LongitudeDegrees>
            </Position>
            <AltitudeMeters>203.5641632080078</AltitudeMeters>
            <DistanceMeters>2242.537109375</DistanceMeters>
            <HeartRateBpm>
              <Value>147</Value>
            </HeartRateBpm>
            <Extensions>
              <ns3:TPX>
                <ns3:Speed>3.0778145790100098</ns3:Speed>
                <ns3:RunCadence>87</ns3:RunCadence>
              </ns3:TPX>
            </Extensions>
          </Trackpoint>
          <Trackpoint>
            <Time>2026-08-03T10:39:09.000Z</Time>
            <Position>
              <LatitudeDegrees>29.81332667116273</LatitudeDegrees>
              <LongitudeDegrees>106.4254634362808</LongitudeDegrees>
            </Position>
            <AltitudeMeters>203.5130615234375</AltitudeMeters>
            <DistanceMeters>2257.941650390625</DistanceMeters>
            <HeartRateBpm>
              <Value>147</Value>
            </HeartRateBpm>
            <Extensions>
              <ns3:TPX>
                <ns3:Speed>3.0840165615081787</ns3:Speed>
                <ns3:RunCadence>88</ns3:RunCadence>
              </ns3:TPX>
            </Extensions>
          </Trackpoint>
          <Trackpoint>
            <Time>2026-08-03T10:39:13.000Z</Time>
            <Position>
              <LatitudeDegrees>29.813260630924013</LatitudeDegrees>
              <LongitudeDegrees>106.42536103306706</LongitudeDegrees>
            </Position>
            <AltitudeMeters>203.5041046142578</AltitudeMeters>
            <DistanceMeters>2270.288330078125</DistanceMeters>
            <HeartRateBpm>
              <Value>147</Value>
            </HeartRateBpm>
            <Extensions>
              <ns3:TPX>
                <ns3:Speed>3.089249849319458</ns3:Speed>
                <ns3:RunCadence>87</ns3:RunCadence>
              </ns3:TPX>
            </Extensions>
          </Trackpoint>
          <Trackpoint>
            <Time>2026-08-03T10:39:18.000Z</Time>
            <Position>
              <LatitudeDegrees>29.81314265178065</LatitudeDegrees>
              <LongitudeDegrees>106.42528032749384</LongitudeDegrees>
            </Position>
            <AltitudeMeters>203.53164672851562</AltitudeMeters>
            <DistanceMeters>2285.75146484375</DistanceMeters>
            <HeartRateBpm>
              <Value>146</Value>
            </HeartRateBpm>
            <Extensions>
              <ns3:TPX>
                <ns3:Speed>3.0960006713867188</ns3:Speed>
                <ns3:RunCadence>88</ns3:RunCadence>
              </ns3:TPX>
            </Extensions>
          </Trackpoint>
          <Trackpoint>
            <Time>2026-08-03T10:39:22.000Z</Time>
            <Position>
              <LatitudeDegrees>29.8130330610844</LatitudeDegrees>
              <LongitudeDegrees>106.4252886112915</LongitudeDegrees>
            </Position>
            <AltitudeMeters>203.5831298828125</AltitudeMeters>
            <DistanceMeters>2298.146484375</DistanceMeters>
            <HeartRateBpm>
              <Value>146</Value>
            </HeartRateBpm>
            <Extensions>
              <ns3:TPX>
                <ns3:Speed>3.1014668941497803</ns3:Speed>
                <ns3:RunCadence>87</ns3:RunCadence>
              </ns3:TPX>
            </Extensions>
          </Trackpoint>
          <Trackpoint>
            <Time>2026-08-03T10:39:27.000Z</Time>
            <Position>
              <LatitudeDegrees>29.812921880949773</LatitudeDegrees>
              <LongitudeDegrees>106.42538304151854</LongitudeDegrees>
            </Position>
            <AltitudeMeters>203.6811981201172</AltitudeMeters>
            <DistanceMeters>2313.670654296875</DistanceMeters>
            <HeartRateBpm>
              <Value>147</Value>
            </HeartRateBpm>
            <Extensions>
              <ns3:TPX>
                <ns3:Speed>3.1082406044006348</ns3:Speed>
                <ns3:RunCadence>87</ns3:RunCadence>
              </ns3:TPX>
            </Extensions>
          </Trackpoint>
          <Trackpoint>
            <Time>2026-08-03T10:39:31.000Z</Time>
            <Position>
              <LatitudeDegrees>29.81286070534425</LatitudeDegrees>
              <LongitudeDegrees>106.42549064277897</LongitudeDegrees>
            </Position>
            <AltitudeMeters>203.78375244140625</AltitudeMeters>
            <DistanceMeters>2326.114013671875</DistanceMeters>
            <HeartRateBpm>
              <Value>146</Value>
            </HeartRateBpm>
            <Extensions>
              <ns3:TPX>
                <ns3:Speed>3.1135058403015137</ns3:Speed>
                <ns3:RunCadence>88</ns3:RunCadence>
              </ns3:TPX>
            </Extensions>
          </Trackpoint>
          <Trackpoint>
            <Time>2026-08-03T10:39:36.000Z</Time>
            <Position>
              <LatitudeDegrees>29.812811691030163</LatitudeDegrees>
              <LongitudeDegrees>106.42564163879325</LongitudeDegrees>
            </Position>
            <AltitudeMeters>203.93740844726562</AltitudeMeters>
            <DistanceMeters>2341.697265625</DistanceMeters>
            <HeartRateBpm>
              <Value>147</Value>
            </HeartRateBpm>
            <Extensions>
              <ns3:TPX>
                <ns3:Speed>3.119752883911133</ns3:Speed>
                <ns3:RunCadence>89</ns3:RunCadence>
              </ns3:TPX>
            </Extensions>
          </Trackpoint>
          <Trackpoint>
            <Time>2026-08-03T10:39:40.000Z</Time>
            <Position>
              <LatitudeDegrees>29.812790448227013</LatitudeDegrees>
              <LongitudeDegrees>106.42576864461273</LongitudeDegrees>
            </Position>
            <AltitudeMeters>204.07681274414062</AltitudeMeters>
            <DistanceMeters>2354.185546875</DistanceMeters>
            <HeartRateBpm>
              <Value>147</Value>
            </HeartRateBpm>
            <Extensions>
              <ns3:TPX>
                <ns3:Speed>3.124380588531494</ns3:Speed>
                <ns3:RunCadence>87</ns3:RunCadence>
              </ns3:TPX>
            </Extensions>
          </Trackpoint>
          <Trackpoint>
            <Time>2026-08-03T10:39:45.000Z</Time>
            <Position>
              <LatitudeDegrees>29.812783774938456</LatitudeDegrees>
              <LongitudeDegrees>106.42593036209666</LongitudeDegrees>
            </Position>
            <AltitudeMeters>204.26600646972656</AltitudeMeters>
            <DistanceMeters>2369.8203125</DistanceMeters>
            <HeartRateBpm>
              <Value>147</Value>
            </HeartRateBpm>
            <Extensions>
              <ns3:TPX>
                <ns3:Speed>3.129570484161377</ns3:Speed>
                <ns3:RunCadence>88</ns3:RunCadence>
              </ns3:TPX>
            </Extensions>
          </Trackpoint>
          <Trackpoint>
            <Time>2026-08-03T10:39:49.000Z</Time>
            <Position>
              <LatitudeDegrees>29.812793878086957</LatitudeDegrees>
              <LongitudeDegrees>106.42605958210501</LongitudeDegrees>
            </Position>
            <AltitudeMeters>204.42489624023438</AltitudeMeters>
            <DistanceMeters>2382.345947265625</DistanceMeters>
            <HeartRateBpm>
              <Value>147</Value>
            </HeartRateBpm>
            <Extensions>
              <ns3:TPX>
                <ns3:Speed>3.1331558227539062</ns3:Speed>
                <ns3:RunCadence>88</ns3:RunCadence>
              </ns3:TPX>
            </Extensions>
          </Trackpoint>
          <Trackpoint>
            <Time>2026-08-03T10:39:54.000Z</Time>
            <Position>
              <LatitudeDegrees>29.812827170266054</LatitudeDegrees>
              <LongitudeDegrees>106.42621723441839</LongitudeDegrees>
            </Position>
            <AltitudeMeters>204.62689208984375</AltitudeMeters>
            <DistanceMeters>2398.020751953125</DistanceMeters>
            <HeartRateBpm>
              <Value>146</Value>
            </HeartRateBpm>
            <Extensions>
              <ns3:TPX>
                <ns3:Speed>3.1368179321289062</ns3:Speed>
                <ns3:RunCadence>89</ns3:RunCadence>
              </ns3:TPX>
            </Extensions>
          </Trackpoint>
          <Trackpoint>
            <Time>2026-08-03T10:39:58.000Z</Time>
            <Position>
              <LatitudeDegrees>29.812873014521383</LatitudeDegrees>
              <LongitudeDegrees>106.42633590930298</LongitudeDegrees>
            </Position>
            <AltitudeMeters>204.78688049316406</AltitudeMeters>
            <DistanceMeters>2410.572509765625</DistanceMeters>
            <HeartRateBpm>
              <Value>146</Value>
            </HeartRateBpm>
            <Extensions>
              <ns3:TPX>
                <ns3:Speed>3.139019727706909</ns3:Speed>
                <ns3:RunCadence>88</ns3:RunCadence>
              </ns3:TPX>
            </Extensions>
          </Trackpoint>
          <Trackpoint>
            <Time>2026-08-03T10:40:03.000Z</Time>
            <Position>
              <LatitudeDegrees>29.812961086399408</LatitudeDegrees>
              <LongitudeDegrees>106.42646195421008</LongitudeDegrees>
            </Position>
            <AltitudeMeters>204.97930908203125</AltitudeMeters>
            <DistanceMeters>2426.27197265625</DistanceMeters>
            <HeartRateBpm>
              <Value>146</Value>
            </HeartRateBpm>
            <Extensions>
              <ns3:TPX>
                <ns3:Speed>3.140779733657837</ns3:Speed>
                <ns3:RunCadence>88</ns3:RunCadence>
              </ns3:TPX>
            </Extensions>
          </Trackpoint>
          <Trackpoint>
            <Time>2026-08-03T10:40:07.000Z</Time>
            <Position>
              <LatitudeDegrees>29.813060698332478</LatitudeDegrees>
              <LongitudeDegrees>106.42652054392371</LongitudeDegrees>
            </Position>
            <AltitudeMeters>205.12350463867188</AltitudeMeters>
            <DistanceMeters>2438.836181640625</DistanceMeters>
            <HeartRateBpm>
              <Value>145</Value>
            </HeartRateBpm>
            <Extensions>
              <ns3:TPX>
                <ns3:Speed>3.1413464546203613</ns3:Speed>
                <ns3:RunCadence>88</ns3:RunCadence>
              </ns3:TPX>
            </Extensions>
          </Trackpoint>
          <Trackpoint>
            <Time>2026-08-03T10:40:12.000Z</Time>
            <Position>
              <LatitudeDegrees>29.813197086856352</LatitudeDegrees>
              <LongitudeDegrees>106.42649540936716</LongitudeDegrees>
            </Position>
            <AltitudeMeters>205.2872772216797</AltitudeMeters>
            <DistanceMeters>2454.5419921875</DistanceMeters>
            <HeartRateBpm>
              <Value>146</Value>
            </HeartRateBpm>
            <Extensions>
              <ns3:TPX>
                <ns3:Speed>3.1409573554992676</ns3:Speed>
                <ns3:RunCadence>89</ns3:RunCadence>
              </ns3:TPX>
            </Extensions>
          </Trackpoint>
          <Trackpoint>
            <Time>2026-08-03T10:40:16.000Z</Time>
            <Position>
              <LatitudeDegrees>29.8132823665124</LatitudeDegrees>
              <LongitudeDegrees>106.42641119079605</LongitudeDegrees>
            </Position>
            <AltitudeMeters>205.40255737304688</AltitudeMeters>
            <DistanceMeters>2467.103515625</DistanceMeters>
            <HeartRateBpm>
              <Value>146</Value>
            </HeartRateBpm>
            <Extensions>
              <ns3:TPX>
                <ns3:Speed>3.1397483348846436</ns3:Speed>
                <ns3:RunCadence>87</ns3:RunCadence>
              </ns3:TPX>
            </Extensions>
          </Trackpoint>
          <Trackpoint>
            <Time>2026-08-03T10:40:21.000Z</Time>
            <Position>
              <LatitudeDegrees>29.81335448020876</LatitudeDegrees>
              <LongitudeDegrees>106.42627202716751</LongitudeDegrees>
            </Position>
            <AltitudeMeters>205.5244598388672</AltitudeMeters>
            <DistanceMeters>2482.795654296875</DistanceMeters>
            <HeartRateBpm>
              <Value>146</Value>
            </HeartRateBpm>
            <Extensions>
              <ns3:TPX>
                <ns3:Speed>3.1371090412139893</ns3:Speed>
                <ns3:RunCadence>88</ns3:RunCadence>
              </ns3:TPX>
            </Extensions>
          </Trackpoint>
          <Trackpoint>
            <Time>2026-08-03T10:40:25.000Z</Time>
            <Position>
              <LatitudeDegrees>29.813390406984084</LatitudeDegrees>
              <LongitudeDegrees>106.42614894667432</LongitudeDegrees>
            </Position>
            <AltitudeMeters>205.60313415527344</AltitudeMeters>
            <DistanceMeters>2495.337890625</DistanceMeters>
            <HeartRateBpm>
              <Value>145</Value>
            </HeartRateBpm>
            <Extensions>
              <ns3:TPX>
                <ns3:Speed>3.134105682373047</ns3:Speed>
                <ns3:RunCadence>88</ns3:RunCadence>
              </ns3:TPX>
            </Extensions>
          </Trackpoint>
          <Trackpoint>
            <Time>2026-08-03T10:40:30.000Z</Time>
            <Position>
              <LatitudeDegrees>29.81341331979667</LatitudeDegrees>
              <LongitudeDegrees>106.42598900050258</LongitudeDegrees>
            </Position>
            <AltitudeMeters>205.677490234375</AltitudeMeters>
            <DistanceMeters>2510.996337890625</DistanceMeters>
            <HeartRateBpm>
              <Value>144</Value>
            </HeartRateBpm>
            <Extensions>
              <ns3:TPX>
                <ns3:Speed>3.1292707920074463</ns3:Speed>
                <ns3:RunCadence>89</ns3:RunCadence>
              </ns3:TPX>
            </Extensions>
          </Trackpoint>
          <Trackpoint>
            <Time>2026-08-03T10:40:34.000Z</Time>
            <Position>
              <LatitudeDegrees>29.813415883557443</LatitudeDegrees>
              <LongitudeDegrees>106.4258594774629</LongitudeDegrees>
            </Position>
            <AltitudeMeters>205.71823120117188</AltitudeMeters>
            <DistanceMeters>2523.504150390625</DistanceMeters>
            <HeartRateBpm>
              <Value>145</Value>
            </HeartRateBpm>
            <Extensions>
              <ns3:TPX>
                <ns3:Speed>3.1245787143707275</ns3:Speed>
                <ns3:RunCadence>89</ns3:RunCadence>
              </ns3:TPX>
            </Extensions>
          </Trackpoint>
          <Trackpoint>
            <Time>2026-08-03T10:40:39.000Z</Time>
            <Position>
              <LatitudeDegrees>29.81339974825326</LatitudeDegrees>
              <LongitudeDegrees>106.42569897083769</LongitudeDegrees>
            </Position>
            <AltitudeMeters>205.747314453125</AltitudeMeters>
            <DistanceMeters>2539.10986328125</DistanceMeters>
            <HeartRateBpm>
              <Value>144</Value>
            </HeartRateBpm>
            <Extensions>
              <ns3:TPX>
                <ns3:Speed>3.11775541305542</ns3:Speed>
                <ns3:RunCadence>89</ns3:RunCadence>
              </ns3:TPX>
            </Extensions>
          </Trackpoint>
          <Trackpoint>
            <Time>2026-08-03T10:40:43.000Z</Time>
            <Position>
              <LatitudeDegrees>29.813370270562704</LatitudeDegrees>
              <LongitudeDegrees>106.42557451436927</LongitudeDegrees>
            </Position>
            <AltitudeMeters>205.7549591064453</AltitudeMeters>
            <DistanceMeters>2551.568603515625</DistanceMeters>
            <HeartRateBpm>
              <Value>144</Value>
            </HeartRateBpm>
            <Extensions>
              <ns3:TPX>
                <ns3:Speed>3.1115972995758057</ns3:Speed>
                <ns3:RunCadence>87</ns3:RunCadence>
              </ns3:TPX>
            </Extensions>
          </Trackpoint>
          <Trackpoint>
            <Time>2026-08-03T10:40:48.000Z</Time>
            <Position>
              <LatitudeDegrees>29.8133089913088</LatitudeDegrees>
              <LongitudeDegrees>106.42543025026598</LongitudeDegrees>
            </Position>
            <AltitudeMeters>205.7482452392578</AltitudeMeters>
            <DistanceMeters>2567.10546875</DistanceMeters>
            <HeartRateBpm>
              <Value>144</Value>
            </HeartRateBpm>
            <Extensions>
              <ns3:TPX>
                <ns3:Speed>3.103130340576172</ns3:Speed>
                <ns3:RunCadence>88</ns3:RunCadence>
              </ns3:TPX>
            </Extensions>
          </Trackpoint>
          <Trackpoint>
            <Time>2026-08-03T10:40:52.000Z</Time>
            <Position>
              <LatitudeDegrees>29.813235230298424</LatitudeDegrees>
              <LongitudeDegrees>106.42533457465748</LongitudeDegrees>
            </Position>
            <AltitudeMeters>205.73272705078125</AltitudeMeters>
            <DistanceMeters>2579.50341796875</DistanceMeters>
            <HeartRateBpm>
              <Value>144</Value>
            </HeartRateBpm>
            <Extensions>
              <ns3:TPX>
                <ns3:Speed>3.095829725265503</ns3:Speed>
                <ns3:RunCadence>86</ns3:RunCadence>
              </ns3:TPX>
            </Extensions>
          </Trackpoint>
          <Trackpoint>
            <Time>2026-08-03T10:40:57.000Z</Time>
            <Position>
              <LatitudeDegrees>29.81310886006885</LatitudeDegrees>
              <LongitudeDegrees>106.42527487341319</LongitudeDegrees>
            </Position>
            <AltitudeMeters>205.70501708984375</AltitudeMeters>
            <DistanceMeters>2594.95849609375</DistanceMeters>
            <HeartRateBpm>
              <Value>143</Value>
            </HeartRateBpm>
            <Extensions>
              <ns3:TPX>
                <ns3:Speed>3.0861759185791016</ns3:Speed>
                <ns3:RunCadence>88</ns3:RunCadence>
              </ns3:TPX>
            </Extensions>
          </Trackpoint>
          <Trackpoint>
            <Time>2026-08-03T10:41:01.000Z</Time>
            <Position>
              <LatitudeDegrees>29.81300257093982</LatitudeDegrees>
              <LongitudeDegrees>106.42530479090816</LongitudeDegrees>
            </Position>
            <AltitudeMeters>205.6796112060547</AltitudeMeters>
            <DistanceMeters>2607.287109375</DistanceMeters>
            <HeartRateBpm>
              <Value>142</Value>
            </HeartRateBpm>
            <Extensions>
              <ns3:TPX>
                <ns3:Speed>3.0781338214874268</ns3:Speed>
                <ns3:RunCadence>87</ns3:RunCadence>
              </ns3:TPX>
            </Extensions>
          </Trackpoint>
          <Trackpoint>
            <Time>2026-08-03T10:41:06.000Z</Time>
            <Position>
              <LatitudeDegrees>29.812901900614527</LatitudeDegrees>
              <LongitudeDegrees>106.42541206940467</LongitudeDegrees>
            </Position>
            <AltitudeMeters>205.64852905273438</AltitudeMeters>
            <DistanceMeters>2622.65185546875</DistanceMeters>
            <HeartRateBpm>
              <Value>142</Value>
            </HeartRateBpm>
            <Extensions>
              <ns3:TPX>
                <ns3:Speed>3.0678281784057617</ns3:Speed>
                <ns3:RunCadence>88</ns3:RunCadence>
              </ns3:TPX>
            </Extensions>
          </Trackpoint>
          <Trackpoint>
            <Time>2026-08-03T10:41:10.000Z</Time>
            <Position>
              <LatitudeDegrees>29.812847692683757</LatitudeDegrees>
              <LongitudeDegrees>106.42552237789158</LongitudeDegrees>
            </Position>
            <AltitudeMeters>205.62765502929688</AltitudeMeters>
            <DistanceMeters>2634.906494140625</DistanceMeters>
            <HeartRateBpm>
              <Value>141</Value>
            </HeartRateBpm>
            <Extensions>
              <ns3:TPX>
                <ns3:Speed>3.059492349624634</ns3:Speed>
                <ns3:RunCadence>88</ns3:RunCadence>
              </ns3:TPX>
            </Extensions>
          </Trackpoint>
          <Trackpoint>
            <Time>2026-08-03T10:41:15.000Z</Time>
            <Position>
              <LatitudeDegrees>29.812805077967568</LatitudeDegrees>
              <LongitudeDegrees>106.42567258986026</LongitudeDegrees>
            </Position>
            <AltitudeMeters>205.6109161376953</AltitudeMeters>
            <DistanceMeters>2650.177978515625</DistanceMeters>
            <HeartRateBpm>
              <Value>142</Value>
            </HeartRateBpm>
            <Extensions>
              <ns3:TPX>
                <ns3:Speed>3.0491087436676025</ns3:Speed>
                <ns3:RunCadence>87</ns3:RunCadence>
              </ns3:TPX>
            </Extensions>
          </Trackpoint>
          <Trackpoint>
            <Time>2026-08-03T10:41:19.000Z</Time>
            <Position>
              <LatitudeDegrees>29.812787737890403</LatitudeDegrees>
              <LongitudeDegrees>106.42579715701447</LongitudeDegrees>
            </Position>
            <AltitudeMeters>205.6079864501953</AltitudeMeters>
            <DistanceMeters>2662.358154296875</DistanceMeters>
            <HeartRateBpm>
              <Value>141</Value>
            </HeartRateBpm>
            <Extensions>
              <ns3:TPX>
                <ns3:Speed>3.040940761566162</ns3:Speed>
                <ns3:RunCadence>86</ns3:RunCadence>
              </ns3:TPX>
            </Extensions>
          </Trackpoint>
          <Trackpoint>
            <Time>2026-08-03T10:41:24.000Z</Time>
            <Position>
              <LatitudeDegrees>29.812784665549508</LatitudeDegrees>
              <LongitudeDegrees>106.42595430765618</LongitudeDegrees>
            </Position>
            <AltitudeMeters>205.62086486816406</AltitudeMeters>
            <DistanceMeters>2677.5380859375</DistanceMeters>
            <HeartRateBpm>
              <Value>140</Value>
            </HeartRateBpm>
            <Extensions>
              <ns3:TPX>
                <ns3:Speed>3.0310487747192383</ns3:Speed>
                <ns3:RunCadence>88</ns3:RunCadence>
              </ns3:TPX>
            </Extensions>
          </Trackpoint>
          <Trackpoint>
            <Time>2026-08-03T10:41:28.000Z</Time>
            <Position>
              <LatitudeDegrees>29.812796716978283</LatitudeDegrees>
              <LongitudeDegrees>106.42607895959885</LongitudeDegrees>
            </Position>
            <AltitudeMeters>205.64651489257812</AltitudeMeters>
            <DistanceMeters>2689.647216796875</DistanceMeters>
            <HeartRateBpm>
              <Value>140</Value>
            </HeartRateBpm>
            <Extensions>
              <ns3:TPX>
                <ns3:Speed>3.0234904289245605</ns3:Speed>
                <ns3:RunCadence>86</ns3:RunCadence>
              </ns3:TPX>
            </Extensions>
          </Trackpoint>
          <Trackpoint>
            <Time>2026-08-03T10:41:33.000Z</Time>
            <Position>
              <LatitudeDegrees>29.81283115526312</LatitudeDegrees>
              <LongitudeDegrees>106.42623008274072</LongitudeDegrees>
            </Position>
            <AltitudeMeters>205.69984436035156</AltitudeMeters>
            <DistanceMeters>2704.742431640625</DistanceMeters>
            <HeartRateBpm>
              <Value>140</Value>
            </HeartRateBpm>
            <Extensions>
              <ns3:TPX>
                <ns3:Speed>3.0146138668060303</ns3:Speed>
                <ns3:RunCadence>87</ns3:RunCadence>
              </ns3:TPX>
            </Extensions>
          </Trackpoint>
          <Trackpoint>
            <Time>2026-08-03T10:41:37.000Z</Time>
            <Position>
              <LatitudeDegrees>29.812876577910586</LatitudeDegrees>
              <LongitudeDegrees>106.42634323161698</LongitudeDegrees>
            </Position>
            <AltitudeMeters>205.7605438232422</AltitudeMeters>
            <DistanceMeters>2716.787841796875</DistanceMeters>
            <HeartRateBpm>
              <Value>139</Value>
            </HeartRateBpm>
            <Extensions>
              <ns3:TPX>
                <ns3:Speed>3.008054494857788</ns3:Speed>
                <ns3:RunCadence>86</ns3:RunCadence>
              </ns3:TPX>
            </Extensions>
          </Trackpoint>
          <Trackpoint>
            <Time>2026-08-03T10:41:42.000Z</Time>
            <Position>
              <LatitudeDegrees>29.81296200742827</LatitudeDegrees>
              <LongitudeDegrees>106.4264628221848</LongitudeDegrees>
            </Position>
            <AltitudeMeters>205.8594512939453</AltitudeMeters>
            <DistanceMeters>2731.8095703125</DistanceMeters>
            <HeartRateBpm>
              <Value>138</Value>
            </HeartRateBpm>
            <Extensions>
              <ns3:TPX>
                <ns3:Speed>3.000633716583252</ns3:Speed>
                <ns3:RunCadence>86</ns3:RunCadence>
              </ns3:TPX>
            </Extensions>
          </Trackpoint>
          <Trackpoint>
            <Time>2026-08-03T10:41:46.000Z</Time>
            <Position>
              <LatitudeDegrees>29.81305683902668</LatitudeDegrees>
              <LongitudeDegrees>106.42651954005707</LongitudeDegrees>
            </Position>
            <AltitudeMeters>205.956787109375</AltitudeMeters>
            <DistanceMeters>2743.801513671875</DistanceMeters>
            <HeartRateBpm>
              <Value>138</Value>
            </HeartRateBpm>
            <Extensions>
              <ns3:TPX>
                <ns3:Speed>2.99538254737854</ns3:Speed>
                <ns3:RunCadence>87</ns3:RunCadence>
              </ns3:TPX>
            </Extensions>
          </Trackpoint>
          <Trackpoint>
            <Time>2026-08-03T10:41:51.000Z</Time>
            <Position>
              <LatitudeDegrees>29.813187601828794</LatitudeDegrees>
              <LongitudeDegrees>106.42650096049424</LongitudeDegrees>
            </Position>
            <AltitudeMeters>206.10012817382812</AltitudeMeters>
            <DistanceMeters>2758.764404296875</DistanceMeters>
            <HeartRateBpm>
              <Value>139</Value>
            </HeartRateBpm>
            <Extensions>
              <ns3:TPX>
                <ns3:Speed>2.9897429943084717</ns3:Speed>
                <ns3:RunCadence>87</ns3:RunCadence>
              </ns3:TPX>
            </Extensions>
          </Trackpoint>
          <Trackpoint>
            <Time>2026-08-03T10:41:55.000Z</Time>
            <Position>
              <LatitudeDegrees>29.813271899732623</LatitudeDegrees>
              <LongitudeDegrees>106.42642532314218</LongitudeDegrees>
            </Position>
            <AltitudeMeters>206.23072814941406</AltitudeMeters>
            <DistanceMeters>2770.7158203125</DistanceMeters>
            <HeartRateBpm>
              <Value>138</Value>
            </HeartRateBpm>
            <Extensions>
              <ns3:TPX>
                <ns3:Speed>2.9860076904296875</ns3:Speed>
                <ns3:RunCadence>87</ns3:RunCadence>
              </ns3:TPX>
            </Extensions>
          </Trackpoint>
          <Trackpoint>
            <Time>2026-08-03T10:42:00.000Z</Time>
            <Position>
              <LatitudeDegrees>29.813344967329947</LatitudeDegrees>
              <LongitudeDegrees>106.42629623441611</LongitudeDegrees>
            </Position>
            <AltitudeMeters>206.41131591796875</AltitudeMeters>
            <DistanceMeters>2785.63671875</DistanceMeters>
            <HeartRateBpm>
              <Value>139</Value>
            </HeartRateBpm>
            <Extensions>
              <ns3:TPX>
                <ns3:Speed>2.982339382171631</ns3:Speed>
                <ns3:RunCadence>86</ns3:RunCadence>
              </ns3:TPX>
            </Extensions>
          </Trackpoint>
          <Trackpoint>
            <Time>2026-08-03T10:42:04.000Z</Time>
            <Position>
              <LatitudeDegrees>29.81338290069736</LatitudeDegrees>
              <LongitudeDegrees>106.42618076389802</LongitudeDegrees>
            </Position>
            <AltitudeMeters>206.5672149658203</AltitudeMeters>
            <DistanceMeters>2797.561767578125</DistanceMeters>
            <HeartRateBpm>
              <Value>139</Value>
            </HeartRateBpm>
            <Extensions>
              <ns3:TPX>
                <ns3:Speed>2.9802134037017822</ns3:Speed>
                <ns3:RunCadence>87</ns3:RunCadence>
              </ns3:TPX>
            </Extensions>
          </Trackpoint>
          <Trackpoint>
            <Time>2026-08-03T10:42:09.000Z</Time>
            <Position>
              <LatitudeDegrees>29.813409746765156</LatitudeDegrees>
              <LongitudeDegrees>106.42602965739735</LongitudeDegrees>
            </Position>
            <AltitudeMeters>206.77259826660156</AltitudeMeters>
            <DistanceMeters>2812.458740234375</DistanceMeters>
            <HeartRateBpm>
              <Value>138</Value>
            </HeartRateBpm>
            <Extensions>
              <ns3:TPX>
                <ns3:Speed>2.9785590171813965</ns3:Speed>
                <ns3:RunCadence>87</ns3:RunCadence>
              </ns3:TPX>
            </Extensions>
          </Trackpoint>
          <Trackpoint>
            <Time>2026-08-03T10:42:13.000Z</Time>
            <Position>
              <LatitudeDegrees>29.8134165413779</LatitudeDegrees>
              <LongitudeDegrees>106.4259064954434</LongitudeDegrees>
            </Position>
            <AltitudeMeters>206.94212341308594</AltitudeMeters>
            <DistanceMeters>2824.3720703125</DistanceMeters>
            <HeartRateBpm>
              <Value>138</Value>
            </HeartRateBpm>
            <Extensions>
              <ns3:TPX>
                <ns3:Speed>2.978018045425415</ns3:Speed>
                <ns3:RunCadence>85</ns3:RunCadence>
              </ns3:TPX>
            </Extensions>
          </Trackpoint>
          <Trackpoint>
            <Time>2026-08-03T10:42:18.000Z</Time>
            <Position>
              <LatitudeDegrees>29.813407607447456</LatitudeDegrees>
              <LongitudeDegrees>106.42575264339729</LongitudeDegrees>
            </Position>
            <AltitudeMeters>207.1559295654297</AltitudeMeters>
            <DistanceMeters>2839.2626953125</DistanceMeters>
            <HeartRateBpm>
              <Value>139</Value>
            </HeartRateBpm>
            <Extensions>
              <ns3:TPX>
                <ns3:Speed>2.9782752990722656</ns3:Speed>
                <ns3:RunCadence>86</ns3:RunCadence>
              </ns3:TPX>
            </Extensions>
          </Trackpoint>
          <Trackpoint>
            <Time>2026-08-03T10:42:22.000Z</Time>
            <Position>
              <LatitudeDegrees>29.81338593312381</LatitudeDegrees>
              <LongitudeDegrees>106.42563179732441</LongitudeDegrees>
            </Position>
            <AltitudeMeters>207.32489013671875</AltitudeMeters>
            <DistanceMeters>2851.177490234375</DistanceMeters>
            <HeartRateBpm>
              <Value>138</Value>
            </HeartRateBpm>
            <Extensions>
              <ns3:TPX>
                <ns3:Speed>2.979182481765747</ns3:Speed>
                <ns3:RunCadence>86</ns3:RunCadence>
              </ns3:TPX>
            </Extensions>
          </Trackpoint>
          <Trackpoint>
            <Time>2026-08-03T10:42:27.000Z</Time>
            <Position>
              <LatitudeDegrees>29.813338078589645</LatitudeDegrees>
              <LongitudeDegrees>106.42548782960873</LongitudeDegrees>
            </Position>
            <AltitudeMeters>207.52853393554688</AltitudeMeters>
            <DistanceMeters>2866.078369140625</DistanceMeters>
            <HeartRateBpm>
              <Value>139</Value>
            </HeartRateBpm>
            <Extensions>
              <ns3:TPX>
                <ns3:Speed>2.981116771697998</ns3:Speed>
                <ns3:RunCadence>87</ns3:RunCadence>
              </ns3:TPX>
            </Extensions>
          </Trackpoint>
          <Trackpoint>
            <Time>2026-08-03T10:42:31.000Z</Time>
            <Position>
              <LatitudeDegrees>29.813279349977147</LatitudeDegrees>
              <LongitudeDegrees>106.42538471301059</LongitudeDegrees>
            </Position>
            <AltitudeMeters>207.68173217773438</AltitudeMeters>
            <DistanceMeters>2878.007080078125</DistanceMeters>
            <HeartRateBpm>
              <Value>139</Value>
            </HeartRateBpm>
            <Extensions>
              <ns3:TPX>
                <ns3:Speed>2.9832377433776855</ns3:Speed>
                <ns3:RunCadence>86</ns3:RunCadence>
              </ns3:TPX>
            </Extensions>
          </Trackpoint>
          <Trackpoint>
            <Time>2026-08-03T10:42:36.000Z</Time>
            <Position>
              <LatitudeDegrees>29.81317368697828</LatitudeDegrees>
              <LongitudeDegrees>106.42529181218023</LongitudeDegrees>
            </Position>
            <AltitudeMeters>207.85633850097656</AltitudeMeters>
            <DistanceMeters>2892.931396484375</DistanceMeters>
            <HeartRateBpm>
              <Value>139</Value>
            </HeartRateBpm>
            <Extensions>
              <ns3:TPX>
                <ns3:Speed>2.9865050315856934</ns3:Speed>
                <ns3:RunCadence>86</ns3:RunCadence>
              </ns3:TPX>
            </Extensions>
          </Trackpoint>
          <Trackpoint>
            <Time>2026-08-03T10:42:40.000Z</Time>
            <Position>
              <LatitudeDegrees>29.813068374557837</LatitudeDegrees>
              <LongitudeDegrees>106.4252776132774</LongitudeDegrees>
            </Position>
            <AltitudeMeters>207.9792022705078</AltitudeMeters>
            <DistanceMeters>2904.883544921875</DistanceMeters>
            <HeartRateBpm>
              <Value>140</Value>
            </HeartRateBpm>
            <Extensions>
              <ns3:TPX>
                <ns3:Speed>2.989530324935913</ns3:Speed>
                <ns3:RunCadence>86</ns3:RunCadence>
              </ns3:TPX>
            </Extensions>
          </Trackpoint>
          <Trackpoint>
            <Time>2026-08-03T10:42:45.000Z</Time>
            <Position>
              <LatitudeDegrees>29.812950807611404</LatitudeDegrees>
              <LongitudeDegrees>106.42534844250794</LongitudeDegrees>
            </Position>
            <AltitudeMeters>208.10775756835938</AltitudeMeters>
            <DistanceMeters>2919.841552734375</DistanceMeters>
            <HeartRateBpm>
              <Value>140</Value>
            </HeartRateBpm>
            <Extensions>
              <ns3:TPX>
                <ns3:Speed>2.9937100410461426</ns3:Speed>
                <ns3:RunCadence>87</ns3:RunCadence>
              </ns3:TPX>
            </Extensions>
          </Trackpoint>
          <Trackpoint>
            <Time>2026-08-03T10:42:49.000Z</Time>
            <Position>
              <LatitudeDegrees>29.81288310526497</LatitudeDegrees>
              <LongitudeDegrees>106.4254445299752</LongitudeDegrees>
            </Position>
            <AltitudeMeters>208.18798828125</AltitudeMeters>
            <DistanceMeters>2931.823486328125</DistanceMeters>
            <HeartRateBpm>
              <Value>141</Value>
            </HeartRateBpm>
            <Extensions>
              <ns3:TPX>
                <ns3:Speed>2.997283458709717</ns3:Speed>
                <ns3:RunCadence>86</ns3:RunCadence>
              </ns3:TPX>
            </Extensions>
          </Trackpoint>
          <Trackpoint>
            <Time>2026-08-03T10:42:54.000Z</Time>
            <Position>
              <LatitudeDegrees>29.8128264126647</LatitudeDegrees>
              <LongitudeDegrees>106.4255852082199</LongitudeDegrees>
            </Position>
            <AltitudeMeters>208.2572784423828</AltitudeMeters>
            <DistanceMeters>2946.821533203125</DistanceMeters>
            <HeartRateBpm>
              <Value>142</Value>
            </HeartRateBpm>
            <Extensions>
              <ns3:TPX>
                <ns3:Speed>3.00191593170166</ns3:Speed>
                <ns3:RunCadence>86</ns3:RunCadence>
              </ns3:TPX>
            </Extensions>
          </Trackpoint>
          <Trackpoint>
            <Time>2026-08-03T10:42:58.000Z</Time>
            <Position>
              <LatitudeDegrees>29.812799065453916</LatitudeDegrees>
              <LongitudeDegrees>106.42570558966314</LongitudeDegrees>
            </Position>
            <AltitudeMeters>208.28639221191406</AltitudeMeters>
            <DistanceMeters>2958.836669921875</DistanceMeters>
            <HeartRateBpm>
              <Value>142</Value>
            </HeartRateBpm>
            <Extensions>
              <ns3:TPX>
                <ns3:Speed>3.0056657791137695</ns3:Speed>
                <ns3:RunCadence>86</ns3:RunCadence>
              </ns3:TPX>
            </Extensions>
          </Trackpoint>
          <Trackpoint>
            <Time>2026-08-03T10:43:03.000Z</Time>
            <Position>
              <LatitudeDegrees>29.81278408096287</LatitudeDegrees>
              <LongitudeDegrees>106.42586036816674</LongitudeDegrees>
            </Position>
            <AltitudeMeters>208.28872680664062</AltitudeMeters>
            <DistanceMeters>2973.876708984375</DistanceMeters>
            <HeartRateBpm>
              <Value>142</Value>
            </HeartRateBpm>
            <Extensions>
              <ns3:TPX>
                <ns3:Speed>3.0102930068969727</ns3:Speed>
                <ns3:RunCadence>86</ns3:RunCadence>
              </ns3:TPX>
            </Extensions>
          </Trackpoint>
          <Trackpoint>
            <Time>2026-08-03T10:43:07.000Z</Time>
            <Position>
              <LatitudeDegrees>29.812786423046372</LatitudeDegrees>
              <LongitudeDegrees>106.42598514121708</LongitudeDegrees>
            </Position>
            <AltitudeMeters>208.26315307617188</AltitudeMeters>
            <DistanceMeters>2985.925048828125</DistanceMeters>
            <HeartRateBpm>
              <Value>142</Value>
            </HeartRateBpm>
            <Extensions>
              <ns3:TPX>
                <ns3:Speed>3.0138659477233887</ns3:Speed>
                <ns3:RunCadence>86</ns3:RunCadence>
              </ns3:TPX>
            </Extensions>
          </Trackpoint>
          <Trackpoint>
            <Time>2026-08-03T10:43:12.000Z</Time>
            <Position>
              <LatitudeDegrees>29.81280758194389</LatitudeDegrees>
              <LongitudeDegrees>106.42613935397036</LongitudeDegrees>
            </Position>
            <AltitudeMeters>208.19754028320312</AltitudeMeters>
            <DistanceMeters>3001.0048828125</DistanceMeters>
            <HeartRateBpm>
              <Value>142</Value>
            </HeartRateBpm>
            <Extensions>
              <ns3:TPX>
                <ns3:Speed>3.0180718898773193</ns3:Speed>
                <ns3:RunCadence>88</ns3:RunCadence>
              </ns3:TPX>
            </Extensions>
          </Trackpoint>
        </Track>
        <Extensions>
          <ns3:LX>
            <ns3:AvgSpeed>3.059654951095581</ns3:AvgSpeed>
            <ns3:AvgRunCadence>87</ns3:AvgRunCadence>
            <ns3:MaxRunCadence>89</ns3:MaxRunCadence>
          </ns3:LX>
        </Extensions>
      </Lap>
      <Lap StartTime="2026-08-03T10:43:12.000Z">
        <TotalTimeSeconds>315.440</TotalTimeSeconds>
        <DistanceMeters>1000.0</DistanceMeters>
        <MaximumSpeed>3.343099355697632</MaximumSpeed>
        <Calories>61</Calories>
        <AverageHeartRateBpm>
          <Value>143</Value>
        </AverageHeartRateBpm>
        <MaximumHeartRateBpm>
          <Value>152</Value>
        </MaximumHeartRateBpm>
        <Intensity>Active</Intensity>
        <TriggerMethod>Manual</TriggerMethod>
        <Track>
          <Trackpoint>
            <Time>2026-08-03T10:43:12.000Z</Time>
            <Position>
              <LatitudeDegrees>29.81280758194389</LatitudeDegrees>
              <LongitudeDegrees>106.42613935397036</LongitudeDegrees>
            </Position>
            <AltitudeMeters>208.19754028320312</AltitudeMeters>
            <DistanceMeters>3001.0048828125</DistanceMeters>
            <HeartRateBpm>
              <Value>142</Value>
            </HeartRateBpm>
            <Extensions>
              <ns3:TPX>
                <ns3:Speed>3.0180718898773193</ns3:Speed>
                <ns3:RunCadence>88</ns3:RunCadence>
              </ns3:TPX>
            </Extensions>
          </Trackpoint>
          <Trackpoint>
            <Time>2026-08-03T10:43:16.000Z</Time>
            <Position>
              <LatitudeDegrees>29.812840631061327</LatitudeDegrees>
              <LongitudeDegrees>106.42625847603705</LongitudeDegrees>
            </Position>
            <AltitudeMeters>208.1193084716797</AltitudeMeters>
            <DistanceMeters>3013.083251953125</DistanceMeters>
            <HeartRateBpm>
              <Value>141</Value>
            </HeartRateBpm>
            <Extensions>
              <ns3:TPX>
                <ns3:Speed>3.021162748336792</ns3:Speed>
                <ns3:RunCadence>88</ns3:RunCadence>
              </ns3:TPX>
            </Extensions>
          </Trackpoint>
          <Trackpoint>
            <Time>2026-08-03T10:43:21.000Z</Time>
            <Position>
              <LatitudeDegrees>29.81290653904349</LatitudeDegrees>
              <LongitudeDegrees>106.42639496276135</LongitudeDegrees>
            </Position>
            <AltitudeMeters>207.99180603027344</AltitudeMeters>
            <DistanceMeters>3028.19775390625</DistanceMeters>
            <HeartRateBpm>
              <Value>141</Value>
            </HeartRateBpm>
            <Extensions>
              <ns3:TPX>
                <ns3:Speed>3.0246098041534424</ns3:Speed>
                <ns3:RunCadence>86</ns3:RunCadence>
              </ns3:TPX>
            </Extensions>
          </Trackpoint>
          <Trackpoint>
            <Time>2026-08-03T10:43:25.000Z</Time>
            <Position>
              <LatitudeDegrees>29.812984146342547</LatitudeDegrees>
              <LongitudeDegrees>106.42648208242018</LongitudeDegrees>
            </Position>
            <AltitudeMeters>207.86846923828125</AltitudeMeters>
            <DistanceMeters>3040.30078125</DistanceMeters>
            <HeartRateBpm>
              <Value>142</Value>
            </HeartRateBpm>
            <Extensions>
              <ns3:TPX>
                <ns3:Speed>3.026989459991455</ns3:Speed>
                <ns3:RunCadence>86</ns3:RunCadence>
              </ns3:TPX>
            </Extensions>
          </Trackpoint>
          <Trackpoint>
            <Time>2026-08-03T10:43:30.000Z</Time>
            <Position>
              <LatitudeDegrees>29.81311248077049</LatitudeDegrees>
              <LongitudeDegrees>106.4265249392607</LongitudeDegrees>
            </Position>
            <AltitudeMeters>207.69166564941406</AltitudeMeters>
            <DistanceMeters>3055.44189453125</DistanceMeters>
            <HeartRateBpm>
              <Value>141</Value>
            </HeartRateBpm>
            <Extensions>
              <ns3:TPX>
                <ns3:Speed>3.0294477939605713</ns3:Speed>
                <ns3:RunCadence>87</ns3:RunCadence>
              </ns3:TPX>
            </Extensions>
          </Trackpoint>
          <Trackpoint>
            <Time>2026-08-03T10:43:34.000Z</Time>
            <Position>
              <LatitudeDegrees>29.81321408034569</LatitudeDegrees>
              <LongitudeDegrees>106.42648353368658</LongitudeDegrees>
            </Position>
            <AltitudeMeters>207.5355682373047</AltitudeMeters>
            <DistanceMeters>3067.562744140625</DistanceMeters>
            <HeartRateBpm>
              <Value>141</Value>
            </HeartRateBpm>
            <Extensions>
              <ns3:TPX>
                <ns3:Speed>3.030982255935669</ns3:Speed>
                <ns3:RunCadence>87</ns3:RunCadence>
              </ns3:TPX>
            </Extensions>
          </Trackpoint>
          <Trackpoint>
            <Time>2026-08-03T10:43:39.000Z</Time>
            <Position>
              <LatitudeDegrees>29.81330812532367</LatitudeDegrees>
              <LongitudeDegrees>106.42637121105987</LongitudeDegrees>
            </Position>
            <AltitudeMeters>207.32723999023438</AltitudeMeters>
            <DistanceMeters>3082.72119140625</DistanceMeters>
            <HeartRateBpm>
              <Value>141</Value>
            </HeartRateBpm>
            <Extensions>
              <ns3:TPX>
                <ns3:Speed>3.03235125541687</ns3:Speed>
                <ns3:RunCadence>86</ns3:RunCadence>
              </ns3:TPX>
            </Extensions>
          </Trackpoint>
          <Trackpoint>
            <Time>2026-08-03T10:43:43.000Z</Time>
            <Position>
              <LatitudeDegrees>29.813358798912603</LatitudeDegrees>
              <LongitudeDegrees>106.42626011473209</LongitudeDegrees>
            </Position>
            <AltitudeMeters>207.154052734375</AltitudeMeters>
            <DistanceMeters>3094.851806640625</DistanceMeters>
            <HeartRateBpm>
              <Value>142</Value>
            </HeartRateBpm>
            <Extensions>
              <ns3:TPX>
                <ns3:Speed>3.0330142974853516</ns3:Speed>
                <ns3:RunCadence>87</ns3:RunCadence>
              </ns3:TPX>
            </Extensions>
          </Trackpoint>
          <Trackpoint>
            <Time>2026-08-03T10:43:48.000Z</Time>
            <Position>
              <LatitudeDegrees>29.81339816606257</LatitudeDegrees>
              <LongitudeDegrees>106.42610985686815</LongitudeDegrees>
            </Position>
            <AltitudeMeters>206.9350128173828</AltitudeMeters>
            <DistanceMeters>3110.017822265625</DistanceMeters>
            <HeartRateBpm>
              <Value>141</Value>
            </HeartRateBpm>
            <Extensions>
              <ns3:TPX>
                <ns3:Speed>3.0333309173583984</ns3:Speed>
                <ns3:RunCadence>86</ns3:RunCadence>
              </ns3:TPX>
            </Extensions>
          </Trackpoint>
          <Trackpoint>
            <Time>2026-08-03T10:43:52.000Z</Time>
            <Position>
              <LatitudeDegrees>29.81341355660196</LatitudeDegrees>
              <LongitudeDegrees>106.42598544664484</LongitudeDegrees>
            </Position>
            <AltitudeMeters>206.76190185546875</AltitudeMeters>
            <DistanceMeters>3122.15087890625</DistanceMeters>
            <HeartRateBpm>
              <Value>140</Value>
            </HeartRateBpm>
            <Extensions>
              <ns3:TPX>
                <ns3:Speed>3.033207654953003</ns3:Speed>
                <ns3:RunCadence>87</ns3:RunCadence>
              </ns3:TPX>
            </Extensions>
          </Trackpoint>
          <Trackpoint>
            <Time>2026-08-03T10:43:57.000Z</Time>
            <Position>
              <LatitudeDegrees>29.813414480473117</LatitudeDegrees>
              <LongitudeDegrees>106.42582841836034</LongitudeDegrees>
            </Position>
            <AltitudeMeters>206.55352783203125</AltitudeMeters>
            <DistanceMeters>3137.3154296875</DistanceMeters>
            <HeartRateBpm>
              <Value>140</Value>
            </HeartRateBpm>
            <Extensions>
              <ns3:TPX>
                <ns3:Speed>3.032644748687744</ns3:Speed>
                <ns3:RunCadence>87</ns3:RunCadence>
              </ns3:TPX>
            </Extensions>
          </Trackpoint>
          <Trackpoint>
            <Time>2026-08-03T10:44:01.000Z</Time>
            <Position>
              <LatitudeDegrees>29.813400614040347</LatitudeDegrees>
              <LongitudeDegrees>106.42570380142716</LongitudeDegrees>
            </Position>
            <AltitudeMeters>206.39700317382812</AltitudeMeters>
            <DistanceMeters>3149.444580078125</DistanceMeters>
            <HeartRateBpm>
              <Value>140</Value>
            </HeartRateBpm>
            <Extensions>
              <ns3:TPX>
                <ns3:Speed>3.031924247741699</ns3:Speed>
                <ns3:RunCadence>86</ns3:RunCadence>
              </ns3:TPX>
            </Extensions>
          </Trackpoint>
          <Trackpoint>
            <Time>2026-08-03T10:44:06.000Z</Time>
            <Position>
              <LatitudeDegrees>29.813363332383364</LatitudeDegrees>
              <LongitudeDegrees>106.42555291796315</LongitudeDegrees>
            </Position>
            <AltitudeMeters>206.21859741210938</AltitudeMeters>
            <DistanceMeters>3164.601318359375</DistanceMeters>
            <HeartRateBpm>
              <Value>140</Value>
            </HeartRateBpm>
            <Extensions>
              <ns3:TPX>
                <ns3:Speed>3.0307769775390625</ns3:Speed>
                <ns3:RunCadence>87</ns3:RunCadence>
              </ns3:TPX>
            </Extensions>
          </Trackpoint>
          <Trackpoint>
            <Time>2026-08-03T10:44:10.000Z</Time>
            <Position>
              <LatitudeDegrees>29.813314818219045</LatitudeDegrees>
              <LongitudeDegrees>106.42544063662915</LongitudeDegrees>
            </Position>
            <AltitudeMeters>206.0926055908203</AltitudeMeters>
            <DistanceMeters>3176.722412109375</DistanceMeters>
            <HeartRateBpm>
              <Value>140</Value>
            </HeartRateBpm>
            <Extensions>
              <ns3:TPX>
                <ns3:Speed>3.029737949371338</ns3:Speed>
                <ns3:RunCadence>86</ns3:RunCadence>
              </ns3:TPX>
            </Extensions>
          </Trackpoint>
          <Trackpoint>
            <Time>2026-08-03T10:44:15.000Z</Time>
            <Position>
              <LatitudeDegrees>29.813224179949568</LatitudeDegrees>
              <LongitudeDegrees>106.42532473176122</LongitudeDegrees>
            </Position>
            <AltitudeMeters>205.95921325683594</AltitudeMeters>
            <DistanceMeters>3191.86767578125</DistanceMeters>
            <HeartRateBpm>
              <Value>139</Value>
            </HeartRateBpm>
            <Extensions>
              <ns3:TPX>
                <ns3:Speed>3.028399705886841</ns3:Speed>
                <ns3:RunCadence>86</ns3:RunCadence>
              </ns3:TPX>
            </Extensions>
          </Trackpoint>
          <Trackpoint>
            <Time>2026-08-03T10:44:19.000Z</Time>
            <Position>
              <LatitudeDegrees>29.813124871771898</LatitudeDegrees>
              <LongitudeDegrees>106.42527656310224</LongitudeDegrees>
            </Position>
            <AltitudeMeters>205.87356567382812</AltitudeMeters>
            <DistanceMeters>3203.979248046875</DistanceMeters>
            <HeartRateBpm>
              <Value>139</Value>
            </HeartRateBpm>
            <Extensions>
              <ns3:TPX>
                <ns3:Speed>3.02738618850708</ns3:Speed>
                <ns3:RunCadence>87</ns3:RunCadence>
              </ns3:TPX>
            </Extensions>
          </Trackpoint>
          <Trackpoint>
            <Time>2026-08-03T10:44:24.000Z</Time>
            <Position>
              <LatitudeDegrees>29.812994743353837</LatitudeDegrees>
              <LongitudeDegrees>106.42531022016087</LongitudeDegrees>
            </Position>
            <AltitudeMeters>205.79432678222656</AltitudeMeters>
            <DistanceMeters>3219.113525390625</DistanceMeters>
            <HeartRateBpm>
              <Value>139</Value>
            </HeartRateBpm>
            <Extensions>
              <ns3:TPX>
                <ns3:Speed>3.026315689086914</ns3:Speed>
                <ns3:RunCadence>86</ns3:RunCadence>
              </ns3:TPX>
            </Extensions>
          </Trackpoint>
          <Trackpoint>
            <Time>2026-08-03T10:44:28.000Z</Time>
            <Position>
              <LatitudeDegrees>29.812914134292672</LatitudeDegrees>
              <LongitudeDegrees>106.42539356080731</LongitudeDegrees>
            </Position>
            <AltitudeMeters>205.75367736816406</AltitudeMeters>
            <DistanceMeters>3231.217529296875</DistanceMeters>
            <HeartRateBpm>
              <Value>138</Value>
            </HeartRateBpm>
            <Extensions>
              <ns3:TPX>
                <ns3:Speed>3.025710344314575</ns3:Speed>
                <ns3:RunCadence>88</ns3:RunCadence>
              </ns3:TPX>
            </Extensions>
          </Trackpoint>
          <Trackpoint>
            <Time>2026-08-03T10:44:33.000Z</Time>
            <Position>
              <LatitudeDegrees>29.812845384384204</LatitudeDegrees>
              <LongitudeDegrees>106.42552832148955</LongitudeDegrees>
            </Position>
            <AltitudeMeters>205.73104858398438</AltitudeMeters>
            <DistanceMeters>3246.345458984375</DistanceMeters>
            <HeartRateBpm>
              <Value>138</Value>
            </HeartRateBpm>
            <Extensions>
              <ns3:TPX>
                <ns3:Speed>3.025393486022949</ns3:Speed>
                <ns3:RunCadence>86</ns3:RunCadence>
              </ns3:TPX>
            </Extensions>
          </Trackpoint>
          <Trackpoint>
            <Time>2026-08-03T10:44:37.000Z</Time>
            <Position>
              <LatitudeDegrees>29.812810445675435</LatitudeDegrees>
              <LongitudeDegrees>106.42564698618624</LongitudeDegrees>
            </Position>
            <AltitudeMeters>205.73464965820312</AltitudeMeters>
            <DistanceMeters>3258.447265625</DistanceMeters>
            <HeartRateBpm>
              <Value>138</Value>
            </HeartRateBpm>
            <Extensions>
              <ns3:TPX>
                <ns3:Speed>3.025583028793335</ns3:Speed>
                <ns3:RunCadence>87</ns3:RunCadence>
              </ns3:TPX>
            </Extensions>
          </Trackpoint>
          <Trackpoint>
            <Time>2026-08-03T10:44:42.000Z</Time>
            <Position>
              <LatitudeDegrees>29.812787342728647</LatitudeDegrees>
              <LongitudeDegrees>106.42580136957079</LongitudeDegrees>
            </Position>
            <AltitudeMeters>205.76441955566406</AltitudeMeters>
            <DistanceMeters>3273.57763671875</DistanceMeters>
            <HeartRateBpm>
              <Value>137</Value>
            </HeartRateBpm>
            <Extensions>
              <ns3:TPX>
                <ns3:Speed>3.026491165161133</ns3:Speed>
                <ns3:RunCadence>87</ns3:RunCadence>
              </ns3:TPX>
            </Extensions>
          </Trackpoint>
          <Trackpoint>
            <Time>2026-08-03T10:44:46.000Z</Time>
            <Position>
              <LatitudeDegrees>29.81278372685378</LatitudeDegrees>
              <LongitudeDegrees>106.42592673401904</LongitudeDegrees>
            </Position>
            <AltitudeMeters>205.80645751953125</AltitudeMeters>
            <DistanceMeters>3285.686279296875</DistanceMeters>
            <HeartRateBpm>
              <Value>137</Value>
            </HeartRateBpm>
            <Extensions>
              <ns3:TPX>
                <ns3:Speed>3.0278353691101074</ns3:Speed>
                <ns3:RunCadence>88</ns3:RunCadence>
              </ns3:TPX>
            </Extensions>
          </Trackpoint>
          <Trackpoint>
            <Time>2026-08-03T10:44:51.000Z</Time>
            <Position>
              <LatitudeDegrees>29.812797289578338</LatitudeDegrees>
              <LongitudeDegrees>106.42608277890331</LongitudeDegrees>
            </Position>
            <AltitudeMeters>205.87857055664062</AltitudeMeters>
            <DistanceMeters>3300.831787109375</DistanceMeters>
            <HeartRateBpm>
              <Value>136</Value>
            </HeartRateBpm>
            <Extensions>
              <ns3:TPX>
                <ns3:Speed>3.0303850173950195</ns3:Speed>
                <ns3:RunCadence>87</ns3:RunCadence>
              </ns3:TPX>
            </Extensions>
          </Trackpoint>
          <Trackpoint>
            <Time>2026-08-03T10:44:55.000Z</Time>
            <Position>
              <LatitudeDegrees>29.812823558693836</LatitudeDegrees>
              <LongitudeDegrees>106.42620466357434</LongitudeDegrees>
            </Position>
            <AltitudeMeters>205.94908142089844</AltitudeMeters>
            <DistanceMeters>3312.958984375</DistanceMeters>
            <HeartRateBpm>
              <Value>137</Value>
            </HeartRateBpm>
            <Extensions>
              <ns3:TPX>
                <ns3:Speed>3.0331833362579346</ns3:Speed>
                <ns3:RunCadence>87</ns3:RunCadence>
              </ns3:TPX>
            </Extensions>
          </Trackpoint>
          <Trackpoint>
            <Time>2026-08-03T10:45:00.000Z</Time>
            <Position>
              <LatitudeDegrees>29.812879110174045</LatitudeDegrees>
              <LongitudeDegrees>106.42634797946292</LongitudeDegrees>
            </Position>
            <AltitudeMeters>206.04908752441406</AltitudeMeters>
            <DistanceMeters>3328.135986328125</DistanceMeters>
            <HeartRateBpm>
              <Value>136</Value>
            </HeartRateBpm>
            <Extensions>
              <ns3:TPX>
                <ns3:Speed>3.0376992225646973</ns3:Speed>
                <ns3:RunCadence>87</ns3:RunCadence>
              </ns3:TPX>
            </Extensions>
          </Trackpoint>
          <Trackpoint>
            <Time>2026-08-03T10:45:04.000Z</Time>
            <Position>
              <LatitudeDegrees>29.812946393410012</LatitudeDegrees>
              <LongitudeDegrees>106.4264468221182</LongitudeDegrees>
            </Position>
            <AltitudeMeters>206.13528442382812</AltitudeMeters>
            <DistanceMeters>3340.2958984375</DistanceMeters>
            <HeartRateBpm>
              <Value>136</Value>
            </HeartRateBpm>
            <Extensions>
              <ns3:TPX>
                <ns3:Speed>3.042165756225586</ns3:Speed>
                <ns3:RunCadence>87</ns3:RunCadence>
              </ns3:TPX>
            </Extensions>
          </Trackpoint>
          <Trackpoint>
            <Time>2026-08-03T10:45:09.000Z</Time>
            <Position>
              <LatitudeDegrees>29.81306483265407</LatitudeDegrees>
              <LongitudeDegrees>106.42652161932634</LongitudeDegrees>
            </Position>
            <AltitudeMeters>206.24624633789062</AltitudeMeters>
            <DistanceMeters>3355.5234375</DistanceMeters>
            <HeartRateBpm>
              <Value>135</Value>
            </HeartRateBpm>
            <Extensions>
              <ns3:TPX>
                <ns3:Speed>3.0488505363464355</ns3:Speed>
                <ns3:RunCadence>86</ns3:RunCadence>
              </ns3:TPX>
            </Extensions>
          </Trackpoint>
          <Trackpoint>
            <Time>2026-08-03T10:45:13.000Z</Time>
            <Position>
              <LatitudeDegrees>29.813172478593497</LatitudeDegrees>
              <LongitudeDegrees>106.42650876100727</LongitudeDegrees>
            </Position>
            <AltitudeMeters>206.3341827392578</AltitudeMeters>
            <DistanceMeters>3367.731201171875</DistanceMeters>
            <HeartRateBpm>
              <Value>136</Value>
            </HeartRateBpm>
            <Extensions>
              <ns3:TPX>
                <ns3:Speed>3.0550918579101562</ns3:Speed>
                <ns3:RunCadence>88</ns3:RunCadence>
              </ns3:TPX>
            </Extensions>
          </Trackpoint>
          <Trackpoint>
            <Time>2026-08-03T10:45:18.000Z</Time>
            <Position>
              <LatitudeDegrees>29.81328067732521</LatitudeDegrees>
              <LongitudeDegrees>106.42641348456581</LongitudeDegrees>
            </Position>
            <AltitudeMeters>206.43875122070312</AltitudeMeters>
            <DistanceMeters>3383.029052734375</DistanceMeters>
            <HeartRateBpm>
              <Value>137</Value>
            </HeartRateBpm>
            <Extensions>
              <ns3:TPX>
                <ns3:Speed>3.0640060901641846</ns3:Speed>
                <ns3:RunCadence>87</ns3:RunCadence>
              </ns3:TPX>
            </Extensions>
          </Trackpoint>
          <Trackpoint>
            <Time>2026-08-03T10:45:22.000Z</Time>
            <Position>
              <LatitudeDegrees>29.81334037016276</LatitudeDegrees>
              <LongitudeDegrees>106.42630686921129</LongitudeDegrees>
            </Position>
            <AltitudeMeters>206.51510620117188</AltitudeMeters>
            <DistanceMeters>3395.301025390625</DistanceMeters>
            <HeartRateBpm>
              <Value>137</Value>
            </HeartRateBpm>
            <Extensions>
              <ns3:TPX>
                <ns3:Speed>3.072009801864624</ns3:Speed>
                <ns3:RunCadence>88</ns3:RunCadence>
              </ns3:TPX>
            </Extensions>
          </Trackpoint>
          <Trackpoint>
            <Time>2026-08-03T10:45:27.000Z</Time>
            <Position>
              <LatitudeDegrees>29.813388484427396</LatitudeDegrees>
              <LongitudeDegrees>106.42615763440875</LongitudeDegrees>
            </Position>
            <AltitudeMeters>206.59780883789062</AltitudeMeters>
            <DistanceMeters>3410.688720703125</DistanceMeters>
            <HeartRateBpm>
              <Value>137</Value>
            </HeartRateBpm>
            <Extensions>
              <ns3:TPX>
                <ns3:Speed>3.0830612182617188</ns3:Speed>
                <ns3:RunCadence>87</ns3:RunCadence>
              </ns3:TPX>
            </Extensions>
          </Trackpoint>
          <Trackpoint>
            <Time>2026-08-03T10:45:31.000Z</Time>
            <Position>
              <LatitudeDegrees>29.81340947206859</LatitudeDegrees>
              <LongitudeDegrees>106.42603201133052</LongitudeDegrees>
            </Position>
            <AltitudeMeters>206.6515655517578</AltitudeMeters>
            <DistanceMeters>3423.040283203125</DistanceMeters>
            <HeartRateBpm>
              <Value>138</Value>
            </HeartRateBpm>
            <Extensions>
              <ns3:TPX>
                <ns3:Speed>3.092693328857422</ns3:Speed>
                <ns3:RunCadence>87</ns3:RunCadence>
              </ns3:TPX>
            </Extensions>
          </Trackpoint>
          <Trackpoint>
            <Time>2026-08-03T10:45:36.000Z</Time>
            <Position>
              <LatitudeDegrees>29.813416252923986</LatitudeDegrees>
              <LongitudeDegrees>106.42587174017622</LongitudeDegrees>
            </Position>
            <AltitudeMeters>206.700927734375</AltitudeMeters>
            <DistanceMeters>3438.5361328125</DistanceMeters>
            <HeartRateBpm>
              <Value>138</Value>
            </HeartRateBpm>
            <Extensions>
              <ns3:TPX>
                <ns3:Speed>3.105640411376953</ns3:Speed>
                <ns3:RunCadence>87</ns3:RunCadence>
              </ns3:TPX>
            </Extensions>
          </Trackpoint>
          <Trackpoint>
            <Time>2026-08-03T10:45:40.000Z</Time>
            <Position>
              <LatitudeDegrees>29.813406475695363</LatitudeDegrees>
              <LongitudeDegrees>106.42574332941729</LongitudeDegrees>
            </Position>
            <AltitudeMeters>206.72506713867188</AltitudeMeters>
            <DistanceMeters>3450.980712890625</DistanceMeters>
            <HeartRateBpm>
              <Value>138</Value>
            </HeartRateBpm>
            <Extensions>
              <ns3:TPX>
                <ns3:Speed>3.1166510581970215</ns3:Speed>
                <ns3:RunCadence>87</ns3:RunCadence>
              </ns3:TPX>
            </Extensions>
          </Trackpoint>
          <Trackpoint>
            <Time>2026-08-03T10:45:45.000Z</Time>
            <Position>
              <LatitudeDegrees>29.813373856163924</LatitudeDegrees>
              <LongitudeDegrees>106.42558607497006</LongitudeDegrees>
            </Position>
            <AltitudeMeters>206.73541259765625</AltitudeMeters>
            <DistanceMeters>3466.60009765625</DistanceMeters>
            <HeartRateBpm>
              <Value>138</Value>
            </HeartRateBpm>
            <Extensions>
              <ns3:TPX>
                <ns3:Speed>3.1311161518096924</ns3:Speed>
                <ns3:RunCadence>88</ns3:RunCadence>
              </ns3:TPX>
            </Extensions>
          </Trackpoint>
          <Trackpoint>
            <Time>2026-08-03T10:45:49.000Z</Time>
            <Position>
              <LatitudeDegrees>29.813328475715608</LatitudeDegrees>
              <LongitudeDegrees>106.42546719342053</LongitudeDegrees>
            </Position>
            <AltitudeMeters>206.72811889648438</AltitudeMeters>
            <DistanceMeters>3479.148681640625</DistanceMeters>
            <HeartRateBpm>
              <Value>139</Value>
            </HeartRateBpm>
            <Extensions>
              <ns3:TPX>
                <ns3:Speed>3.143155574798584</ns3:Speed>
                <ns3:RunCadence>87</ns3:RunCadence>
              </ns3:TPX>
            </Extensions>
          </Trackpoint>
          <Trackpoint>
            <Time>2026-08-03T10:45:54.000Z</Time>
            <Position>
              <LatitudeDegrees>29.81324091241274</LatitudeDegrees>
              <LongitudeDegrees>106.42533992946422</LongitudeDegrees>
            </Position>
            <AltitudeMeters>206.7008514404297</AltitudeMeters>
            <DistanceMeters>3494.903076171875</DistanceMeters>
            <HeartRateBpm>
              <Value>139</Value>
            </HeartRateBpm>
            <Extensions>
              <ns3:TPX>
                <ns3:Speed>3.1586499214172363</ns3:Speed>
                <ns3:RunCadence>87</ns3:RunCadence>
              </ns3:TPX>
            </Extensions>
          </Trackpoint>
          <Trackpoint>
            <Time>2026-08-03T10:45:58.000Z</Time>
            <Position>
              <LatitudeDegrees>29.813140981281517</LatitudeDegrees>
              <LongitudeDegrees>106.42527989297052</LongitudeDegrees>
            </Position>
            <AltitudeMeters>206.66627502441406</AltitudeMeters>
            <DistanceMeters>3507.56298828125</DistanceMeters>
            <HeartRateBpm>
              <Value>140</Value>
            </HeartRateBpm>
            <Extensions>
              <ns3:TPX>
                <ns3:Speed>3.1712918281555176</ns3:Speed>
                <ns3:RunCadence>88</ns3:RunCadence>
              </ns3:TPX>
            </Extensions>
          </Trackpoint>
          <Trackpoint>
            <Time>2026-08-03T10:46:03.000Z</Time>
            <Position>
              <LatitudeDegrees>29.813002920128252</LatitudeDegrees>
              <LongitudeDegrees>106.42530458654508</LongitudeDegrees>
            </Position>
            <AltitudeMeters>206.61036682128906</AltitudeMeters>
            <DistanceMeters>3523.459228515625</DistanceMeters>
            <HeartRateBpm>
              <Value>141</Value>
            </HeartRateBpm>
            <Extensions>
              <ns3:TPX>
                <ns3:Speed>3.187248945236206</ns3:Speed>
                <ns3:RunCadence>89</ns3:RunCadence>
              </ns3:TPX>
            </Extensions>
          </Trackpoint>
          <Trackpoint>
            <Time>2026-08-03T10:46:07.000Z</Time>
            <Position>
              <LatitudeDegrees>29.812916398354634</LatitudeDegrees>
              <LongitudeDegrees>106.42539048640744</LongitudeDegrees>
            </Position>
            <AltitudeMeters>206.55860900878906</AltitudeMeters>
            <DistanceMeters>3536.23388671875</DistanceMeters>
            <HeartRateBpm>
              <Value>141</Value>
            </HeartRateBpm>
            <Extensions>
              <ns3:TPX>
                <ns3:Speed>3.2000210285186768</ns3:Speed>
                <ns3:RunCadence>89</ns3:RunCadence>
              </ns3:TPX>
            </Extensions>
          </Trackpoint>
          <Trackpoint>
            <Time>2026-08-03T10:46:12.000Z</Time>
            <Position>
              <LatitudeDegrees>29.812843497259028</LatitudeDegrees>
              <LongitudeDegrees>106.42553328429777</LongitudeDegrees>
            </Position>
            <AltitudeMeters>206.4900665283203</AltitudeMeters>
            <DistanceMeters>3552.2734375</DistanceMeters>
            <HeartRateBpm>
              <Value>141</Value>
            </HeartRateBpm>
            <Extensions>
              <ns3:TPX>
                <ns3:Speed>3.2158355712890625</ns3:Speed>
                <ns3:RunCadence>88</ns3:RunCadence>
              </ns3:TPX>
            </Extensions>
          </Trackpoint>
          <Trackpoint>
            <Time>2026-08-03T10:46:16.000Z</Time>
            <Position>
              <LatitudeDegrees>29.812807680700207</LatitudeDegrees>
              <LongitudeDegrees>106.42566017496739</LongitudeDegrees>
            </Position>
            <AltitudeMeters>206.43630981445312</AltitudeMeters>
            <DistanceMeters>3565.16162109375</DistanceMeters>
            <HeartRateBpm>
              <Value>141</Value>
            </HeartRateBpm>
            <Extensions>
              <ns3:TPX>
                <ns3:Speed>3.2282512187957764</ns3:Speed>
                <ns3:RunCadence>88</ns3:RunCadence>
              </ns3:TPX>
            </Extensions>
          </Trackpoint>
          <Trackpoint>
            <Time>2026-08-03T10:46:21.000Z</Time>
            <Position>
              <LatitudeDegrees>29.812785698381223</LatitudeDegrees>
              <LongitudeDegrees>106.4258257342021</LongitudeDegrees>
            </Position>
            <AltitudeMeters>206.37649536132812</AltitudeMeters>
            <DistanceMeters>3581.340576171875</DistanceMeters>
            <HeartRateBpm>
              <Value>142</Value>
            </HeartRateBpm>
            <Extensions>
              <ns3:TPX>
                <ns3:Speed>3.243323564529419</ns3:Speed>
                <ns3:RunCadence>89</ns3:RunCadence>
              </ns3:TPX>
            </Extensions>
          </Trackpoint>
          <Trackpoint>
            <Time>2026-08-03T10:46:25.000Z</Time>
            <Position>
              <LatitudeDegrees>29.812784906042292</LatitudeDegrees>
              <LongitudeDegrees>106.42596034513518</LongitudeDegrees>
            </Position>
            <AltitudeMeters>206.33921813964844</AltitudeMeters>
            <DistanceMeters>3594.337158203125</DistanceMeters>
            <HeartRateBpm>
              <Value>142</Value>
            </HeartRateBpm>
            <Extensions>
              <ns3:TPX>
                <ns3:Speed>3.2549166679382324</ns3:Speed>
                <ns3:RunCadence>88</ns3:RunCadence>
              </ns3:TPX>
            </Extensions>
          </Trackpoint>
          <Trackpoint>
            <Time>2026-08-03T10:46:30.000Z</Time>
            <Position>
              <LatitudeDegrees>29.812805112284845</LatitudeDegrees>
              <LongitudeDegrees>106.4261275738313</LongitudeDegrees>
            </Position>
            <AltitudeMeters>206.3121337890625</AltitudeMeters>
            <DistanceMeters>3610.64599609375</DistanceMeters>
            <HeartRateBpm>
              <Value>143</Value>
            </HeartRateBpm>
            <Extensions>
              <ns3:TPX>
                <ns3:Speed>3.268693208694458</ns3:Speed>
                <ns3:RunCadence>89</ns3:RunCadence>
              </ns3:TPX>
            </Extensions>
          </Trackpoint>
          <Trackpoint>
            <Time>2026-08-03T10:46:34.000Z</Time>
            <Position>
              <LatitudeDegrees>29.812840121651995</LatitudeDegrees>
              <LongitudeDegrees>106.42625701160132</LongitudeDegrees>
            </Position>
            <AltitudeMeters>206.31057739257812</AltitudeMeters>
            <DistanceMeters>3623.74169921875</DistanceMeters>
            <HeartRateBpm>
              <Value>144</Value>
            </HeartRateBpm>
            <Extensions>
              <ns3:TPX>
                <ns3:Speed>3.2790517807006836</ns3:Speed>
                <ns3:RunCadence>89</ns3:RunCadence>
              </ns3:TPX>
            </Extensions>
          </Trackpoint>
          <Trackpoint>
            <Time>2026-08-03T10:46:39.000Z</Time>
            <Position>
              <LatitudeDegrees>29.812912845078227</LatitudeDegrees>
              <LongitudeDegrees>106.42640452312834</LongitudeDegrees>
            </Position>
            <AltitudeMeters>206.33934020996094</AltitudeMeters>
            <DistanceMeters>3640.1669921875</DistanceMeters>
            <HeartRateBpm>
              <Value>144</Value>
            </HeartRateBpm>
            <Extensions>
              <ns3:TPX>
                <ns3:Speed>3.291064739227295</ns3:Speed>
                <ns3:RunCadence>91</ns3:RunCadence>
              </ns3:TPX>
            </Extensions>
          </Trackpoint>
          <Trackpoint>
            <Time>2026-08-03T10:46:43.000Z</Time>
            <Position>
              <LatitudeDegrees>29.813001230236143</LatitudeDegrees>
              <LongitudeDegrees>106.42649431844484</LongitudeDegrees>
            </Position>
            <AltitudeMeters>206.3905487060547</AltitudeMeters>
            <DistanceMeters>3653.3486328125</DistanceMeters>
            <HeartRateBpm>
              <Value>146</Value>
            </HeartRateBpm>
            <Extensions>
              <ns3:TPX>
                <ns3:Speed>3.299858808517456</ns3:Speed>
                <ns3:RunCadence>89</ns3:RunCadence>
              </ns3:TPX>
            </Extensions>
          </Trackpoint>
          <Trackpoint>
            <Time>2026-08-03T10:46:48.000Z</Time>
            <Position>
              <LatitudeDegrees>29.813144595292158</LatitudeDegrees>
              <LongitudeDegrees>106.42651916696799</LongitudeDegrees>
            </Position>
            <AltitudeMeters>206.49371337890625</AltitudeMeters>
            <DistanceMeters>3669.872802734375</DistanceMeters>
            <HeartRateBpm>
              <Value>147</Value>
            </HeartRateBpm>
            <Extensions>
              <ns3:TPX>
                <ns3:Speed>3.309757709503174</ns3:Speed>
                <ns3:RunCadence>89</ns3:RunCadence>
              </ns3:TPX>
            </Extensions>
          </Trackpoint>
          <Trackpoint>
            <Time>2026-08-03T10:46:52.000Z</Time>
            <Position>
              <LatitudeDegrees>29.813247683366242</LatitudeDegrees>
              <LongitudeDegrees>106.42645317630922</LongitudeDegrees>
            </Position>
            <AltitudeMeters>206.60964965820312</AltitudeMeters>
            <DistanceMeters>3683.125732421875</DistanceMeters>
            <HeartRateBpm>
              <Value>146</Value>
            </HeartRateBpm>
            <Extensions>
              <ns3:TPX>
                <ns3:Speed>3.3167612552642822</ns3:Speed>
                <ns3:RunCadence>91</ns3:RunCadence>
              </ns3:TPX>
            </Extensions>
          </Trackpoint>
          <Trackpoint>
            <Time>2026-08-03T10:46:57.000Z</Time>
            <Position>
              <LatitudeDegrees>29.813336449129796</LatitudeDegrees>
              <LongitudeDegrees>106.4263159398804</LongitudeDegrees>
            </Position>
            <AltitudeMeters>206.79782104492188</AltitudeMeters>
            <DistanceMeters>3699.728515625</DistanceMeters>
            <HeartRateBpm>
              <Value>148</Value>
            </HeartRateBpm>
            <Extensions>
              <ns3:TPX>
                <ns3:Speed>3.324336528778076</ns3:Speed>
                <ns3:RunCadence>90</ns3:RunCadence>
              </ns3:TPX>
            </Extensions>
          </Trackpoint>
          <Trackpoint>
            <Time>2026-08-03T10:47:01.000Z</Time>
            <Position>
              <LatitudeDegrees>29.813380986043676</LatitudeDegrees>
              <LongitudeDegrees>106.42618812560657</LongitudeDegrees>
            </Position>
            <AltitudeMeters>206.9830780029297</AltitudeMeters>
            <DistanceMeters>3713.0361328125</DistanceMeters>
            <HeartRateBpm>
              <Value>148</Value>
            </HeartRateBpm>
            <Extensions>
              <ns3:TPX>
                <ns3:Speed>3.329442262649536</ns3:Speed>
                <ns3:RunCadence>89</ns3:RunCadence>
              </ns3:TPX>
            </Extensions>
          </Trackpoint>
          <Trackpoint>
            <Time>2026-08-03T10:47:06.000Z</Time>
            <Position>
              <LatitudeDegrees>29.81341073439258</LatitudeDegrees>
              <LongitudeDegrees>106.42601912895915</LongitudeDegrees>
            </Position>
            <AltitudeMeters>207.2567596435547</AltitudeMeters>
            <DistanceMeters>3729.6962890625</DistanceMeters>
            <HeartRateBpm>
              <Value>149</Value>
            </HeartRateBpm>
            <Extensions>
              <ns3:TPX>
                <ns3:Speed>3.3346362113952637</ns3:Speed>
                <ns3:RunCadence>90</ns3:RunCadence>
              </ns3:TPX>
            </Extensions>
          </Trackpoint>
          <Trackpoint>
            <Time>2026-08-03T10:47:10.000Z</Time>
            <Position>
              <LatitudeDegrees>29.813416376544424</LatitudeDegrees>
              <LongitudeDegrees>106.42588106756655</LongitudeDegrees>
            </Position>
            <AltitudeMeters>207.5074005126953</AltitudeMeters>
            <DistanceMeters>3743.041259765625</DistanceMeters>
            <HeartRateBpm>
              <Value>149</Value>
            </HeartRateBpm>
            <Extensions>
              <ns3:TPX>
                <ns3:Speed>3.337859630584717</ns3:Speed>
                <ns3:RunCadence>91</ns3:RunCadence>
              </ns3:TPX>
            </Extensions>
          </Trackpoint>
          <Trackpoint>
            <Time>2026-08-03T10:47:15.000Z</Time>
            <Position>
              <LatitudeDegrees>29.813401487954987</LatitudeDegrees>
              <LongitudeDegrees>106.42570906711148</LongitudeDegrees>
            </Position>
            <AltitudeMeters>207.85630798339844</AltitudeMeters>
            <DistanceMeters>3759.73779296875</DistanceMeters>
            <HeartRateBpm>
              <Value>150</Value>
            </HeartRateBpm>
            <Extensions>
              <ns3:TPX>
                <ns3:Speed>3.3407673835754395</ns3:Speed>
                <ns3:RunCadence>89</ns3:RunCadence>
              </ns3:TPX>
            </Extensions>
          </Trackpoint>
          <Trackpoint>
            <Time>2026-08-03T10:47:19.000Z</Time>
            <Position>
              <LatitudeDegrees>29.813370530520686</LatitudeDegrees>
              <LongitudeDegrees>106.42557535251893</LongitudeDegrees>
            </Position>
            <AltitudeMeters>208.16009521484375</AltitudeMeters>
            <DistanceMeters>3773.10400390625</DistanceMeters>
            <HeartRateBpm>
              <Value>150</Value>
            </HeartRateBpm>
            <Extensions>
              <ns3:TPX>
                <ns3:Speed>3.3422422409057617</ns3:Speed>
                <ns3:RunCadence>91</ns3:RunCadence>
              </ns3:TPX>
            </Extensions>
          </Trackpoint>
          <Trackpoint>
            <Time>2026-08-03T10:47:24.000Z</Time>
            <Position>
              <LatitudeDegrees>29.8133034592781</LatitudeDegrees>
              <LongitudeDegrees>106.42542091511784</LongitudeDegrees>
            </Position>
            <AltitudeMeters>208.56443786621094</AltitudeMeters>
            <DistanceMeters>3789.817138671875</DistanceMeters>
            <HeartRateBpm>
              <Value>150</Value>
            </HeartRateBpm>
            <Extensions>
              <ns3:TPX>
                <ns3:Speed>3.343099355697632</ns3:Speed>
                <ns3:RunCadence>91</ns3:RunCadence>
              </ns3:TPX>
            </Extensions>
          </Trackpoint>
          <Trackpoint>
            <Time>2026-08-03T10:47:28.000Z</Time>
            <Position>
              <LatitudeDegrees>29.8132204309858</LatitudeDegrees>
              <LongitudeDegrees>106.42532166363452</LongitudeDegrees>
            </Position>
            <AltitudeMeters>208.9024200439453</AltitudeMeters>
            <DistanceMeters>3803.189697265625</DistanceMeters>
            <HeartRateBpm>
              <Value>151</Value>
            </HeartRateBpm>
            <Extensions>
              <ns3:TPX>
                <ns3:Speed>3.343064308166504</ns3:Speed>
                <ns3:RunCadence>89</ns3:RunCadence>
              </ns3:TPX>
            </Extensions>
          </Trackpoint>
          <Trackpoint>
            <Time>2026-08-03T10:47:33.000Z</Time>
            <Position>
              <LatitudeDegrees>29.813079038544707</LatitudeDegrees>
              <LongitudeDegrees>106.42527595505992</LongitudeDegrees>
            </Position>
            <AltitudeMeters>209.3355255126953</AltitudeMeters>
            <DistanceMeters>3819.90283203125</DistanceMeters>
            <HeartRateBpm>
              <Value>151</Value>
            </HeartRateBpm>
            <Extensions>
              <ns3:TPX>
                <ns3:Speed>3.34222412109375</ns3:Speed>
                <ns3:RunCadence>90</ns3:RunCadence>
              </ns3:TPX>
            </Extensions>
          </Trackpoint>
          <Trackpoint>
            <Time>2026-08-03T10:47:37.000Z</Time>
            <Position>
              <LatitudeDegrees>29.812969905449403</LatitudeDegrees>
              <LongitudeDegrees>106.42532973474482</LongitudeDegrees>
            </Position>
            <AltitudeMeters>209.68478393554688</AltitudeMeters>
            <DistanceMeters>3833.269287109375</DistanceMeters>
            <HeartRateBpm>
              <Value>152</Value>
            </HeartRateBpm>
            <Extensions>
              <ns3:TPX>
                <ns3:Speed>3.3410000801086426</ns3:Speed>
                <ns3:RunCadence>89</ns3:RunCadence>
              </ns3:TPX>
            </Extensions>
          </Trackpoint>
          <Trackpoint>
            <Time>2026-08-03T10:47:42.000Z</Time>
            <Position>
              <LatitudeDegrees>29.812874175107</LatitudeDegrees>
              <LongitudeDegrees>106.42546167431877</LongitudeDegrees>
            </Position>
            <AltitudeMeters>210.1170654296875</AltitudeMeters>
            <DistanceMeters>3849.968994140625</DistanceMeters>
            <HeartRateBpm>
              <Value>152</Value>
            </HeartRateBpm>
            <Extensions>
              <ns3:TPX>
                <ns3:Speed>3.338902711868286</ns3:Speed>
                <ns3:RunCadence>90</ns3:RunCadence>
              </ns3:TPX>
            </Extensions>
          </Trackpoint>
          <Trackpoint>
            <Time>2026-08-03T10:47:46.000Z</Time>
            <Position>
              <LatitudeDegrees>29.81282557998879</LatitudeDegrees>
              <LongitudeDegrees>106.42558798108101</LongitudeDegrees>
            </Position>
            <AltitudeMeters>210.45396423339844</AltitudeMeters>
            <DistanceMeters>3863.320556640625</DistanceMeters>
            <HeartRateBpm>
              <Value>151</Value>
            </HeartRateBpm>
            <Extensions>
              <ns3:TPX>
                <ns3:Speed>3.3368654251098633</ns3:Speed>
                <ns3:RunCadence>89</ns3:RunCadence>
              </ns3:TPX>
            </Extensions>
          </Trackpoint>
          <Trackpoint>
            <Time>2026-08-03T10:47:51.000Z</Time>
            <Position>
              <LatitudeDegrees>29.812791962722</LatitudeDegrees>
              <LongitudeDegrees>106.4257561807736</LongitudeDegrees>
            </Position>
            <AltitudeMeters>210.85707092285156</AltitudeMeters>
            <DistanceMeters>3879.997802734375</DistanceMeters>
            <HeartRateBpm>
              <Value>151</Value>
            </HeartRateBpm>
            <Extensions>
              <ns3:TPX>
                <ns3:Speed>3.3339993953704834</ns3:Speed>
                <ns3:RunCadence>90</ns3:RunCadence>
              </ns3:TPX>
            </Extensions>
          </Trackpoint>
          <Trackpoint>
            <Time>2026-08-03T10:47:55.000Z</Time>
            <Position>
              <LatitudeDegrees>29.812783453351653</LatitudeDegrees>
              <LongitudeDegrees>106.42589390222138</LongitudeDegrees>
            </Position>
            <AltitudeMeters>211.16064453125</AltitudeMeters>
            <DistanceMeters>3893.328857421875</DistanceMeters>
            <HeartRateBpm>
              <Value>151</Value>
            </HeartRateBpm>
            <Extensions>
              <ns3:TPX>
                <ns3:Speed>3.331547260284424</ns3:Speed>
                <ns3:RunCadence>91</ns3:RunCadence>
              </ns3:TPX>
            </Extensions>
          </Trackpoint>
          <Trackpoint>
            <Time>2026-08-03T10:48:00.000Z</Time>
            <Position>
              <LatitudeDegrees>29.81279474218367</LatitudeDegrees>
              <LongitudeDegrees>106.42606578750473</LongitudeDegrees>
            </Position>
            <AltitudeMeters>211.51141357421875</AltitudeMeters>
            <DistanceMeters>3909.978759765625</DistanceMeters>
            <HeartRateBpm>
              <Value>151</Value>
            </HeartRateBpm>
            <Extensions>
              <ns3:TPX>
                <ns3:Speed>3.32840895652771</ns3:Speed>
                <ns3:RunCadence>90</ns3:RunCadence>
              </ns3:TPX>
            </Extensions>
          </Trackpoint>
          <Trackpoint>
            <Time>2026-08-03T10:48:04.000Z</Time>
            <Position>
              <LatitudeDegrees>29.812822249694683</LatitudeDegrees>
              <LongitudeDegrees>106.42619990022204</LongitudeDegrees>
            </Position>
            <AltitudeMeters>211.76612854003906</AltitudeMeters>
            <DistanceMeters>3923.287353515625</DistanceMeters>
            <HeartRateBpm>
              <Value>152</Value>
            </HeartRateBpm>
            <Extensions>
              <ns3:TPX>
                <ns3:Speed>3.3259294033050537</ns3:Speed>
                <ns3:RunCadence>89</ns3:RunCadence>
              </ns3:TPX>
            </Extensions>
          </Trackpoint>
          <Trackpoint>
            <Time>2026-08-03T10:48:09.000Z</Time>
            <Position>
              <LatitudeDegrees>29.81288364549064</LatitudeDegrees>
              <LongitudeDegrees>106.42635648291635</LongitudeDegrees>
            </Position>
            <AltitudeMeters>212.0494842529297</AltitudeMeters>
            <DistanceMeters>3939.90966796875</DistanceMeters>
            <HeartRateBpm>
              <Value>151</Value>
            </HeartRateBpm>
            <Extensions>
              <ns3:TPX>
                <ns3:Speed>3.3229808807373047</ns3:Speed>
                <ns3:RunCadence>89</ns3:RunCadence>
              </ns3:TPX>
            </Extensions>
          </Trackpoint>
          <Trackpoint>
            <Time>2026-08-03T10:48:13.000Z</Time>
            <Position>
              <LatitudeDegrees>29.812960382292374</LatitudeDegrees>
              <LongitudeDegrees>106.42646129066183</LongitudeDegrees>
            </Position>
            <AltitudeMeters>212.24708557128906</AltitudeMeters>
            <DistanceMeters>3953.197265625</DistanceMeters>
            <HeartRateBpm>
              <Value>151</Value>
            </HeartRateBpm>
            <Extensions>
              <ns3:TPX>
                <ns3:Speed>3.3208186626434326</ns3:Speed>
                <ns3:RunCadence>89</ns3:RunCadence>
              </ns3:TPX>
            </Extensions>
          </Trackpoint>
          <Trackpoint>
            <Time>2026-08-03T10:48:18.000Z</Time>
            <Position>
              <LatitudeDegrees>29.813095748534213</LatitudeDegrees>
              <LongitudeDegrees>106.4265253650245</LongitudeDegrees>
            </Position>
            <AltitudeMeters>212.4576873779297</AltitudeMeters>
            <DistanceMeters>3969.79541015625</DistanceMeters>
            <HeartRateBpm>
              <Value>151</Value>
            </HeartRateBpm>
            <Extensions>
              <ns3:TPX>
                <ns3:Speed>3.318450927734375</ns3:Speed>
                <ns3:RunCadence>89</ns3:RunCadence>
              </ns3:TPX>
            </Extensions>
          </Trackpoint>
          <Trackpoint>
            <Time>2026-08-03T10:48:22.000Z</Time>
            <Position>
              <LatitudeDegrees>29.813208631684475</LatitudeDegrees>
              <LongitudeDegrees>106.42648741846313</LongitudeDegrees>
            </Position>
            <AltitudeMeters>212.59793090820312</AltitudeMeters>
            <DistanceMeters>3983.066162109375</DistanceMeters>
            <HeartRateBpm>
              <Value>151</Value>
            </HeartRateBpm>
            <Extensions>
              <ns3:TPX>
                <ns3:Speed>3.316880464553833</ns3:Speed>
                <ns3:RunCadence>89</ns3:RunCadence>
              </ns3:TPX>
            </Extensions>
          </Trackpoint>
          <Trackpoint>
            <Time>2026-08-03T10:48:27.000Z</Time>
            <Position>
              <LatitudeDegrees>29.81331172510309</LatitudeDegrees>
              <LongitudeDegrees>106.42636513653208</LongitudeDegrees>
            </Position>
            <AltitudeMeters>212.74034118652344</AltitudeMeters>
            <DistanceMeters>3999.646728515625</DistanceMeters>
            <HeartRateBpm>
              <Value>151</Value>
            </HeartRateBpm>
            <Extensions>
              <ns3:TPX>
                <ns3:Speed>3.3153812885284424</ns3:Speed>
                <ns3:RunCadence>90</ns3:RunCadence>
              </ns3:TPX>
            </Extensions>
          </Trackpoint>
          <Trackpoint>
            <Time>2026-08-03T10:48:31.000Z</Time>
            <Position>
              <LatitudeDegrees>29.81336495297029</LatitudeDegrees>
              <LongitudeDegrees>106.42624242321878</LongitudeDegrees>
            </Position>
            <AltitudeMeters>212.83053588867188</AltitudeMeters>
            <DistanceMeters>4012.90673828125</DistanceMeters>
            <HeartRateBpm>
              <Value>152</Value>
            </HeartRateBpm>
            <Extensions>
              <ns3:TPX>
                <ns3:Speed>3.314584255218506</ns3:Speed>
                <ns3:RunCadence>89</ns3:RunCadence>
              </ns3:TPX>
            </Extensions>
          </Trackpoint>
        </Track>
        <Extensions>
          <ns3:LX>
            <ns3:AvgSpeed>3.170177698135376</ns3:AvgSpeed>
            <ns3:AvgRunCadence>88</ns3:AvgRunCadence>
            <ns3:MaxRunCadence>91</ns3:MaxRunCadence>
          </ns3:LX>
        </Extensions>
      </Lap>
      <Lap StartTime="2026-08-03T10:48:27.000Z">
        <TotalTimeSeconds>308.571</TotalTimeSeconds>
        <DistanceMeters>1000.0</DistanceMeters>
        <MaximumSpeed>3.3367979526519775</MaximumSpeed>
        <Calories>61</Calories>
        <AverageHeartRateBpm>
          <Value>152</Value>
        </AverageHeartRateBpm>
        <MaximumHeartRateBpm>
          <Value>155</Value>
        </MaximumHeartRateBpm>
        <Intensity>Active</Intensity>
        <TriggerMethod>Manual</TriggerMethod>
        <Track>
          <Trackpoint>
            <Time>2026-08-03T10:48:31.000Z</Time>
            <Position>
              <LatitudeDegrees>29.81336495297029</LatitudeDegrees>
              <LongitudeDegrees>106.42624242321878</LongitudeDegrees>
            </Position>
            <AltitudeMeters>212.83053588867188</AltitudeMeters>
            <DistanceMeters>4012.90673828125</DistanceMeters>
            <HeartRateBpm>
              <Value>152</Value>
            </HeartRateBpm>
            <Extensions>
              <ns3:TPX>
                <ns3:Speed>3.314584255218506</ns3:Speed>
                <ns3:RunCadence>89</ns3:RunCadence>
              </ns3:TPX>
            </Extensions>
          </Trackpoint>
          <Trackpoint>
            <Time>2026-08-03T10:48:36.000Z</Time>
            <Position>
              <LatitudeDegrees>29.81340360407709</LatitudeDegrees>
              <LongitudeDegrees>106.4260768181247</LongitudeDegrees>
            </Position>
            <AltitudeMeters>212.91799926757812</AltitudeMeters>
            <DistanceMeters>4029.478515625</DistanceMeters>
            <HeartRateBpm>
              <Value>151</Value>
            </HeartRateBpm>
            <Extensions>
              <ns3:TPX>
                <ns3:Speed>3.3141157627105713</ns3:Speed>
                <ns3:RunCadence>88</ns3:RunCadence>
              </ns3:TPX>
            </Extensions>
          </Trackpoint>
          <Trackpoint>
            <Time>2026-08-03T10:48:40.000Z</Time>
            <Position>
              <LatitudeDegrees>29.813415894225884</LatitudeDegrees>
              <LongitudeDegrees>106.42594025470997</LongitudeDegrees>
            </Position>
            <AltitudeMeters>212.9715576171875</AltitudeMeters>
            <DistanceMeters>4042.73486328125</DistanceMeters>
            <HeartRateBpm>
              <Value>152</Value>
            </HeartRateBpm>
            <Extensions>
              <ns3:TPX>
                <ns3:Speed>3.3141679763793945</ns3:Speed>
                <ns3:RunCadence>88</ns3:RunCadence>
              </ns3:TPX>
            </Extensions>
          </Trackpoint>
          <Trackpoint>
            <Time>2026-08-03T10:48:45.000Z</Time>
            <Position>
              <LatitudeDegrees>29.81340957382923</LatitudeDegrees>
              <LongitudeDegrees>106.42576882612902</LongitudeDegrees>
            </Position>
            <AltitudeMeters>213.0236053466797</AltitudeMeters>
            <DistanceMeters>4059.307373046875</DistanceMeters>
            <HeartRateBpm>
              <Value>151</Value>
            </HeartRateBpm>
            <Extensions>
              <ns3:TPX>
                <ns3:Speed>3.3147552013397217</ns3:Speed>
                <ns3:RunCadence>89</ns3:RunCadence>
              </ns3:TPX>
            </Extensions>
          </Trackpoint>
          <Trackpoint>
            <Time>2026-08-03T10:48:49.000Z</Time>
            <Position>
              <LatitudeDegrees>29.813386489218345</LatitudeDegrees>
              <LongitudeDegrees>106.42563410083525</LongitudeDegrees>
            </Position>
            <AltitudeMeters>213.0577392578125</AltitudeMeters>
            <DistanceMeters>4072.568115234375</DistanceMeters>
            <HeartRateBpm>
              <Value>151</Value>
            </HeartRateBpm>
            <Extensions>
              <ns3:TPX>
                <ns3:Speed>3.3156208992004395</ns3:Speed>
                <ns3:RunCadence>91</ns3:RunCadence>
              </ns3:TPX>
            </Extensions>
          </Trackpoint>
          <Trackpoint>
            <Time>2026-08-03T10:48:54.000Z</Time>
            <Position>
              <LatitudeDegrees>29.81333200002648</LatitudeDegrees>
              <LongitudeDegrees>106.42547453115421</LongitudeDegrees>
            </Position>
            <AltitudeMeters>213.0970001220703</AltitudeMeters>
            <DistanceMeters>4089.14990234375</DistanceMeters>
            <HeartRateBpm>
              <Value>150</Value>
            </HeartRateBpm>
            <Extensions>
              <ns3:TPX>
                <ns3:Speed>3.3171510696411133</ns3:Speed>
                <ns3:RunCadence>90</ns3:RunCadence>
              </ns3:TPX>
            </Extensions>
          </Trackpoint>
          <Trackpoint>
            <Time>2026-08-03T10:48:58.000Z</Time>
            <Position>
              <LatitudeDegrees>29.81326248076109</LatitudeDegrees>
              <LongitudeDegrees>106.42536327277055</LongitudeDegrees>
            </Position>
            <AltitudeMeters>213.12998962402344</AltitudeMeters>
            <DistanceMeters>4102.421875</DistanceMeters>
            <HeartRateBpm>
              <Value>151</Value>
            </HeartRateBpm>
            <Extensions>
              <ns3:TPX>
                <ns3:Speed>3.318687915802002</ns3:Speed>
                <ns3:RunCadence>91</ns3:RunCadence>
              </ns3:TPX>
            </Extensions>
          </Trackpoint>
          <Trackpoint>
            <Time>2026-08-03T10:49:03.000Z</Time>
            <Position>
              <LatitudeDegrees>29.813135304139696</LatitudeDegrees>
              <LongitudeDegrees>106.42527841625589</LongitudeDegrees>
            </Position>
            <AltitudeMeters>213.1785888671875</AltitudeMeters>
            <DistanceMeters>4119.0205078125</DistanceMeters>
            <HeartRateBpm>
              <Value>152</Value>
            </HeartRateBpm>
            <Extensions>
              <ns3:TPX>
                <ns3:Speed>3.3209228515625</ns3:Speed>
                <ns3:RunCadence>89</ns3:RunCadence>
              </ns3:TPX>
            </Extensions>
          </Trackpoint>
          <Trackpoint>
            <Time>2026-08-03T10:49:07.000Z</Time>
            <Position>
              <LatitudeDegrees>29.81301867142894</LatitudeDegrees>
              <LongitudeDegrees>106.42529543690772</LongitudeDegrees>
            </Position>
            <AltitudeMeters>213.22689819335938</AltitudeMeters>
            <DistanceMeters>4132.30810546875</DistanceMeters>
            <HeartRateBpm>
              <Value>151</Value>
            </HeartRateBpm>
            <Extensions>
              <ns3:TPX>
                <ns3:Speed>3.3228952884674072</ns3:Speed>
                <ns3:RunCadence>89</ns3:RunCadence>
              </ns3:TPX>
            </Extensions>
          </Trackpoint>
          <Trackpoint>
            <Time>2026-08-03T10:49:12.000Z</Time>
            <Position>
              <LatitudeDegrees>29.81290597742153</LatitudeDegrees>
              <LongitudeDegrees>106.4254058886948</LongitudeDegrees>
            </Position>
            <AltitudeMeters>213.302978515625</AltitudeMeters>
            <DistanceMeters>4148.92919921875</DistanceMeters>
            <HeartRateBpm>
              <Value>151</Value>
            </HeartRateBpm>
            <Extensions>
              <ns3:TPX>
                <ns3:Speed>3.3254919052124023</ns3:Speed>
                <ns3:RunCadence>89</ns3:RunCadence>
              </ns3:TPX>
            </Extensions>
          </Trackpoint>
          <Trackpoint>
            <Time>2026-08-03T10:49:16.000Z</Time>
            <Position>
              <LatitudeDegrees>29.812846581339468</LatitudeDegrees>
              <LongitudeDegrees>106.42552523947151</LongitudeDegrees>
            </Position>
            <AltitudeMeters>213.37857055664062</AltitudeMeters>
            <DistanceMeters>4162.2353515625</DistanceMeters>
            <HeartRateBpm>
              <Value>151</Value>
            </HeartRateBpm>
            <Extensions>
              <ns3:TPX>
                <ns3:Speed>3.3275935649871826</ns3:Speed>
                <ns3:RunCadence>91</ns3:RunCadence>
              </ns3:TPX>
            </Extensions>
          </Trackpoint>
          <Trackpoint>
            <Time>2026-08-03T10:49:21.000Z</Time>
            <Position>
              <LatitudeDegrees>29.81280193646451</LatitudeDegrees>
              <LongitudeDegrees>106.42568957109023</LongitudeDegrees>
            </Position>
            <AltitudeMeters>213.4932403564453</AltitudeMeters>
            <DistanceMeters>4178.8798828125</DistanceMeters>
            <HeartRateBpm>
              <Value>152</Value>
            </HeartRateBpm>
            <Extensions>
              <ns3:TPX>
                <ns3:Speed>3.330136299133301</ns3:Speed>
                <ns3:RunCadence>90</ns3:RunCadence>
              </ns3:TPX>
            </Extensions>
          </Trackpoint>
          <Trackpoint>
            <Time>2026-08-03T10:49:25.000Z</Time>
            <Position>
              <LatitudeDegrees>29.812785661947064</LatitudeDegrees>
              <LongitudeDegrees>106.42582628098809</LongitudeDegrees>
            </Position>
            <AltitudeMeters>213.6015625</AltitudeMeters>
            <DistanceMeters>4192.2041015625</DistanceMeters>
            <HeartRateBpm>
              <Value>151</Value>
            </HeartRateBpm>
            <Extensions>
              <ns3:TPX>
                <ns3:Speed>3.3320159912109375</ns3:Speed>
                <ns3:RunCadence>90</ns3:RunCadence>
              </ns3:TPX>
            </Extensions>
          </Trackpoint>
          <Trackpoint>
            <Time>2026-08-03T10:49:30.000Z</Time>
            <Position>
              <LatitudeDegrees>29.81278735985241</LatitudeDegrees>
              <LongitudeDegrees>106.42599881297426</LongitudeDegrees>
            </Position>
            <AltitudeMeters>213.75698852539062</AltitudeMeters>
            <DistanceMeters>4208.869140625</DistanceMeters>
            <HeartRateBpm>
              <Value>151</Value>
            </HeartRateBpm>
            <Extensions>
              <ns3:TPX>
                <ns3:Speed>3.3340535163879395</ns3:Speed>
                <ns3:RunCadence>90</ns3:RunCadence>
              </ns3:TPX>
            </Extensions>
          </Trackpoint>
          <Trackpoint>
            <Time>2026-08-03T10:49:34.000Z</Time>
            <Position>
              <LatitudeDegrees>29.81280669934308</LatitudeDegrees>
              <LongitudeDegrees>106.42613514401259</LongitudeDegrees>
            </Position>
            <AltitudeMeters>213.89588928222656</AltitudeMeters>
            <DistanceMeters>4222.2080078125</DistanceMeters>
            <HeartRateBpm>
              <Value>150</Value>
            </HeartRateBpm>
            <Extensions>
              <ns3:TPX>
                <ns3:Speed>3.3353474140167236</ns3:Speed>
                <ns3:RunCadence>90</ns3:RunCadence>
              </ns3:TPX>
            </Extensions>
          </Trackpoint>
          <Trackpoint>
            <Time>2026-08-03T10:49:39.000Z</Time>
            <Position>
              <LatitudeDegrees>29.812855846384803</LatitudeDegrees>
              <LongitudeDegrees>106.42629811681223</LongitudeDegrees>
            </Position>
            <AltitudeMeters>214.08456420898438</AltitudeMeters>
            <DistanceMeters>4238.8876953125</DistanceMeters>
            <HeartRateBpm>
              <Value>151</Value>
            </HeartRateBpm>
            <Extensions>
              <ns3:TPX>
                <ns3:Speed>3.336432933807373</ns3:Speed>
                <ns3:RunCadence>91</ns3:RunCadence>
              </ns3:TPX>
            </Extensions>
          </Trackpoint>
          <Trackpoint>
            <Time>2026-08-03T10:49:43.000Z</Time>
            <Position>
              <LatitudeDegrees>29.812920084892085</LatitudeDegrees>
              <LongitudeDegrees>106.42641451959082</LongitudeDegrees>
            </Position>
            <AltitudeMeters>214.244384765625</AltitudeMeters>
            <DistanceMeters>4252.23388671875</DistanceMeters>
            <HeartRateBpm>
              <Value>152</Value>
            </HeartRateBpm>
            <Extensions>
              <ns3:TPX>
                <ns3:Speed>3.3367979526519775</ns3:Speed>
                <ns3:RunCadence>91</ns3:RunCadence>
              </ns3:TPX>
            </Extensions>
          </Trackpoint>
          <Trackpoint>
            <Time>2026-08-03T10:49:48.000Z</Time>
            <Position>
              <LatitudeDegrees>29.81304031611953</LatitudeDegrees>
              <LongitudeDegrees>106.42651416529198</LongitudeDegrees>
            </Position>
            <AltitudeMeters>214.4501495361328</AltitudeMeters>
            <DistanceMeters>4268.91748046875</DistanceMeters>
            <HeartRateBpm>
              <Value>152</Value>
            </HeartRateBpm>
            <Extensions>
              <ns3:TPX>
                <ns3:Speed>3.3365297317504883</ns3:Speed>
                <ns3:RunCadence>91</ns3:RunCadence>
              </ns3:TPX>
            </Extensions>
          </Trackpoint>
          <Trackpoint>
            <Time>2026-08-03T10:49:52.000Z</Time>
            <Position>
              <LatitudeDegrees>29.813158236744833</LatitudeDegrees>
              <LongitudeDegrees>106.42651469521634</LongitudeDegrees>
            </Position>
            <AltitudeMeters>214.61514282226562</AltitudeMeters>
            <DistanceMeters>4282.26171875</DistanceMeters>
            <HeartRateBpm>
              <Value>152</Value>
            </HeartRateBpm>
            <Extensions>
              <ns3:TPX>
                <ns3:Speed>3.3356735706329346</ns3:Speed>
                <ns3:RunCadence>90</ns3:RunCadence>
              </ns3:TPX>
            </Extensions>
          </Trackpoint>
          <Trackpoint>
            <Time>2026-08-03T10:49:57.000Z</Time>
            <Position>
              <LatitudeDegrees>29.81327887557902</LatitudeDegrees>
              <LongitudeDegrees>106.42641593118093</LongitudeDegrees>
            </Position>
            <AltitudeMeters>214.8155059814453</AltitudeMeters>
            <DistanceMeters>4298.93505859375</DistanceMeters>
            <HeartRateBpm>
              <Value>152</Value>
            </HeartRateBpm>
            <Extensions>
              <ns3:TPX>
                <ns3:Speed>3.3337323665618896</ns3:Speed>
                <ns3:RunCadence>90</ns3:RunCadence>
              </ns3:TPX>
            </Extensions>
          </Trackpoint>
          <Trackpoint>
            <Time>2026-08-03T10:50:01.000Z</Time>
            <Position>
              <LatitudeDegrees>29.8133433727893</LatitudeDegrees>
              <LongitudeDegrees>106.42629992312536</LongitudeDegrees>
            </Position>
            <AltitudeMeters>214.96617126464844</AltitudeMeters>
            <DistanceMeters>4312.265625</DistanceMeters>
            <HeartRateBpm>
              <Value>153</Value>
            </HeartRateBpm>
            <Extensions>
              <ns3:TPX>
                <ns3:Speed>3.33144211769104</ns3:Speed>
                <ns3:RunCadence>90</ns3:RunCadence>
              </ns3:TPX>
            </Extensions>
          </Trackpoint>
          <Trackpoint>
            <Time>2026-08-03T10:50:06.000Z</Time>
            <Position>
              <LatitudeDegrees>29.813392822425257</LatitudeDegrees>
              <LongitudeDegrees>106.42613742515154</LongitudeDegrees>
            </Position>
            <AltitudeMeters>215.1359405517578</AltitudeMeters>
            <DistanceMeters>4328.9130859375</DistanceMeters>
            <HeartRateBpm>
              <Value>154</Value>
            </HeartRateBpm>
            <Extensions>
              <ns3:TPX>
                <ns3:Speed>3.3276209831237793</ns3:Speed>
                <ns3:RunCadence>90</ns3:RunCadence>
              </ns3:TPX>
            </Extensions>
          </Trackpoint>
          <Trackpoint>
            <Time>2026-08-03T10:50:10.000Z</Time>
            <Position>
              <LatitudeDegrees>29.81341238656394</LatitudeDegrees>
              <LongitudeDegrees>106.42600151626063</LongitudeDegrees>
            </Position>
            <AltitudeMeters>215.2522430419922</AltitudeMeters>
            <DistanceMeters>4342.2158203125</DistanceMeters>
            <HeartRateBpm>
              <Value>154</Value>
            </HeartRateBpm>
            <Extensions>
              <ns3:TPX>
                <ns3:Speed>3.3237831592559814</ns3:Speed>
                <ns3:RunCadence>90</ns3:RunCadence>
              </ns3:TPX>
            </Extensions>
          </Trackpoint>
          <Trackpoint>
            <Time>2026-08-03T10:50:15.000Z</Time>
            <Position>
              <LatitudeDegrees>29.813414560420256</LatitudeDegrees>
              <LongitudeDegrees>106.42582961816784</LongitudeDegrees>
            </Position>
            <AltitudeMeters>215.36753845214844</AltitudeMeters>
            <DistanceMeters>4358.8203125</DistanceMeters>
            <HeartRateBpm>
              <Value>154</Value>
            </HeartRateBpm>
            <Extensions>
              <ns3:TPX>
                <ns3:Speed>3.318010091781616</ns3:Speed>
                <ns3:RunCadence>91</ns3:RunCadence>
              </ns3:TPX>
            </Extensions>
          </Trackpoint>
          <Trackpoint>
            <Time>2026-08-03T10:50:19.000Z</Time>
            <Position>
              <LatitudeDegrees>29.813398765550147</LatitudeDegrees>
              <LongitudeDegrees>106.42569348792462</LongitudeDegrees>
            </Position>
            <AltitudeMeters>215.43209838867188</AltitudeMeters>
            <DistanceMeters>4372.08154296875</DistanceMeters>
            <HeartRateBpm>
              <Value>154</Value>
            </HeartRateBpm>
            <Extensions>
              <ns3:TPX>
                <ns3:Speed>3.312624931335449</ns3:Speed>
                <ns3:RunCadence>90</ns3:RunCadence>
              </ns3:TPX>
            </Extensions>
          </Trackpoint>
          <Trackpoint>
            <Time>2026-08-03T10:50:24.000Z</Time>
            <Position>
              <LatitudeDegrees>29.81335520472173</LatitudeDegrees>
              <LongitudeDegrees>106.42552983836757</LongitudeDegrees>
            </Position>
            <AltitudeMeters>215.4743194580078</AltitudeMeters>
            <DistanceMeters>4388.6259765625</DistanceMeters>
            <HeartRateBpm>
              <Value>153</Value>
            </HeartRateBpm>
            <Extensions>
              <ns3:TPX>
                <ns3:Speed>3.3049728870391846</ns3:Speed>
                <ns3:RunCadence>90</ns3:RunCadence>
              </ns3:TPX>
            </Extensions>
          </Trackpoint>
          <Trackpoint>
            <Time>2026-08-03T10:50:28.000Z</Time>
            <Position>
              <LatitudeDegrees>29.81329721184115</LatitudeDegrees>
              <LongitudeDegrees>106.4254107238286</LongitudeDegrees>
            </Position>
            <AltitudeMeters>215.4752960205078</AltitudeMeters>
            <DistanceMeters>4401.83203125</DistanceMeters>
            <HeartRateBpm>
              <Value>153</Value>
            </HeartRateBpm>
            <Extensions>
              <ns3:TPX>
                <ns3:Speed>3.298157215118408</ns3:Speed>
                <ns3:RunCadence>88</ns3:RunCadence>
              </ns3:TPX>
            </Extensions>
          </Trackpoint>
          <Trackpoint>
            <Time>2026-08-03T10:50:33.000Z</Time>
            <Position>
              <LatitudeDegrees>29.8131872799392</LatitudeDegrees>
              <LongitudeDegrees>106.42529885111938</LongitudeDegrees>
            </Position>
            <AltitudeMeters>215.43408203125</AltitudeMeters>
            <DistanceMeters>4418.29931640625</DistanceMeters>
            <HeartRateBpm>
              <Value>154</Value>
            </HeartRateBpm>
            <Extensions>
              <ns3:TPX>
                <ns3:Speed>3.288844347000122</ns3:Speed>
                <ns3:RunCadence>89</ns3:RunCadence>
              </ns3:TPX>
            </Extensions>
          </Trackpoint>
          <Trackpoint>
            <Time>2026-08-03T10:50:37.000Z</Time>
            <Position>
              <LatitudeDegrees>29.813072572384513</LatitudeDegrees>
              <LongitudeDegrees>106.42527696052814</LongitudeDegrees>
            </Position>
            <AltitudeMeters>215.3670654296875</AltitudeMeters>
            <DistanceMeters>4431.43896484375</DistanceMeters>
            <HeartRateBpm>
              <Value>154</Value>
            </HeartRateBpm>
            <Extensions>
              <ns3:TPX>
                <ns3:Speed>3.280827045440674</ns3:Speed>
                <ns3:RunCadence>90</ns3:RunCadence>
              </ns3:TPX>
            </Extensions>
          </Trackpoint>
          <Trackpoint>
            <Time>2026-08-03T10:50:42.000Z</Time>
            <Position>
              <LatitudeDegrees>29.81294456394194</LatitudeDegrees>
              <LongitudeDegrees>106.42535514045997</LongitudeDegrees>
            </Position>
            <AltitudeMeters>215.24191284179688</AltitudeMeters>
            <DistanceMeters>4447.81640625</DistanceMeters>
            <HeartRateBpm>
              <Value>155</Value>
            </HeartRateBpm>
            <Extensions>
              <ns3:TPX>
                <ns3:Speed>3.27020263671875</ns3:Speed>
                <ns3:RunCadence>88</ns3:RunCadence>
              </ns3:TPX>
            </Extensions>
          </Trackpoint>
          <Trackpoint>
            <Time>2026-08-03T10:50:46.000Z</Time>
            <Position>
              <LatitudeDegrees>29.81287373993429</LatitudeDegrees>
              <LongitudeDegrees>106.42546258036298</LongitudeDegrees>
            </Position>
            <AltitudeMeters>215.11050415039062</AltitudeMeters>
            <DistanceMeters>4460.87939453125</DistanceMeters>
            <HeartRateBpm>
              <Value>155</Value>
            </HeartRateBpm>
            <Extensions>
              <ns3:TPX>
                <ns3:Speed>3.26131010055542</ns3:Speed>
                <ns3:RunCadence>90</ns3:RunCadence>
              </ns3:TPX>
            </Extensions>
          </Trackpoint>
          <Trackpoint>
            <Time>2026-08-03T10:50:51.000Z</Time>
            <Position>
              <LatitudeDegrees>29.812817420898316</LatitudeDegrees>
              <LongitudeDegrees>106.42561790395594</LongitudeDegrees>
            </Position>
            <AltitudeMeters>214.9107666015625</AltitudeMeters>
            <DistanceMeters>4477.1572265625</DistanceMeters>
            <HeartRateBpm>
              <Value>155</Value>
            </HeartRateBpm>
            <Extensions>
              <ns3:TPX>
                <ns3:Speed>3.24983286857605</ns3:Speed>
                <ns3:RunCadence>89</ns3:RunCadence>
              </ns3:TPX>
            </Extensions>
          </Trackpoint>
          <Trackpoint>
            <Time>2026-08-03T10:50:55.000Z</Time>
            <Position>
              <LatitudeDegrees>29.812792798816282</LatitudeDegrees>
              <LongitudeDegrees>106.42574929996866</LongitudeDegrees>
            </Position>
            <AltitudeMeters>214.72601318359375</AltitudeMeters>
            <DistanceMeters>4490.1376953125</DistanceMeters>
            <HeartRateBpm>
              <Value>155</Value>
            </HeartRateBpm>
            <Extensions>
              <ns3:TPX>
                <ns3:Speed>3.2404658794403076</ns3:Speed>
                <ns3:RunCadence>89</ns3:RunCadence>
              </ns3:TPX>
            </Extensions>
          </Trackpoint>
          <Trackpoint>
            <Time>2026-08-03T10:51:00.000Z</Time>
            <Position>
              <LatitudeDegrees>29.81278358997534</LatitudeDegrees>
              <LongitudeDegrees>106.42591640628802</LongitudeDegrees>
            </Position>
            <AltitudeMeters>214.4693603515625</AltitudeMeters>
            <DistanceMeters>4506.310546875</DistanceMeters>
            <HeartRateBpm>
              <Value>155</Value>
            </HeartRateBpm>
            <Extensions>
              <ns3:TPX>
                <ns3:Speed>3.228670835494995</ns3:Speed>
                <ns3:RunCadence>90</ns3:RunCadence>
              </ns3:TPX>
            </Extensions>
          </Trackpoint>
          <Trackpoint>
            <Time>2026-08-03T10:51:04.000Z</Time>
            <Position>
              <LatitudeDegrees>29.812792660541888</LatitudeDegrees>
              <LongitudeDegrees>106.42604956207458</LongitudeDegrees>
            </Position>
            <AltitudeMeters>214.2480010986328</AltitudeMeters>
            <DistanceMeters>4519.20654296875</DistanceMeters>
            <HeartRateBpm>
              <Value>154</Value>
            </HeartRateBpm>
            <Extensions>
              <ns3:TPX>
                <ns3:Speed>3.2192766666412354</ns3:Speed>
                <ns3:RunCadence>88</ns3:RunCadence>
              </ns3:TPX>
            </Extensions>
          </Trackpoint>
          <Trackpoint>
            <Time>2026-08-03T10:51:09.000Z</Time>
            <Position>
              <LatitudeDegrees>29.81282544378271</LatitudeDegrees>
              <LongitudeDegrees>106.42621152327501</LongitudeDegrees>
            </Position>
            <AltitudeMeters>213.95782470703125</AltitudeMeters>
            <DistanceMeters>4535.2744140625</DistanceMeters>
            <HeartRateBpm>
              <Value>155</Value>
            </HeartRateBpm>
            <Extensions>
              <ns3:TPX>
                <ns3:Speed>3.2077362537384033</ns3:Speed>
                <ns3:RunCadence>90</ns3:RunCadence>
              </ns3:TPX>
            </Extensions>
          </Trackpoint>
          <Trackpoint>
            <Time>2026-08-03T10:51:13.000Z</Time>
            <Position>
              <LatitudeDegrees>29.812871611143773</LatitudeDegrees>
              <LongitudeDegrees>106.42633298742362</LongitudeDegrees>
            </Position>
            <AltitudeMeters>213.71990966796875</AltitudeMeters>
            <DistanceMeters>4548.08740234375</DistanceMeters>
            <HeartRateBpm>
              <Value>154</Value>
            </HeartRateBpm>
            <Extensions>
              <ns3:TPX>
                <ns3:Speed>3.19877552986145</ns3:Speed>
                <ns3:RunCadence>89</ns3:RunCadence>
              </ns3:TPX>
            </Extensions>
          </Trackpoint>
          <Trackpoint>
            <Time>2026-08-03T10:51:18.000Z</Time>
            <Position>
              <LatitudeDegrees>29.8129607061025</LatitudeDegrees>
              <LongitudeDegrees>106.42646159581948</LongitudeDegrees>
            </Position>
            <AltitudeMeters>213.4220733642578</AltitudeMeters>
            <DistanceMeters>4564.05419921875</DistanceMeters>
            <HeartRateBpm>
              <Value>154</Value>
            </HeartRateBpm>
            <Extensions>
              <ns3:TPX>
                <ns3:Speed>3.1880576610565186</ns3:Speed>
                <ns3:RunCadence>89</ns3:RunCadence>
              </ns3:TPX>
            </Extensions>
          </Trackpoint>
          <Trackpoint>
            <Time>2026-08-03T10:51:22.000Z</Time>
            <Position>
              <LatitudeDegrees>29.813061726302276</LatitudeDegrees>
              <LongitudeDegrees>106.42652081131496</LongitudeDegrees>
            </Position>
            <AltitudeMeters>213.18829345703125</AltitudeMeters>
            <DistanceMeters>4576.79052734375</DistanceMeters>
            <HeartRateBpm>
              <Value>155</Value>
            </HeartRateBpm>
            <Extensions>
              <ns3:TPX>
                <ns3:Speed>3.1799705028533936</ns3:Speed>
                <ns3:RunCadence>89</ns3:RunCadence>
              </ns3:TPX>
            </Extensions>
          </Trackpoint>
          <Trackpoint>
            <Time>2026-08-03T10:51:27.000Z</Time>
            <Position>
              <LatitudeDegrees>29.81319933086596</LatitudeDegrees>
              <LongitudeDegrees>106.42649392586469</LongitudeDegrees>
            </Position>
            <AltitudeMeters>212.90785217285156</AltitudeMeters>
            <DistanceMeters>4592.6669921875</DistanceMeters>
            <HeartRateBpm>
              <Value>155</Value>
            </HeartRateBpm>
            <Extensions>
              <ns3:TPX>
                <ns3:Speed>3.1705968379974365</ns3:Speed>
                <ns3:RunCadence>87</ns3:RunCadence>
              </ns3:TPX>
            </Extensions>
          </Trackpoint>
          <Trackpoint>
            <Time>2026-08-03T10:51:31.000Z</Time>
            <Position>
              <LatitudeDegrees>29.813284666148377</LatitudeDegrees>
              <LongitudeDegrees>106.42640806808976</LongitudeDegrees>
            </Position>
            <AltitudeMeters>212.6970672607422</AltitudeMeters>
            <DistanceMeters>4605.33544921875</DistanceMeters>
            <HeartRateBpm>
              <Value>155</Value>
            </HeartRateBpm>
            <Extensions>
              <ns3:TPX>
                <ns3:Speed>3.1637701988220215</ns3:Speed>
                <ns3:RunCadence>87</ns3:RunCadence>
              </ns3:TPX>
            </Extensions>
          </Trackpoint>
          <Trackpoint>
            <Time>2026-08-03T10:51:36.000Z</Time>
            <Position>
              <LatitudeDegrees>29.81335631264962</LatitudeDegrees>
              <LongitudeDegrees>106.42626726217152</LongitudeDegrees>
            </Position>
            <AltitudeMeters>212.45538330078125</AltitudeMeters>
            <DistanceMeters>4621.13525390625</DistanceMeters>
            <HeartRateBpm>
              <Value>155</Value>
            </HeartRateBpm>
            <Extensions>
              <ns3:TPX>
                <ns3:Speed>3.1561763286590576</ns3:Speed>
                <ns3:RunCadence>88</ns3:RunCadence>
              </ns3:TPX>
            </Extensions>
          </Trackpoint>
          <Trackpoint>
            <Time>2026-08-03T10:51:40.000Z</Time>
            <Position>
              <LatitudeDegrees>29.813391620732137</LatitudeDegrees>
              <LongitudeDegrees>106.42614315716223</LongitudeDegrees>
            </Position>
            <AltitudeMeters>212.28248596191406</AltitudeMeters>
            <DistanceMeters>4633.74951171875</DistanceMeters>
            <HeartRateBpm>
              <Value>154</Value>
            </HeartRateBpm>
            <Extensions>
              <ns3:TPX>
                <ns3:Speed>3.1509146690368652</ns3:Speed>
                <ns3:RunCadence>87</ns3:RunCadence>
              </ns3:TPX>
            </Extensions>
          </Trackpoint>
          <Trackpoint>
            <Time>2026-08-03T10:51:45.000Z</Time>
            <Position>
              <LatitudeDegrees>29.81341377224521</LatitudeDegrees>
              <LongitudeDegrees>106.42598221037676</LongitudeDegrees>
            </Position>
            <AltitudeMeters>212.09498596191406</AltitudeMeters>
            <DistanceMeters>4649.490234375</DistanceMeters>
            <HeartRateBpm>
              <Value>155</Value>
            </HeartRateBpm>
            <Extensions>
              <ns3:TPX>
                <ns3:Speed>3.145418882369995</ns3:Speed>
                <ns3:RunCadence>89</ns3:RunCadence>
              </ns3:TPX>
            </Extensions>
          </Trackpoint>
          <Trackpoint>
            <Time>2026-08-03T10:51:49.000Z</Time>
            <Position>
              <LatitudeDegrees>29.813415584947016</LatitudeDegrees>
              <LongitudeDegrees>106.42585198096289</LongitudeDegrees>
            </Position>
            <AltitudeMeters>211.96949768066406</AltitudeMeters>
            <DistanceMeters>4662.06494140625</DistanceMeters>
            <HeartRateBpm>
              <Value>154</Value>
            </HeartRateBpm>
            <Extensions>
              <ns3:TPX>
                <ns3:Speed>3.1419217586517334</ns3:Speed>
                <ns3:RunCadence>87</ns3:RunCadence>
              </ns3:TPX>
            </Extensions>
          </Trackpoint>
          <Trackpoint>
            <Time>2026-08-03T10:51:54.000Z</Time>
            <Position>
              <LatitudeDegrees>29.81339825690164</LatitudeDegrees>
              <LongitudeDegrees>106.42569064996114</LongitudeDegrees>
            </Position>
            <AltitudeMeters>211.84432983398438</AltitudeMeters>
            <DistanceMeters>4677.7666015625</DistanceMeters>
            <HeartRateBpm>
              <Value>154</Value>
            </HeartRateBpm>
            <Extensions>
              <ns3:TPX>
                <ns3:Speed>3.1387009620666504</ns3:Speed>
                <ns3:RunCadence>88</ns3:RunCadence>
              </ns3:TPX>
            </Extensions>
          </Trackpoint>
          <Trackpoint>
            <Time>2026-08-03T10:51:58.000Z</Time>
            <Position>
              <LatitudeDegrees>29.813367508174245</LatitudeDegrees>
              <LongitudeDegrees>106.42556560794934</LongitudeDegrees>
            </Position>
            <AltitudeMeters>211.76962280273438</AltitudeMeters>
            <DistanceMeters>4690.318359375</DistanceMeters>
            <HeartRateBpm>
              <Value>154</Value>
            </HeartRateBpm>
            <Extensions>
              <ns3:TPX>
                <ns3:Speed>3.1370489597320557</ns3:Speed>
                <ns3:RunCadence>88</ns3:RunCadence>
              </ns3:TPX>
            </Extensions>
          </Trackpoint>
          <Trackpoint>
            <Time>2026-08-03T10:52:03.000Z</Time>
            <Position>
              <LatitudeDegrees>29.81330362168125</LatitudeDegrees>
              <LongitudeDegrees>106.42542118916865</LongitudeDegrees>
            </Position>
            <AltitudeMeters>211.7070770263672</AltitudeMeters>
            <DistanceMeters>4706.0009765625</DistanceMeters>
            <HeartRateBpm>
              <Value>153</Value>
            </HeartRateBpm>
            <Extensions>
              <ns3:TPX>
                <ns3:Speed>3.136125087738037</ns3:Speed>
                <ns3:RunCadence>88</ns3:RunCadence>
              </ns3:TPX>
            </Extensions>
          </Trackpoint>
          <Trackpoint>
            <Time>2026-08-03T10:52:07.000Z</Time>
            <Position>
              <LatitudeDegrees>29.81322673374342</LatitudeDegrees>
              <LongitudeDegrees>106.4253268217689</LongitudeDegrees>
            </Position>
            <AltitudeMeters>211.6803436279297</AltitudeMeters>
            <DistanceMeters>4718.5458984375</DistanceMeters>
            <HeartRateBpm>
              <Value>153</Value>
            </HeartRateBpm>
            <Extensions>
              <ns3:TPX>
                <ns3:Speed>3.1362733840942383</ns3:Speed>
                <ns3:RunCadence>89</ns3:RunCadence>
              </ns3:TPX>
            </Extensions>
          </Trackpoint>
          <Trackpoint>
            <Time>2026-08-03T10:52:12.000Z</Time>
            <Position>
              <LatitudeDegrees>29.813095968021422</LatitudeDegrees>
              <LongitudeDegrees>106.42527462361977</LongitudeDegrees>
            </Position>
            <AltitudeMeters>211.67327880859375</AltitudeMeters>
            <DistanceMeters>4734.23046875</DistanceMeters>
            <HeartRateBpm>
              <Value>153</Value>
            </HeartRateBpm>
            <Extensions>
              <ns3:TPX>
                <ns3:Speed>3.137514352798462</ns3:Speed>
                <ns3:RunCadence>88</ns3:RunCadence>
              </ns3:TPX>
            </Extensions>
          </Trackpoint>
          <Trackpoint>
            <Time>2026-08-03T10:52:16.000Z</Time>
            <Position>
              <LatitudeDegrees>29.812989792642608</LatitudeDegrees>
              <LongitudeDegrees>106.42531368397064</LongitudeDegrees>
            </Position>
            <AltitudeMeters>211.68609619140625</AltitudeMeters>
            <DistanceMeters>4746.7841796875</DistanceMeters>
            <HeartRateBpm>
              <Value>153</Value>
            </HeartRateBpm>
            <Extensions>
              <ns3:TPX>
                <ns3:Speed>3.1392977237701416</ns3:Speed>
                <ns3:RunCadence>87</ns3:RunCadence>
              </ns3:TPX>
            </Extensions>
          </Trackpoint>
          <Trackpoint>
            <Time>2026-08-03T10:52:21.000Z</Time>
            <Position>
              <LatitudeDegrees>29.812891680393705</LatitudeDegrees>
              <LongitudeDegrees>106.42542911678666</LongitudeDegrees>
            </Position>
            <AltitudeMeters>211.72100830078125</AltitudeMeters>
            <DistanceMeters>4762.48828125</DistanceMeters>
            <HeartRateBpm>
              <Value>153</Value>
            </HeartRateBpm>
            <Extensions>
              <ns3:TPX>
                <ns3:Speed>3.1424267292022705</ns3:Speed>
                <ns3:RunCadence>87</ns3:RunCadence>
              </ns3:TPX>
            </Extensions>
          </Trackpoint>
          <Trackpoint>
            <Time>2026-08-03T10:52:25.000Z</Time>
            <Position>
              <LatitudeDegrees>29.81283958293575</LatitudeDegrees>
              <LongitudeDegrees>106.42554453708509</LongitudeDegrees>
            </Position>
            <AltitudeMeters>211.7605438232422</AltitudeMeters>
            <DistanceMeters>4775.064453125</DistanceMeters>
            <HeartRateBpm>
              <Value>153</Value>
            </HeartRateBpm>
            <Extensions>
              <ns3:TPX>
                <ns3:Speed>3.1455724239349365</ns3:Speed>
                <ns3:RunCadence>89</ns3:RunCadence>
              </ns3:TPX>
            </Extensions>
          </Trackpoint>
          <Trackpoint>
            <Time>2026-08-03T10:52:30.000Z</Time>
            <Position>
              <LatitudeDegrees>29.81279991094167</LatitudeDegrees>
              <LongitudeDegrees>106.42570087233217</LongitudeDegrees>
            </Position>
            <AltitudeMeters>211.81942749023438</AltitudeMeters>
            <DistanceMeters>4790.8037109375</DistanceMeters>
            <HeartRateBpm>
              <Value>153</Value>
            </HeartRateBpm>
            <Extensions>
              <ns3:TPX>
                <ns3:Speed>3.150191068649292</ns3:Speed>
                <ns3:RunCadence>89</ns3:RunCadence>
              </ns3:TPX>
            </Extensions>
          </Trackpoint>
          <Trackpoint>
            <Time>2026-08-03T10:52:34.000Z</Time>
            <Position>
              <LatitudeDegrees>29.812785387799735</LatitudeDegrees>
              <LongitudeDegrees>106.42583039525674</LongitudeDegrees>
            </Position>
            <AltitudeMeters>211.87017822265625</AltitudeMeters>
            <DistanceMeters>4803.41259765625</DistanceMeters>
            <HeartRateBpm>
              <Value>152</Value>
            </HeartRateBpm>
            <Extensions>
              <ns3:TPX>
                <ns3:Speed>3.1543407440185547</ns3:Speed>
                <ns3:RunCadence>88</ns3:RunCadence>
              </ns3:TPX>
            </Extensions>
          </Trackpoint>
          <Trackpoint>
            <Time>2026-08-03T10:52:39.000Z</Time>
            <Position>
              <LatitudeDegrees>29.812787002778517</LatitudeDegrees>
              <LongitudeDegrees>106.4259938415528</LongitudeDegrees>
            </Position>
            <AltitudeMeters>211.9329071044922</AltitudeMeters>
            <DistanceMeters>4819.19873046875</DistanceMeters>
            <HeartRateBpm>
              <Value>152</Value>
            </HeartRateBpm>
            <Extensions>
              <ns3:TPX>
                <ns3:Speed>3.1599600315093994</ns3:Speed>
                <ns3:RunCadence>88</ns3:RunCadence>
              </ns3:TPX>
            </Extensions>
          </Trackpoint>
          <Trackpoint>
            <Time>2026-08-03T10:52:43.000Z</Time>
            <Position>
              <LatitudeDegrees>29.81280425084701</LatitudeDegrees>
              <LongitudeDegrees>106.42612334182095</LongitudeDegrees>
            </Position>
            <AltitudeMeters>211.9787139892578</AltitudeMeters>
            <DistanceMeters>4831.84765625</DistanceMeters>
            <HeartRateBpm>
              <Value>152</Value>
            </HeartRateBpm>
            <Extensions>
              <ns3:TPX>
                <ns3:Speed>3.1646969318389893</ns3:Speed>
                <ns3:RunCadence>88</ns3:RunCadence>
              </ns3:TPX>
            </Extensions>
          </Trackpoint>
          <Trackpoint>
            <Time>2026-08-03T10:52:48.000Z</Time>
            <Position>
              <LatitudeDegrees>29.812848295257925</LatitudeDegrees>
              <LongitudeDegrees>106.42627917366555</LongitudeDegrees>
            </Position>
            <AltitudeMeters>212.02574157714844</AltitudeMeters>
            <DistanceMeters>4847.6865234375</DistanceMeters>
            <HeartRateBpm>
              <Value>152</Value>
            </HeartRateBpm>
            <Extensions>
              <ns3:TPX>
                <ns3:Speed>3.1707754135131836</ns3:Speed>
                <ns3:RunCadence>88</ns3:RunCadence>
              </ns3:TPX>
            </Extensions>
          </Trackpoint>
          <Trackpoint>
            <Time>2026-08-03T10:52:52.000Z</Time>
            <Position>
              <LatitudeDegrees>29.812905178311738</LatitudeDegrees>
              <LongitudeDegrees>106.42639289980174</LongitudeDegrees>
            </Position>
            <AltitudeMeters>212.05206298828125</AltitudeMeters>
            <DistanceMeters>4860.37939453125</DistanceMeters>
            <HeartRateBpm>
              <Value>152</Value>
            </HeartRateBpm>
            <Extensions>
              <ns3:TPX>
                <ns3:Speed>3.1756577491760254</ns3:Speed>
                <ns3:RunCadence>88</ns3:RunCadence>
              </ns3:TPX>
            </Extensions>
          </Trackpoint>
          <Trackpoint>
            <Time>2026-08-03T10:52:57.000Z</Time>
            <Position>
              <LatitudeDegrees>29.81301163659415</LatitudeDegrees>
              <LongitudeDegrees>106.42650051478009</LongitudeDegrees>
            </Position>
            <AltitudeMeters>212.06727600097656</AltitudeMeters>
            <DistanceMeters>4876.2724609375</DistanceMeters>
            <HeartRateBpm>
              <Value>151</Value>
            </HeartRateBpm>
            <Extensions>
              <ns3:TPX>
                <ns3:Speed>3.18164324760437</ns3:Speed>
                <ns3:RunCadence>88</ns3:RunCadence>
              </ns3:TPX>
            </Extensions>
          </Trackpoint>
          <Trackpoint>
            <Time>2026-08-03T10:53:01.000Z</Time>
            <Position>
              <LatitudeDegrees>29.813122626456085</LatitudeDegrees>
              <LongitudeDegrees>106.42652378603752</LongitudeDegrees>
            </Position>
            <AltitudeMeters>212.06329345703125</AltitudeMeters>
            <DistanceMeters>4889.00830078125</DistanceMeters>
            <HeartRateBpm>
              <Value>150</Value>
            </HeartRateBpm>
            <Extensions>
              <ns3:TPX>
                <ns3:Speed>3.186237096786499</ns3:Speed>
                <ns3:RunCadence>88</ns3:RunCadence>
              </ns3:TPX>
            </Extensions>
          </Trackpoint>
          <Trackpoint>
            <Time>2026-08-03T10:53:06.000Z</Time>
            <Position>
              <LatitudeDegrees>29.8132490397548</LatitudeDegrees>
              <LongitudeDegrees>106.42645172123132</LongitudeDegrees>
            </Position>
            <AltitudeMeters>212.036376953125</AltitudeMeters>
            <DistanceMeters>4904.953125</DistanceMeters>
            <HeartRateBpm>
              <Value>151</Value>
            </HeartRateBpm>
            <Extensions>
              <ns3:TPX>
                <ns3:Speed>3.1916086673736572</ns3:Speed>
                <ns3:RunCadence>88</ns3:RunCadence>
              </ns3:TPX>
            </Extensions>
          </Trackpoint>
          <Trackpoint>
            <Time>2026-08-03T10:53:10.000Z</Time>
            <Position>
              <LatitudeDegrees>29.813320516924243</LatitudeDegrees>
              <LongitudeDegrees>106.42634867863181</LongitudeDegrees>
            </Position>
            <AltitudeMeters>211.9967498779297</AltitudeMeters>
            <DistanceMeters>4917.72705078125</DistanceMeters>
            <HeartRateBpm>
              <Value>150</Value>
            </HeartRateBpm>
            <Extensions>
              <ns3:TPX>
                <ns3:Speed>3.1955223083496094</ns3:Speed>
                <ns3:RunCadence>87</ns3:RunCadence>
              </ns3:TPX>
            </Extensions>
          </Trackpoint>
          <Trackpoint>
            <Time>2026-08-03T10:53:15.000Z</Time>
            <Position>
              <LatitudeDegrees>29.813378429154632</LatitudeDegrees>
              <LongitudeDegrees>106.42619742993898</LongitudeDegrees>
            </Position>
            <AltitudeMeters>211.9249267578125</AltitudeMeters>
            <DistanceMeters>4933.7158203125</DistanceMeters>
            <HeartRateBpm>
              <Value>149</Value>
            </HeartRateBpm>
            <Extensions>
              <ns3:TPX>
                <ns3:Speed>3.199829578399658</ns3:Speed>
                <ns3:RunCadence>88</ns3:RunCadence>
              </ns3:TPX>
            </Extensions>
          </Trackpoint>
          <Trackpoint>
            <Time>2026-08-03T10:53:19.000Z</Time>
            <Position>
              <LatitudeDegrees>29.81340486969394</LatitudeDegrees>
              <LongitudeDegrees>106.42606837632313</LongitudeDegrees>
            </Position>
            <AltitudeMeters>211.85072326660156</AltitudeMeters>
            <DistanceMeters>4946.52099609375</DistanceMeters>
            <HeartRateBpm>
              <Value>149</Value>
            </HeartRateBpm>
            <Extensions>
              <ns3:TPX>
                <ns3:Speed>3.2027406692504883</ns3:Speed>
                <ns3:RunCadence>89</ns3:RunCadence>
              </ns3:TPX>
            </Extensions>
          </Trackpoint>
          <Trackpoint>
            <Time>2026-08-03T10:53:24.000Z</Time>
            <Position>
              <LatitudeDegrees>29.81341658709085</LatitudeDegrees>
              <LongitudeDegrees>106.42590304631713</LongitudeDegrees>
            </Position>
            <AltitudeMeters>211.73944091796875</AltitudeMeters>
            <DistanceMeters>4962.54150390625</DistanceMeters>
            <HeartRateBpm>
              <Value>148</Value>
            </HeartRateBpm>
            <Extensions>
              <ns3:TPX>
                <ns3:Speed>3.205637216567993</ns3:Speed>
                <ns3:RunCadence>88</ns3:RunCadence>
              </ns3:TPX>
            </Extensions>
          </Trackpoint>
          <Trackpoint>
            <Time>2026-08-03T10:53:28.000Z</Time>
            <Position>
              <LatitudeDegrees>29.813409754424043</LatitudeDegrees>
              <LongitudeDegrees>106.42577042424897</LongitudeDegrees>
            </Position>
            <AltitudeMeters>211.63815307617188</AltitudeMeters>
            <DistanceMeters>4975.36767578125</DistanceMeters>
            <HeartRateBpm>
              <Value>149</Value>
            </HeartRateBpm>
            <Extensions>
              <ns3:TPX>
                <ns3:Speed>3.207318067550659</ns3:Speed>
                <ns3:RunCadence>88</ns3:RunCadence>
              </ns3:TPX>
            </Extensions>
          </Trackpoint>
          <Trackpoint>
            <Time>2026-08-03T10:53:33.000Z</Time>
            <Position>
              <LatitudeDegrees>29.81337991800252</LatitudeDegrees>
              <LongitudeDegrees>106.42560798786971</LongitudeDegrees>
            </Position>
            <AltitudeMeters>211.5004425048828</AltitudeMeters>
            <DistanceMeters>4991.4072265625</DistanceMeters>
            <HeartRateBpm>
              <Value>149</Value>
            </HeartRateBpm>
            <Extensions>
              <ns3:TPX>
                <ns3:Speed>3.208585262298584</ns3:Speed>
                <ns3:RunCadence>90</ns3:RunCadence>
              </ns3:TPX>
            </Extensions>
          </Trackpoint>
          <Trackpoint>
            <Time>2026-08-03T10:53:37.000Z</Time>
            <Position>
              <LatitudeDegrees>29.813336766873025</LatitudeDegrees>
              <LongitudeDegrees>106.42548479516664</LongitudeDegrees>
            </Position>
            <AltitudeMeters>211.38502502441406</AltitudeMeters>
            <DistanceMeters>5004.2421875</DistanceMeters>
            <HeartRateBpm>
              <Value>149</Value>
            </HeartRateBpm>
            <Extensions>
              <ns3:TPX>
                <ns3:Speed>3.2089171409606934</ns3:Speed>
                <ns3:RunCadence>88</ns3:RunCadence>
              </ns3:TPX>
            </Extensions>
          </Trackpoint>
        </Track>
        <Extensions>
          <ns3:LX>
            <ns3:AvgSpeed>3.2407419681549072</ns3:AvgSpeed>
            <ns3:AvgRunCadence>89</ns3:AvgRunCadence>
            <ns3:MaxRunCadence>91</ns3:MaxRunCadence>
          </ns3:LX>
        </Extensions>
      </Lap>
      <Lap StartTime="2026-08-03T10:53:36.000Z">
        <TotalTimeSeconds>322.155</TotalTimeSeconds>
        <DistanceMeters>1000.0</DistanceMeters>
        <MaximumSpeed>3.2089171409606934</MaximumSpeed>
        <Calories>61</Calories>
        <AverageHeartRateBpm>
          <Value>147</Value>
        </AverageHeartRateBpm>
        <MaximumHeartRateBpm>
          <Value>149</Value>
        </MaximumHeartRateBpm>
        <Intensity>Active</Intensity>
        <TriggerMethod>Manual</TriggerMethod>
        <Track>
          <Trackpoint>
            <Time>2026-08-03T10:53:37.000Z</Time>
            <Position>
              <LatitudeDegrees>29.813336766873025</LatitudeDegrees>
              <LongitudeDegrees>106.42548479516664</LongitudeDegrees>
            </Position>
            <AltitudeMeters>211.38502502441406</AltitudeMeters>
            <DistanceMeters>5004.2421875</DistanceMeters>
            <HeartRateBpm>
              <Value>149</Value>
            </HeartRateBpm>
            <Extensions>
              <ns3:TPX>
                <ns3:Speed>3.2089171409606934</ns3:Speed>
                <ns3:RunCadence>88</ns3:RunCadence>
              </ns3:TPX>
            </Extensions>
          </Trackpoint>
          <Trackpoint>
            <Time>2026-08-03T10:53:42.000Z</Time>
            <Position>
              <LatitudeDegrees>29.81325188645724</LatitudeDegrees>
              <LongitudeDegrees>106.42535133259408</LongitudeDegrees>
            </Position>
            <AltitudeMeters>211.2395782470703</AltitudeMeters>
            <DistanceMeters>5020.28564453125</DistanceMeters>
            <HeartRateBpm>
              <Value>149</Value>
            </HeartRateBpm>
            <Extensions>
              <ns3:TPX>
                <ns3:Speed>3.2084789276123047</ns3:Speed>
                <ns3:RunCadence>90</ns3:RunCadence>
              </ns3:TPX>
            </Extensions>
          </Trackpoint>
          <Trackpoint>
            <Time>2026-08-03T10:53:46.000Z</Time>
            <Position>
              <LatitudeDegrees>29.813153790947208</LatitudeDegrees>
              <LongitudeDegrees>106.42528367678388</LongitudeDegrees>
            </Position>
            <AltitudeMeters>211.1265106201172</AltitudeMeters>
            <DistanceMeters>5033.11767578125</DistanceMeters>
            <HeartRateBpm>
              <Value>149</Value>
            </HeartRateBpm>
            <Extensions>
              <ns3:TPX>
                <ns3:Speed>3.207458972930908</ns3:Speed>
                <ns3:RunCadence>89</ns3:RunCadence>
              </ns3:TPX>
            </Extensions>
          </Trackpoint>
          <Trackpoint>
            <Time>2026-08-03T10:53:51.000Z</Time>
            <Position>
              <LatitudeDegrees>29.81301363188977</LatitudeDegrees>
              <LongitudeDegrees>106.42529831747007</LongitudeDegrees>
            </Position>
            <AltitudeMeters>210.99496459960938</AltitudeMeters>
            <DistanceMeters>5049.14990234375</DistanceMeters>
            <HeartRateBpm>
              <Value>148</Value>
            </HeartRateBpm>
            <Extensions>
              <ns3:TPX>
                <ns3:Speed>3.205383062362671</ns3:Speed>
                <ns3:RunCadence>88</ns3:RunCadence>
              </ns3:TPX>
            </Extensions>
          </Trackpoint>
          <Trackpoint>
            <Time>2026-08-03T10:53:55.000Z</Time>
            <Position>
              <LatitudeDegrees>29.812923925221774</LatitudeDegrees>
              <LongitudeDegrees>106.42538026557439</LongitudeDegrees>
            </Position>
            <AltitudeMeters>210.9016876220703</AltitudeMeters>
            <DistanceMeters>5061.966796875</DistanceMeters>
            <HeartRateBpm>
              <Value>147</Value>
            </HeartRateBpm>
            <Extensions>
              <ns3:TPX>
                <ns3:Speed>3.2031214237213135</ns3:Speed>
                <ns3:RunCadence>89</ns3:RunCadence>
              </ns3:TPX>
            </Extensions>
          </Trackpoint>
          <Trackpoint>
            <Time>2026-08-03T10:54:00.000Z</Time>
            <Position>
              <LatitudeDegrees>29.812848336082546</LatitudeDegrees>
              <LongitudeDegrees>106.42552072121589</LongitudeDegrees>
            </Position>
            <AltitudeMeters>210.80519104003906</AltitudeMeters>
            <DistanceMeters>5077.9736328125</DistanceMeters>
            <HeartRateBpm>
              <Value>148</Value>
            </HeartRateBpm>
            <Extensions>
              <ns3:TPX>
                <ns3:Speed>3.199611186981201</ns3:Speed>
                <ns3:RunCadence>89</ns3:RunCadence>
              </ns3:TPX>
            </Extensions>
          </Trackpoint>
          <Trackpoint>
            <Time>2026-08-03T10:54:04.000Z</Time>
            <Position>
              <LatitudeDegrees>29.8128106853319</LatitudeDegrees>
              <LongitudeDegrees>106.42564584303796</LongitudeDegrees>
            </Position>
            <AltitudeMeters>210.7474822998047</AltitudeMeters>
            <DistanceMeters>5090.765625</DistanceMeters>
            <HeartRateBpm>
              <Value>147</Value>
            </HeartRateBpm>
            <Extensions>
              <ns3:TPX>
                <ns3:Speed>3.1963181495666504</ns3:Speed>
                <ns3:RunCadence>88</ns3:RunCadence>
              </ns3:TPX>
            </Extensions>
          </Trackpoint>
          <Trackpoint>
            <Time>2026-08-03T10:54:09.000Z</Time>
            <Position>
              <LatitudeDegrees>29.812786821825785</LatitudeDegrees>
              <LongitudeDegrees>106.42580887409704</LongitudeDegrees>
            </Position>
            <AltitudeMeters>210.70350646972656</AltitudeMeters>
            <DistanceMeters>5106.7353515625</DistanceMeters>
            <HeartRateBpm>
              <Value>148</Value>
            </HeartRateBpm>
            <Extensions>
              <ns3:TPX>
                <ns3:Speed>3.191690683364868</ns3:Speed>
                <ns3:RunCadence>89</ns3:RunCadence>
              </ns3:TPX>
            </Extensions>
          </Trackpoint>
          <Trackpoint>
            <Time>2026-08-03T10:54:13.000Z</Time>
            <Position>
              <LatitudeDegrees>29.812784135109027</LatitudeDegrees>
              <LongitudeDegrees>106.42594099115175</LongitudeDegrees>
            </Position>
            <AltitudeMeters>210.69300842285156</AltitudeMeters>
            <DistanceMeters>5119.494140625</DistanceMeters>
            <HeartRateBpm>
              <Value>147</Value>
            </HeartRateBpm>
            <Extensions>
              <ns3:TPX>
                <ns3:Speed>3.1876578330993652</ns3:Speed>
                <ns3:RunCadence>89</ns3:RunCadence>
              </ns3:TPX>
            </Extensions>
          </Trackpoint>
          <Trackpoint>
            <Time>2026-08-03T10:54:18.000Z</Time>
            <Position>
              <LatitudeDegrees>29.812800914448694</LatitudeDegrees>
              <LongitudeDegrees>106.42610472665464</LongitudeDegrees>
            </Position>
            <AltitudeMeters>210.712646484375</AltitudeMeters>
            <DistanceMeters>5135.41943359375</DistanceMeters>
            <HeartRateBpm>
              <Value>148</Value>
            </HeartRateBpm>
            <Extensions>
              <ns3:TPX>
                <ns3:Speed>3.1823153495788574</ns3:Speed>
                <ns3:RunCadence>89</ns3:RunCadence>
              </ns3:TPX>
            </Extensions>
          </Trackpoint>
          <Trackpoint>
            <Time>2026-08-03T10:54:22.000Z</Time>
            <Position>
              <LatitudeDegrees>29.81283162412921</LatitudeDegrees>
              <LongitudeDegrees>106.42623159444638</LongitudeDegrees>
            </Position>
            <AltitudeMeters>210.75515747070312</AltitudeMeters>
            <DistanceMeters>5148.1396484375</DistanceMeters>
            <HeartRateBpm>
              <Value>148</Value>
            </HeartRateBpm>
            <Extensions>
              <ns3:TPX>
                <ns3:Speed>3.177887439727783</ns3:Speed>
                <ns3:RunCadence>87</ns3:RunCadence>
              </ns3:TPX>
            </Extensions>
          </Trackpoint>
          <Trackpoint>
            <Time>2026-08-03T10:54:27.000Z</Time>
            <Position>
              <LatitudeDegrees>29.812895900468025</LatitudeDegrees>
              <LongitudeDegrees>106.42637800447153</LongitudeDegrees>
            </Position>
            <AltitudeMeters>210.84149169921875</AltitudeMeters>
            <DistanceMeters>5164.01513671875</DistanceMeters>
            <HeartRateBpm>
              <Value>147</Value>
            </HeartRateBpm>
            <Extensions>
              <ns3:TPX>
                <ns3:Speed>3.1722805500030518</ns3:Speed>
                <ns3:RunCadence>89</ns3:RunCadence>
              </ns3:TPX>
            </Extensions>
          </Trackpoint>
          <Trackpoint>
            <Time>2026-08-03T10:54:31.000Z</Time>
            <Position>
              <LatitudeDegrees>29.812973568229907</LatitudeDegrees>
              <LongitudeDegrees>106.42647342536404</LongitudeDegrees>
            </Position>
            <AltitudeMeters>210.9360809326172</AltitudeMeters>
            <DistanceMeters>5176.6953125</DistanceMeters>
            <HeartRateBpm>
              <Value>147</Value>
            </HeartRateBpm>
            <Extensions>
              <ns3:TPX>
                <ns3:Speed>3.167825698852539</ns3:Speed>
                <ns3:RunCadence>87</ns3:RunCadence>
              </ns3:TPX>
            </Extensions>
          </Trackpoint>
          <Trackpoint>
            <Time>2026-08-03T10:54:36.000Z</Time>
            <Position>
              <LatitudeDegrees>29.813105669837324</LatitudeDegrees>
              <LongitudeDegrees>106.42652529164148</LongitudeDegrees>
            </Position>
            <AltitudeMeters>211.08372497558594</AltitudeMeters>
            <DistanceMeters>5192.52099609375</DistanceMeters>
            <HeartRateBpm>
              <Value>146</Value>
            </HeartRateBpm>
            <Extensions>
              <ns3:TPX>
                <ns3:Speed>3.1624128818511963</ns3:Speed>
                <ns3:RunCadence>89</ns3:RunCadence>
              </ns3:TPX>
            </Extensions>
          </Trackpoint>
          <Trackpoint>
            <Time>2026-08-03T10:54:40.000Z</Time>
            <Position>
              <LatitudeDegrees>29.813212283674027</LatitudeDegrees>
              <LongitudeDegrees>106.4264848633157</LongitudeDegrees>
            </Position>
            <AltitudeMeters>211.2228240966797</AltitudeMeters>
            <DistanceMeters>5205.162109375</DistanceMeters>
            <HeartRateBpm>
              <Value>147</Value>
            </HeartRateBpm>
            <Extensions>
              <ns3:TPX>
                <ns3:Speed>3.1582894325256348</ns3:Speed>
                <ns3:RunCadence>89</ns3:RunCadence>
              </ns3:TPX>
            </Extensions>
          </Trackpoint>
          <Trackpoint>
            <Time>2026-08-03T10:54:45.000Z</Time>
            <Position>
              <LatitudeDegrees>29.813310070871566</LatitudeDegrees>
              <LongitudeDegrees>106.42636792800184</LongitudeDegrees>
            </Position>
            <AltitudeMeters>211.4186248779297</AltitudeMeters>
            <DistanceMeters>5220.94189453125</DistanceMeters>
            <HeartRateBpm>
              <Value>147</Value>
            </HeartRateBpm>
            <Extensions>
              <ns3:TPX>
                <ns3:Speed>3.153496742248535</ns3:Speed>
                <ns3:RunCadence>88</ns3:RunCadence>
              </ns3:TPX>
            </Extensions>
          </Trackpoint>
          <Trackpoint>
            <Time>2026-08-03T10:54:49.000Z</Time>
            <Position>
              <LatitudeDegrees>29.81336167655725</LatitudeDegrees>
              <LongitudeDegrees>106.42625184215956</LongitudeDegrees>
            </Position>
            <AltitudeMeters>211.58905029296875</AltitudeMeters>
            <DistanceMeters>5233.548828125</DistanceMeters>
            <HeartRateBpm>
              <Value>148</Value>
            </HeartRateBpm>
            <Extensions>
              <ns3:TPX>
                <ns3:Speed>3.1500210762023926</ns3:Speed>
                <ns3:RunCadence>88</ns3:RunCadence>
              </ns3:TPX>
            </Extensions>
          </Trackpoint>
          <Trackpoint>
            <Time>2026-08-03T10:54:54.000Z</Time>
            <Position>
              <LatitudeDegrees>29.81340077601301</LatitudeDegrees>
              <LongitudeDegrees>106.42609529485937</LongitudeDegrees>
            </Position>
            <AltitudeMeters>211.813720703125</AltitudeMeters>
            <DistanceMeters>5249.28955078125</DistanceMeters>
            <HeartRateBpm>
              <Value>148</Value>
            </HeartRateBpm>
            <Extensions>
              <ns3:TPX>
                <ns3:Speed>3.146204710006714</ns3:Speed>
                <ns3:RunCadence>89</ns3:RunCadence>
              </ns3:TPX>
            </Extensions>
          </Trackpoint>
          <Trackpoint>
            <Time>2026-08-03T10:54:58.000Z</Time>
            <Position>
              <LatitudeDegrees>29.813414852021893</LatitudeDegrees>
              <LongitudeDegrees>106.42596600561781</LongitudeDegrees>
            </Position>
            <AltitudeMeters>211.998291015625</AltitudeMeters>
            <DistanceMeters>5261.869140625</DistanceMeters>
            <HeartRateBpm>
              <Value>148</Value>
            </HeartRateBpm>
            <Extensions>
              <ns3:TPX>
                <ns3:Speed>3.1436238288879395</ns3:Speed>
                <ns3:RunCadence>89</ns3:RunCadence>
              </ns3:TPX>
            </Extensions>
          </Trackpoint>
          <Trackpoint>
            <Time>2026-08-03T10:55:03.000Z</Time>
            <Position>
              <LatitudeDegrees>29.813412808356986</LatitudeDegrees>
              <LongitudeDegrees>106.42580332406146</LongitudeDegrees>
            </Position>
            <AltitudeMeters>212.22879028320312</AltitudeMeters>
            <DistanceMeters>5277.58056640625</DistanceMeters>
            <HeartRateBpm>
              <Value>147</Value>
            </HeartRateBpm>
            <Extensions>
              <ns3:TPX>
                <ns3:Speed>3.141037940979004</ns3:Speed>
                <ns3:RunCadence>88</ns3:RunCadence>
              </ns3:TPX>
            </Extensions>
          </Trackpoint>
          <Trackpoint>
            <Time>2026-08-03T10:55:07.000Z</Time>
            <Position>
              <LatitudeDegrees>29.813395380507657</LatitudeDegrees>
              <LongitudeDegrees>106.42567477676211</LongitudeDegrees>
            </Position>
            <AltitudeMeters>212.40835571289062</AltitudeMeters>
            <DistanceMeters>5290.1416015625</DistanceMeters>
            <HeartRateBpm>
              <Value>147</Value>
            </HeartRateBpm>
            <Extensions>
              <ns3:TPX>
                <ns3:Speed>3.1395065784454346</ns3:Speed>
                <ns3:RunCadence>88</ns3:RunCadence>
              </ns3:TPX>
            </Extensions>
          </Trackpoint>
          <Trackpoint>
            <Time>2026-08-03T10:55:12.000Z</Time>
            <Position>
              <LatitudeDegrees>29.813351550513733</LatitudeDegrees>
              <LongitudeDegrees>106.42552042921474</LongitudeDegrees>
            </Position>
            <AltitudeMeters>212.62060546875</AltitudeMeters>
            <DistanceMeters>5305.8359375</DistanceMeters>
            <HeartRateBpm>
              <Value>147</Value>
            </HeartRateBpm>
            <Extensions>
              <ns3:TPX>
                <ns3:Speed>3.138279914855957</ns3:Speed>
                <ns3:RunCadence>89</ns3:RunCadence>
              </ns3:TPX>
            </Extensions>
          </Trackpoint>
          <Trackpoint>
            <Time>2026-08-03T10:55:16.000Z</Time>
            <Position>
              <LatitudeDegrees>29.813295358299005</LatitudeDegrees>
              <LongitudeDegrees>106.42540791373574</LongitudeDegrees>
            </Position>
            <AltitudeMeters>212.7763214111328</AltitudeMeters>
            <DistanceMeters>5318.38818359375</DistanceMeters>
            <HeartRateBpm>
              <Value>148</Value>
            </HeartRateBpm>
            <Extensions>
              <ns3:TPX>
                <ns3:Speed>3.1378464698791504</ns3:Speed>
                <ns3:RunCadence>88</ns3:RunCadence>
              </ns3:TPX>
            </Extensions>
          </Trackpoint>
          <Trackpoint>
            <Time>2026-08-03T10:55:21.000Z</Time>
            <Position>
              <LatitudeDegrees>29.81319078731375</LatitudeDegrees>
              <LongitudeDegrees>106.42530090381577</LongitudeDegrees>
            </Position>
            <AltitudeMeters>212.9479522705078</AltitudeMeters>
            <DistanceMeters>5334.078125</DistanceMeters>
            <HeartRateBpm>
              <Value>148</Value>
            </HeartRateBpm>
            <Extensions>
              <ns3:TPX>
                <ns3:Speed>3.137969493865967</ns3:Speed>
                <ns3:RunCadence>88</ns3:RunCadence>
              </ns3:TPX>
            </Extensions>
          </Trackpoint>
          <Trackpoint>
            <Time>2026-08-03T10:55:25.000Z</Time>
            <Position>
              <LatitudeDegrees>29.813081695776415</LatitudeDegrees>
              <LongitudeDegrees>106.42527554186849</LongitudeDegrees>
            </Position>
            <AltitudeMeters>213.0633544921875</AltitudeMeters>
            <DistanceMeters>5346.630859375</DistanceMeters>
            <HeartRateBpm>
              <Value>148</Value>
            </HeartRateBpm>
            <Extensions>
              <ns3:TPX>
                <ns3:Speed>3.138570547103882</ns3:Speed>
                <ns3:RunCadence>87</ns3:RunCadence>
              </ns3:TPX>
            </Extensions>
          </Trackpoint>
          <Trackpoint>
            <Time>2026-08-03T10:55:30.000Z</Time>
            <Position>
              <LatitudeDegrees>29.81295578831719</LatitudeDegrees>
              <LongitudeDegrees>106.42534309941145</LongitudeDegrees>
            </Position>
            <AltitudeMeters>213.17625427246094</AltitudeMeters>
            <DistanceMeters>5362.3271484375</DistanceMeters>
            <HeartRateBpm>
              <Value>149</Value>
            </HeartRateBpm>
            <Extensions>
              <ns3:TPX>
                <ns3:Speed>3.1398942470550537</ns3:Speed>
                <ns3:RunCadence>87</ns3:RunCadence>
              </ns3:TPX>
            </Extensions>
          </Trackpoint>
          <Trackpoint>
            <Time>2026-08-03T10:55:34.000Z</Time>
            <Position>
              <LatitudeDegrees>29.812883934593007</LatitudeDegrees>
              <LongitudeDegrees>106.42544297503362</LongitudeDegrees>
            </Position>
            <AltitudeMeters>213.2391815185547</AltitudeMeters>
            <DistanceMeters>5374.8896484375</DistanceMeters>
            <HeartRateBpm>
              <Value>149</Value>
            </HeartRateBpm>
            <Extensions>
              <ns3:TPX>
                <ns3:Speed>3.141357421875</ns3:Speed>
                <ns3:RunCadence>88</ns3:RunCadence>
              </ns3:TPX>
            </Extensions>
          </Trackpoint>
          <Trackpoint>
            <Time>2026-08-03T10:55:39.000Z</Time>
            <Position>
              <LatitudeDegrees>29.81282488706264</LatitudeDegrees>
              <LongitudeDegrees>106.42559050258865</LongitudeDegrees>
            </Position>
            <AltitudeMeters>213.281494140625</AltitudeMeters>
            <DistanceMeters>5390.60205078125</DistanceMeters>
            <HeartRateBpm>
              <Value>149</Value>
            </HeartRateBpm>
            <Extensions>
              <ns3:TPX>
                <ns3:Speed>3.1436047554016113</ns3:Speed>
                <ns3:RunCadence>88</ns3:RunCadence>
              </ns3:TPX>
            </Extensions>
          </Trackpoint>
          <Trackpoint>
            <Time>2026-08-03T10:55:43.000Z</Time>
            <Position>
              <LatitudeDegrees>29.8127973474561</LatitudeDegrees>
              <LongitudeDegrees>106.42571683504573</LongitudeDegrees>
            </Position>
            <AltitudeMeters>213.2854461669922</AltitudeMeters>
            <DistanceMeters>5403.1806640625</DistanceMeters>
            <HeartRateBpm>
              <Value>149</Value>
            </HeartRateBpm>
            <Extensions>
              <ns3:TPX>
                <ns3:Speed>3.145662307739258</ns3:Speed>
                <ns3:RunCadence>88</ns3:RunCadence>
              </ns3:TPX>
            </Extensions>
          </Trackpoint>
          <Trackpoint>
            <Time>2026-08-03T10:55:48.000Z</Time>
            <Position>
              <LatitudeDegrees>29.81278365104324</LatitudeDegrees>
              <LongitudeDegrees>106.42587898602609</LongitudeDegrees>
            </Position>
            <AltitudeMeters>213.25294494628906</AltitudeMeters>
            <DistanceMeters>5418.916015625</DistanceMeters>
            <HeartRateBpm>
              <Value>149</Value>
            </HeartRateBpm>
            <Extensions>
              <ns3:TPX>
                <ns3:Speed>3.1484479904174805</ns3:Speed>
                <ns3:RunCadence>88</ns3:RunCadence>
              </ns3:TPX>
            </Extensions>
          </Trackpoint>
          <Trackpoint>
            <Time>2026-08-03T10:55:52.000Z</Time>
            <Position>
              <LatitudeDegrees>29.81278834968501</LatitudeDegrees>
              <LongitudeDegrees>106.42600936492036</LongitudeDegrees>
            </Position>
            <AltitudeMeters>213.19776916503906</AltitudeMeters>
            <DistanceMeters>5431.51416015625</DistanceMeters>
            <HeartRateBpm>
              <Value>149</Value>
            </HeartRateBpm>
            <Extensions>
              <ns3:TPX>
                <ns3:Speed>3.1507577896118164</ns3:Speed>
                <ns3:RunCadence>89</ns3:RunCadence>
              </ns3:TPX>
            </Extensions>
          </Trackpoint>
          <Trackpoint>
            <Time>2026-08-03T10:55:57.000Z</Time>
            <Position>
              <LatitudeDegrees>29.812814434865853</LatitudeDegrees>
              <LongitudeDegrees>106.42616972699946</LongitudeDegrees>
            </Position>
            <AltitudeMeters>213.09432983398438</AltitudeMeters>
            <DistanceMeters>5447.275390625</DistanceMeters>
            <HeartRateBpm>
              <Value>149</Value>
            </HeartRateBpm>
            <Extensions>
              <ns3:TPX>
                <ns3:Speed>3.1536197662353516</ns3:Speed>
                <ns3:RunCadence>89</ns3:RunCadence>
              </ns3:TPX>
            </Extensions>
          </Trackpoint>
          <Trackpoint>
            <Time>2026-08-03T10:56:01.000Z</Time>
            <Position>
              <LatitudeDegrees>29.812853428257984</LatitudeDegrees>
              <LongitudeDegrees>106.4262923905328</LongitudeDegrees>
            </Position>
            <AltitudeMeters>212.9862518310547</AltitudeMeters>
            <DistanceMeters>5459.89404296875</DistanceMeters>
            <HeartRateBpm>
              <Value>148</Value>
            </HeartRateBpm>
            <Extensions>
              <ns3:TPX>
                <ns3:Speed>3.155792236328125</ns3:Speed>
                <ns3:RunCadence>89</ns3:RunCadence>
              </ns3:TPX>
            </Extensions>
          </Trackpoint>
          <Trackpoint>
            <Time>2026-08-03T10:56:06.000Z</Time>
            <Position>
              <LatitudeDegrees>29.812930906235742</LatitudeDegrees>
              <LongitudeDegrees>106.42642872048849</LongitudeDegrees>
            </Position>
            <AltitudeMeters>212.82330322265625</AltitudeMeters>
            <DistanceMeters>5475.67919921875</DistanceMeters>
            <HeartRateBpm>
              <Value>149</Value>
            </HeartRateBpm>
            <Extensions>
              <ns3:TPX>
                <ns3:Speed>3.158229351043701</ns3:Speed>
                <ns3:RunCadence>87</ns3:RunCadence>
              </ns3:TPX>
            </Extensions>
          </Trackpoint>
          <Trackpoint>
            <Time>2026-08-03T10:56:10.000Z</Time>
            <Position>
              <LatitudeDegrees>29.813021645623987</LatitudeDegrees>
              <LongitudeDegrees>106.42650597387754</LongitudeDegrees>
            </Position>
            <AltitudeMeters>212.67404174804688</AltitudeMeters>
            <DistanceMeters>5488.3154296875</DistanceMeters>
            <HeartRateBpm>
              <Value>148</Value>
            </HeartRateBpm>
            <Extensions>
              <ns3:TPX>
                <ns3:Speed>3.1598594188690186</ns3:Speed>
                <ns3:RunCadence>88</ns3:RunCadence>
              </ns3:TPX>
            </Extensions>
          </Trackpoint>
          <Trackpoint>
            <Time>2026-08-03T10:56:15.000Z</Time>
            <Position>
              <LatitudeDegrees>29.81316025613459</LatitudeDegrees>
              <LongitudeDegrees>106.42651395573913</LongitudeDegrees>
            </Position>
            <AltitudeMeters>212.4689483642578</AltitudeMeters>
            <DistanceMeters>5504.11865234375</DistanceMeters>
            <HeartRateBpm>
              <Value>148</Value>
            </HeartRateBpm>
            <Extensions>
              <ns3:TPX>
                <ns3:Speed>3.1613714694976807</ns3:Speed>
                <ns3:RunCadence>89</ns3:RunCadence>
              </ns3:TPX>
            </Extensions>
          </Trackpoint>
          <Trackpoint>
            <Time>2026-08-03T10:56:19.000Z</Time>
            <Position>
              <LatitudeDegrees>29.81325563425294</LatitudeDegrees>
              <LongitudeDegrees>106.42644464692471</LongitudeDegrees>
            </Position>
            <AltitudeMeters>212.29412841796875</AltitudeMeters>
            <DistanceMeters>5516.76513671875</DistanceMeters>
            <HeartRateBpm>
              <Value>147</Value>
            </HeartRateBpm>
            <Extensions>
              <ns3:TPX>
                <ns3:Speed>3.16207218170166</ns3:Speed>
                <ns3:RunCadence>88</ns3:RunCadence>
              </ns3:TPX>
            </Extensions>
          </Trackpoint>
          <Trackpoint>
            <Time>2026-08-03T10:56:24.000Z</Time>
            <Position>
              <LatitudeDegrees>29.81333811643914</LatitudeDegrees>
              <LongitudeDegrees>106.42631208283265</LongitudeDegrees>
            </Position>
            <AltitudeMeters>212.0678253173828</AltitudeMeters>
            <DistanceMeters>5532.576171875</DistanceMeters>
            <HeartRateBpm>
              <Value>148</Value>
            </HeartRateBpm>
            <Extensions>
              <ns3:TPX>
                <ns3:Speed>3.1622021198272705</ns3:Speed>
                <ns3:RunCadence>89</ns3:RunCadence>
              </ns3:TPX>
            </Extensions>
          </Trackpoint>
          <Trackpoint>
            <Time>2026-08-03T10:56:28.000Z</Time>
            <Position>
              <LatitudeDegrees>29.813380323119517</LatitudeDegrees>
              <LongitudeDegrees>106.42619053793915</LongitudeDegrees>
            </Position>
            <AltitudeMeters>211.88473510742188</AltitudeMeters>
            <DistanceMeters>5545.2236328125</DistanceMeters>
            <HeartRateBpm>
              <Value>149</Value>
            </HeartRateBpm>
            <Extensions>
              <ns3:TPX>
                <ns3:Speed>3.1616368293762207</ns3:Speed>
                <ns3:RunCadence>89</ns3:RunCadence>
              </ns3:TPX>
            </Extensions>
          </Trackpoint>
          <Trackpoint>
            <Time>2026-08-03T10:56:33.000Z</Time>
            <Position>
              <LatitudeDegrees>29.813409659954203</LatitudeDegrees>
              <LongitudeDegrees>106.4260304650883</LongitudeDegrees>
            </Position>
            <AltitudeMeters>211.65870666503906</AltitudeMeters>
            <DistanceMeters>5561.02783203125</DistanceMeters>
            <HeartRateBpm>
              <Value>148</Value>
            </HeartRateBpm>
            <Extensions>
              <ns3:TPX>
                <ns3:Speed>3.1600091457366943</ns3:Speed>
                <ns3:RunCadence>89</ns3:RunCadence>
              </ns3:TPX>
            </Extensions>
          </Trackpoint>
          <Trackpoint>
            <Time>2026-08-03T10:56:37.000Z</Time>
            <Position>
              <LatitudeDegrees>29.813416625070758</LatitudeDegrees>
              <LongitudeDegrees>106.42589981933709</LongitudeDegrees>
            </Position>
            <AltitudeMeters>211.48382568359375</AltitudeMeters>
            <DistanceMeters>5573.66357421875</DistanceMeters>
            <HeartRateBpm>
              <Value>149</Value>
            </HeartRateBpm>
            <Extensions>
              <ns3:TPX>
                <ns3:Speed>3.1579196453094482</ns3:Speed>
                <ns3:RunCadence>89</ns3:RunCadence>
              </ns3:TPX>
            </Extensions>
          </Trackpoint>
          <Trackpoint>
            <Time>2026-08-03T10:56:42.000Z</Time>
            <Position>
              <LatitudeDegrees>29.813405661306366</LatitudeDegrees>
              <LongitudeDegrees>106.42573690381755</LongitudeDegrees>
            </Position>
            <AltitudeMeters>211.27699279785156</AltitudeMeters>
            <DistanceMeters>5589.4443359375</DistanceMeters>
            <HeartRateBpm>
              <Value>149</Value>
            </HeartRateBpm>
            <Extensions>
              <ns3:TPX>
                <ns3:Speed>3.154273271560669</ns3:Speed>
                <ns3:RunCadence>88</ns3:RunCadence>
              </ns3:TPX>
            </Extensions>
          </Trackpoint>
          <Trackpoint>
            <Time>2026-08-03T10:56:46.000Z</Time>
            <Position>
              <LatitudeDegrees>29.81338036404326</LatitudeDegrees>
              <LongitudeDegrees>106.42560961097938</LongitudeDegrees>
            </Position>
            <AltitudeMeters>211.1236114501953</AltitudeMeters>
            <DistanceMeters>5602.0537109375</DistanceMeters>
            <HeartRateBpm>
              <Value>149</Value>
            </HeartRateBpm>
            <Extensions>
              <ns3:TPX>
                <ns3:Speed>3.1505041122436523</ns3:Speed>
                <ns3:RunCadence>88</ns3:RunCadence>
              </ns3:TPX>
            </Extensions>
          </Trackpoint>
          <Trackpoint>
            <Time>2026-08-03T10:56:51.000Z</Time>
            <Position>
              <LatitudeDegrees>29.813324964298168</LatitudeDegrees>
              <LongitudeDegrees>106.42545988253141</LongitudeDegrees>
            </Position>
            <AltitudeMeters>210.9496612548828</AltitudeMeters>
            <DistanceMeters>5617.79150390625</DistanceMeters>
            <HeartRateBpm>
              <Value>149</Value>
            </HeartRateBpm>
            <Extensions>
              <ns3:TPX>
                <ns3:Speed>3.1447155475616455</ns3:Speed>
                <ns3:RunCadence>89</ns3:RunCadence>
              </ns3:TPX>
            </Extensions>
          </Trackpoint>
          <Trackpoint>
            <Time>2026-08-03T10:56:55.000Z</Time>
            <Position>
              <LatitudeDegrees>29.813256736876326</LatitudeDegrees>
              <LongitudeDegrees>106.42535653592435</LongitudeDegrees>
            </Position>
            <AltitudeMeters>210.8260040283203</AltitudeMeters>
            <DistanceMeters>5630.359375</DistanceMeters>
            <HeartRateBpm>
              <Value>148</Value>
            </HeartRateBpm>
            <Extensions>
              <ns3:TPX>
                <ns3:Speed>3.139228105545044</ns3:Speed>
                <ns3:RunCadence>87</ns3:RunCadence>
              </ns3:TPX>
            </Extensions>
          </Trackpoint>
          <Trackpoint>
            <Time>2026-08-03T10:57:00.000Z</Time>
            <Position>
              <LatitudeDegrees>29.81313540126302</LatitudeDegrees>
              <LongitudeDegrees>106.42527844151921</LongitudeDegrees>
            </Position>
            <AltitudeMeters>210.69149780273438</AltitudeMeters>
            <DistanceMeters>5646.0361328125</DistanceMeters>
            <HeartRateBpm>
              <Value>148</Value>
            </HeartRateBpm>
            <Extensions>
              <ns3:TPX>
                <ns3:Speed>3.1313254833221436</ns3:Speed>
                <ns3:RunCadence>89</ns3:RunCadence>
              </ns3:TPX>
            </Extensions>
          </Trackpoint>
          <Trackpoint>
            <Time>2026-08-03T10:57:04.000Z</Time>
            <Position>
              <LatitudeDegrees>29.813025221841468</LatitudeDegrees>
              <LongitudeDegrees>106.42529232977273</LongitudeDegrees>
            </Position>
            <AltitudeMeters>210.59971618652344</AltitudeMeters>
            <DistanceMeters>5658.546875</DistanceMeters>
            <HeartRateBpm>
              <Value>148</Value>
            </HeartRateBpm>
            <Extensions>
              <ns3:TPX>
                <ns3:Speed>3.12420392036438</ns3:Speed>
                <ns3:RunCadence>87</ns3:RunCadence>
              </ns3:TPX>
            </Extensions>
          </Trackpoint>
          <Trackpoint>
            <Time>2026-08-03T10:57:09.000Z</Time>
            <Position>
              <LatitudeDegrees>29.81291597542551</LatitudeDegrees>
              <LongitudeDegrees>106.42539106070852</LongitudeDegrees>
            </Position>
            <AltitudeMeters>210.50344848632812</AltitudeMeters>
            <DistanceMeters>5674.1435546875</DistanceMeters>
            <HeartRateBpm>
              <Value>146</Value>
            </HeartRateBpm>
            <Extensions>
              <ns3:TPX>
                <ns3:Speed>3.1143686771392822</ns3:Speed>
                <ns3:RunCadence>87</ns3:RunCadence>
              </ns3:TPX>
            </Extensions>
          </Trackpoint>
          <Trackpoint>
            <Time>2026-08-03T10:57:13.000Z</Time>
            <Position>
              <LatitudeDegrees>29.81285664819376</LatitudeDegrees>
              <LongitudeDegrees>106.42550002833374</LongitudeDegrees>
            </Position>
            <AltitudeMeters>210.43955993652344</AltitudeMeters>
            <DistanceMeters>5686.583984375</DistanceMeters>
            <HeartRateBpm>
              <Value>146</Value>
            </HeartRateBpm>
            <Extensions>
              <ns3:TPX>
                <ns3:Speed>3.105816602706909</ns3:Speed>
                <ns3:RunCadence>87</ns3:RunCadence>
              </ns3:TPX>
            </Extensions>
          </Trackpoint>
          <Trackpoint>
            <Time>2026-08-03T10:57:18.000Z</Time>
            <Position>
              <LatitudeDegrees>29.812809611869085</LatitudeDegrees>
              <LongitudeDegrees>106.42565096339709</LongitudeDegrees>
            </Position>
            <AltitudeMeters>210.37310791015625</AltitudeMeters>
            <DistanceMeters>5702.08447265625</DistanceMeters>
            <HeartRateBpm>
              <Value>146</Value>
            </HeartRateBpm>
            <Extensions>
              <ns3:TPX>
                <ns3:Speed>3.0943727493286133</ns3:Speed>
                <ns3:RunCadence>87</ns3:RunCadence>
              </ns3:TPX>
            </Extensions>
          </Trackpoint>
          <Trackpoint>
            <Time>2026-08-03T10:57:22.000Z</Time>
            <Position>
              <LatitudeDegrees>29.812789640751078</LatitudeDegrees>
              <LongitudeDegrees>106.42577687188412</LongitudeDegrees>
            </Position>
            <AltitudeMeters>210.32794189453125</AltitudeMeters>
            <DistanceMeters>5714.4423828125</DistanceMeters>
            <HeartRateBpm>
              <Value>146</Value>
            </HeartRateBpm>
            <Extensions>
              <ns3:TPX>
                <ns3:Speed>3.0847008228302</ns3:Speed>
                <ns3:RunCadence>88</ns3:RunCadence>
              </ns3:TPX>
            </Extensions>
          </Trackpoint>
          <Trackpoint>
            <Time>2026-08-03T10:57:27.000Z</Time>
            <Position>
              <LatitudeDegrees>29.812783941113473</LatitudeDegrees>
              <LongitudeDegrees>106.42593612096786</LongitudeDegrees>
            </Position>
            <AltitudeMeters>210.27732849121094</AltitudeMeters>
            <DistanceMeters>5729.83447265625</DistanceMeters>
            <HeartRateBpm>
              <Value>145</Value>
            </HeartRateBpm>
            <Extensions>
              <ns3:TPX>
                <ns3:Speed>3.0720932483673096</ns3:Speed>
                <ns3:RunCadence>88</ns3:RunCadence>
              </ns3:TPX>
            </Extensions>
          </Trackpoint>
          <Trackpoint>
            <Time>2026-08-03T10:57:31.000Z</Time>
            <Position>
              <LatitudeDegrees>29.81279427007451</LatitudeDegrees>
              <LongitudeDegrees>106.42606263848546</LongitudeDegrees>
            </Position>
            <AltitudeMeters>210.23814392089844</AltitudeMeters>
            <DistanceMeters>5742.10205078125</DistanceMeters>
            <HeartRateBpm>
              <Value>144</Value>
            </HeartRateBpm>
            <Extensions>
              <ns3:TPX>
                <ns3:Speed>3.061697244644165</ns3:Speed>
                <ns3:RunCadence>87</ns3:RunCadence>
              </ns3:TPX>
            </Extensions>
          </Trackpoint>
          <Trackpoint>
            <Time>2026-08-03T10:57:36.000Z</Time>
            <Position>
              <LatitudeDegrees>29.81282686322122</LatitudeDegrees>
              <LongitudeDegrees>106.42621624445253</LongitudeDegrees>
            </Position>
            <AltitudeMeters>210.18618774414062</AltitudeMeters>
            <DistanceMeters>5757.37744140625</DistanceMeters>
            <HeartRateBpm>
              <Value>144</Value>
            </HeartRateBpm>
            <Extensions>
              <ns3:TPX>
                <ns3:Speed>3.0484619140625</ns3:Speed>
                <ns3:RunCadence>87</ns3:RunCadence>
              </ns3:TPX>
            </Extensions>
          </Trackpoint>
          <Trackpoint>
            <Time>2026-08-03T10:57:40.000Z</Time>
            <Position>
              <LatitudeDegrees>29.81287092131016</LatitudeDegrees>
              <LongitudeDegrees>106.42633155116685</LongitudeDegrees>
            </Position>
            <AltitudeMeters>210.13877868652344</AltitudeMeters>
            <DistanceMeters>5769.5498046875</DistanceMeters>
            <HeartRateBpm>
              <Value>144</Value>
            </HeartRateBpm>
            <Extensions>
              <ns3:TPX>
                <ns3:Speed>3.037795066833496</ns3:Speed>
                <ns3:RunCadence>87</ns3:RunCadence>
              </ns3:TPX>
            </Extensions>
          </Trackpoint>
          <Trackpoint>
            <Time>2026-08-03T10:57:45.000Z</Time>
            <Position>
              <LatitudeDegrees>29.81295408032457</LatitudeDegrees>
              <LongitudeDegrees>106.42645506832424</LongitudeDegrees>
            </Position>
            <AltitudeMeters>210.06776428222656</AltitudeMeters>
            <DistanceMeters>5784.70556640625</DistanceMeters>
            <HeartRateBpm>
              <Value>144</Value>
            </HeartRateBpm>
            <Extensions>
              <ns3:TPX>
                <ns3:Speed>3.024519681930542</ns3:Speed>
                <ns3:RunCadence>86</ns3:RunCadence>
              </ns3:TPX>
            </Extensions>
          </Trackpoint>
          <Trackpoint>
            <Time>2026-08-03T10:57:49.000Z</Time>
            <Position>
              <LatitudeDegrees>29.8130475091357</LatitudeDegrees>
              <LongitudeDegrees>106.42651679929148</LongitudeDegrees>
            </Position>
            <AltitudeMeters>209.99847412109375</AltitudeMeters>
            <DistanceMeters>5796.78271484375</DistanceMeters>
            <HeartRateBpm>
              <Value>144</Value>
            </HeartRateBpm>
            <Extensions>
              <ns3:TPX>
                <ns3:Speed>3.014061450958252</ns3:Speed>
                <ns3:RunCadence>88</ns3:RunCadence>
              </ns3:TPX>
            </Extensions>
          </Trackpoint>
          <Trackpoint>
            <Time>2026-08-03T10:57:54.000Z</Time>
            <Position>
              <LatitudeDegrees>29.81317953057338</LatitudeDegrees>
              <LongitudeDegrees>106.42650541595788</LongitudeDegrees>
            </Position>
            <AltitudeMeters>209.89263916015625</AltitudeMeters>
            <DistanceMeters>5811.8212890625</DistanceMeters>
            <HeartRateBpm>
              <Value>143</Value>
            </HeartRateBpm>
            <Extensions>
              <ns3:TPX>
                <ns3:Speed>3.0013442039489746</ns3:Speed>
                <ns3:RunCadence>86</ns3:RunCadence>
              </ns3:TPX>
            </Extensions>
          </Trackpoint>
          <Trackpoint>
            <Time>2026-08-03T10:57:58.000Z</Time>
            <Position>
              <LatitudeDegrees>29.813265938156142</LatitudeDegrees>
              <LongitudeDegrees>106.42643254116362</LongitudeDegrees>
            </Position>
            <AltitudeMeters>209.790283203125</AltitudeMeters>
            <DistanceMeters>5823.80712890625</DistanceMeters>
            <HeartRateBpm>
              <Value>142</Value>
            </HeartRateBpm>
            <Extensions>
              <ns3:TPX>
                <ns3:Speed>2.9915642738342285</ns3:Speed>
                <ns3:RunCadence>88</ns3:RunCadence>
              </ns3:TPX>
            </Extensions>
          </Trackpoint>
          <Trackpoint>
            <Time>2026-08-03T10:58:03.000Z</Time>
            <Position>
              <LatitudeDegrees>29.813341143517235</LatitudeDegrees>
              <LongitudeDegrees>106.42630508018206</LongitudeDegrees>
            </Position>
            <AltitudeMeters>209.63780212402344</AltitudeMeters>
            <DistanceMeters>5838.73583984375</DistanceMeters>
            <HeartRateBpm>
              <Value>142</Value>
            </HeartRateBpm>
            <Extensions>
              <ns3:TPX>
                <ns3:Speed>2.979970932006836</ns3:Speed>
                <ns3:RunCadence>85</ns3:RunCadence>
              </ns3:TPX>
            </Extensions>
          </Trackpoint>
          <Trackpoint>
            <Time>2026-08-03T10:58:07.000Z</Time>
            <Position>
              <LatitudeDegrees>29.813380349370327</LatitudeDegrees>
              <LongitudeDegrees>106.42619044241437</LongitudeDegrees>
            </Position>
            <AltitudeMeters>209.4949493408203</AltitudeMeters>
            <DistanceMeters>5850.638671875</DistanceMeters>
            <HeartRateBpm>
              <Value>142</Value>
            </HeartRateBpm>
            <Extensions>
              <ns3:TPX>
                <ns3:Speed>2.971297025680542</ns3:Speed>
                <ns3:RunCadence>87</ns3:RunCadence>
              </ns3:TPX>
            </Extensions>
          </Trackpoint>
          <Trackpoint>
            <Time>2026-08-03T10:58:12.000Z</Time>
            <Position>
              <LatitudeDegrees>29.81340845893074</LatitudeDegrees>
              <LongitudeDegrees>106.42604034915088</LongitudeDegrees>
            </Position>
            <AltitudeMeters>209.28933715820312</AltitudeMeters>
            <DistanceMeters>5865.47021484375</DistanceMeters>
            <HeartRateBpm>
              <Value>143</Value>
            </HeartRateBpm>
            <Extensions>
              <ns3:TPX>
                <ns3:Speed>2.9613208770751953</ns3:Speed>
                <ns3:RunCadence>85</ns3:RunCadence>
              </ns3:TPX>
            </Extensions>
          </Trackpoint>
          <Trackpoint>
            <Time>2026-08-03T10:58:16.000Z</Time>
            <Position>
              <LatitudeDegrees>29.813416387026013</LatitudeDegrees>
              <LongitudeDegrees>106.42591814157825</LongitudeDegrees>
            </Position>
            <AltitudeMeters>209.1031494140625</AltitudeMeters>
            <DistanceMeters>5877.30078125</DistanceMeters>
            <HeartRateBpm>
              <Value>143</Value>
            </HeartRateBpm>
            <Extensions>
              <ns3:TPX>
                <ns3:Speed>2.9541077613830566</ns3:Speed>
                <ns3:RunCadence>87</ns3:RunCadence>
              </ns3:TPX>
            </Extensions>
          </Trackpoint>
          <Trackpoint>
            <Time>2026-08-03T10:58:21.000Z</Time>
            <Position>
              <LatitudeDegrees>29.813409183847305</LatitudeDegrees>
              <LongitudeDegrees>106.42576561669486</LongitudeDegrees>
            </Position>
            <AltitudeMeters>208.84388732910156</AltitudeMeters>
            <DistanceMeters>5892.0517578125</DistanceMeters>
            <HeartRateBpm>
              <Value>142</Value>
            </HeartRateBpm>
            <Extensions>
              <ns3:TPX>
                <ns3:Speed>2.9461352825164795</ns3:Speed>
                <ns3:RunCadence>86</ns3:RunCadence>
              </ns3:TPX>
            </Extensions>
          </Trackpoint>
          <Trackpoint>
            <Time>2026-08-03T10:58:25.000Z</Time>
            <Position>
              <LatitudeDegrees>29.813389312336657</LatitudeDegrees>
              <LongitudeDegrees>106.42564583191711</LongitudeDegrees>
            </Position>
            <AltitudeMeters>208.61631774902344</AltitudeMeters>
            <DistanceMeters>5903.8251953125</DistanceMeters>
            <HeartRateBpm>
              <Value>143</Value>
            </HeartRateBpm>
            <Extensions>
              <ns3:TPX>
                <ns3:Speed>2.940641164779663</ns3:Speed>
                <ns3:RunCadence>87</ns3:RunCadence>
              </ns3:TPX>
            </Extensions>
          </Trackpoint>
          <Trackpoint>
            <Time>2026-08-03T10:58:30.000Z</Time>
            <Position>
              <LatitudeDegrees>29.813344563590675</LatitudeDegrees>
              <LongitudeDegrees>106.42550283159905</LongitudeDegrees>
            </Position>
            <AltitudeMeters>208.3087921142578</AltitudeMeters>
            <DistanceMeters>5918.51416015625</DistanceMeters>
            <HeartRateBpm>
              <Value>144</Value>
            </HeartRateBpm>
            <Extensions>
              <ns3:TPX>
                <ns3:Speed>2.9349253177642822</ns3:Speed>
                <ns3:RunCadence>87</ns3:RunCadence>
              </ns3:TPX>
            </Extensions>
          </Trackpoint>
          <Trackpoint>
            <Time>2026-08-03T10:58:34.000Z</Time>
            <Position>
              <LatitudeDegrees>29.81328965690499</LatitudeDegrees>
              <LongitudeDegrees>106.4253992700442</LongitudeDegrees>
            </Position>
            <AltitudeMeters>208.04641723632812</AltitudeMeters>
            <DistanceMeters>5930.24658203125</DistanceMeters>
            <HeartRateBpm>
              <Value>143</Value>
            </HeartRateBpm>
            <Extensions>
              <ns3:TPX>
                <ns3:Speed>2.9312944412231445</ns3:Speed>
                <ns3:RunCadence>86</ns3:RunCadence>
              </ns3:TPX>
            </Extensions>
          </Trackpoint>
          <Trackpoint>
            <Time>2026-08-03T10:58:39.000Z</Time>
            <Position>
              <LatitudeDegrees>29.8131907384646</LatitudeDegrees>
              <LongitudeDegrees>106.42530087522672</LongitudeDegrees>
            </Position>
            <AltitudeMeters>207.70140075683594</AltitudeMeters>
            <DistanceMeters>5944.89453125</DistanceMeters>
            <HeartRateBpm>
              <Value>144</Value>
            </HeartRateBpm>
            <Extensions>
              <ns3:TPX>
                <ns3:Speed>2.9279403686523438</ns3:Speed>
                <ns3:RunCadence>86</ns3:RunCadence>
              </ns3:TPX>
            </Extensions>
          </Trackpoint>
          <Trackpoint>
            <Time>2026-08-03T10:58:43.000Z</Time>
            <Position>
              <LatitudeDegrees>29.813089216991127</LatitudeDegrees>
              <LongitudeDegrees>106.42527497290132</LongitudeDegrees>
            </Position>
            <AltitudeMeters>207.4146728515625</AltitudeMeters>
            <DistanceMeters>5956.60302734375</DistanceMeters>
            <HeartRateBpm>
              <Value>144</Value>
            </HeartRateBpm>
            <Extensions>
              <ns3:TPX>
                <ns3:Speed>2.9261958599090576</ns3:Speed>
                <ns3:RunCadence>86</ns3:RunCadence>
              </ns3:TPX>
            </Extensions>
          </Trackpoint>
          <Trackpoint>
            <Time>2026-08-03T10:58:48.000Z</Time>
            <Position>
              <LatitudeDegrees>29.812969034697737</LatitudeDegrees>
              <LongitudeDegrees>106.42533055533846</LongitudeDegrees>
            </Position>
            <AltitudeMeters>207.04725646972656</AltitudeMeters>
            <DistanceMeters>5971.2314453125</DistanceMeters>
            <HeartRateBpm>
              <Value>145</Value>
            </HeartRateBpm>
            <Extensions>
              <ns3:TPX>
                <ns3:Speed>2.925156593322754</ns3:Speed>
                <ns3:RunCadence>85</ns3:RunCadence>
              </ns3:TPX>
            </Extensions>
          </Trackpoint>
          <Trackpoint>
            <Time>2026-08-03T10:58:52.000Z</Time>
            <Position>
              <LatitudeDegrees>29.81289765237364</LatitudeDegrees>
              <LongitudeDegrees>106.4254190392364</LongitudeDegrees>
            </Position>
            <AltitudeMeters>206.74961853027344</AltitudeMeters>
            <DistanceMeters>5982.93212890625</DistanceMeters>
            <HeartRateBpm>
              <Value>145</Value>
            </HeartRateBpm>
            <Extensions>
              <ns3:TPX>
                <ns3:Speed>2.925201654434204</ns3:Speed>
                <ns3:RunCadence>87</ns3:RunCadence>
              </ns3:TPX>
            </Extensions>
          </Trackpoint>
          <Trackpoint>
            <Time>2026-08-03T10:58:57.000Z</Time>
            <Position>
              <LatitudeDegrees>29.812836653623542</LatitudeDegrees>
              <LongitudeDegrees>106.4255529581901</LongitudeDegrees>
            </Position>
            <AltitudeMeters>206.37783813476562</AltitudeMeters>
            <DistanceMeters>5997.560546875</DistanceMeters>
            <HeartRateBpm>
              <Value>145</Value>
            </HeartRateBpm>
            <Extensions>
              <ns3:TPX>
                <ns3:Speed>2.926285982131958</ns3:Speed>
                <ns3:RunCadence>87</ns3:RunCadence>
              </ns3:TPX>
            </Extensions>
          </Trackpoint>
          <Trackpoint>
            <Time>2026-08-03T10:59:01.000Z</Time>
            <Position>
              <LatitudeDegrees>29.812805853225935</LatitudeDegrees>
              <LongitudeDegrees>106.42566889192008</LongitudeDegrees>
            </Position>
            <AltitudeMeters>206.08441162109375</AltitudeMeters>
            <DistanceMeters>6009.26904296875</DistanceMeters>
            <HeartRateBpm>
              <Value>145</Value>
            </HeartRateBpm>
            <Extensions>
              <ns3:TPX>
                <ns3:Speed>2.927915096282959</ns3:Speed>
                <ns3:RunCadence>86</ns3:RunCadence>
              </ns3:TPX>
            </Extensions>
          </Trackpoint>
        </Track>
        <Extensions>
          <ns3:LX>
            <ns3:AvgSpeed>3.104091167449951</ns3:AvgSpeed>
            <ns3:AvgRunCadence>88</ns3:AvgRunCadence>
            <ns3:MaxRunCadence>90</ns3:MaxRunCadence>
          </ns3:LX>
        </Extensions>
      </Lap>
      <Lap StartTime="2026-08-03T10:58:58.000Z">
        <TotalTimeSeconds>323.058</TotalTimeSeconds>
        <DistanceMeters>1000.0</DistanceMeters>
        <MaximumSpeed>3.302700996398926</MaximumSpeed>
        <Calories>61</Calories>
        <AverageHeartRateBpm>
          <Value>155</Value>
        </AverageHeartRateBpm>
        <MaximumHeartRateBpm>
          <Value>164</Value>
        </MaximumHeartRateBpm>
        <Intensity>Active</Intensity>
        <TriggerMethod>Manual</TriggerMethod>
        <Track>
          <Trackpoint>
            <Time>2026-08-03T10:59:01.000Z</Time>
            <Position>
              <LatitudeDegrees>29.812805853225935</LatitudeDegrees>
              <LongitudeDegrees>106.42566889192008</LongitudeDegrees>
            </Position>
            <AltitudeMeters>206.08441162109375</AltitudeMeters>
            <DistanceMeters>6009.26904296875</DistanceMeters>
            <HeartRateBpm>
              <Value>145</Value>
            </HeartRateBpm>
            <Extensions>
              <ns3:TPX>
                <ns3:Speed>2.927915096282959</ns3:Speed>
                <ns3:RunCadence>86</ns3:RunCadence>
              </ns3:TPX>
            </Extensions>
          </Trackpoint>
          <Trackpoint>
            <Time>2026-08-03T10:59:06.000Z</Time>
            <Position>
              <LatitudeDegrees>29.812786157644222</LatitudeDegrees>
              <LongitudeDegrees>106.42581884180825</LongitudeDegrees>
            </Position>
            <AltitudeMeters>205.72763061523438</AltitudeMeters>
            <DistanceMeters>6023.916015625</DistanceMeters>
            <HeartRateBpm>
              <Value>145</Value>
            </HeartRateBpm>
            <Extensions>
              <ns3:TPX>
                <ns3:Speed>2.93080735206604</ns3:Speed>
                <ns3:RunCadence>87</ns3:RunCadence>
              </ns3:TPX>
            </Extensions>
          </Trackpoint>
          <Trackpoint>
            <Time>2026-08-03T10:59:10.000Z</Time>
            <Position>
              <LatitudeDegrees>29.812784108249005</LatitudeDegrees>
              <LongitudeDegrees>106.42594031684114</LongitudeDegrees>
            </Position>
            <AltitudeMeters>205.453857421875</AltitudeMeters>
            <DistanceMeters>6035.64501953125</DistanceMeters>
            <HeartRateBpm>
              <Value>146</Value>
            </HeartRateBpm>
            <Extensions>
              <ns3:TPX>
                <ns3:Speed>2.9337263107299805</ns3:Speed>
                <ns3:RunCadence>86</ns3:RunCadence>
              </ns3:TPX>
            </Extensions>
          </Trackpoint>
          <Trackpoint>
            <Time>2026-08-03T10:59:15.000Z</Time>
            <Position>
              <LatitudeDegrees>29.812798583629522</LatitudeDegrees>
              <LongitudeDegrees>106.42609141036498</LongitudeDegrees>
            </Position>
            <AltitudeMeters>205.13088989257812</AltitudeMeters>
            <DistanceMeters>6050.32421875</DistanceMeters>
            <HeartRateBpm>
              <Value>146</Value>
            </HeartRateBpm>
            <Extensions>
              <ns3:TPX>
                <ns3:Speed>2.938014507293701</ns3:Speed>
                <ns3:RunCadence>86</ns3:RunCadence>
              </ns3:TPX>
            </Extensions>
          </Trackpoint>
          <Trackpoint>
            <Time>2026-08-03T10:59:19.000Z</Time>
            <Position>
              <LatitudeDegrees>29.812824855894714</LatitudeDegrees>
              <LongitudeDegrees>106.42620938399355</LongitudeDegrees>
            </Position>
            <AltitudeMeters>204.89109802246094</AltitudeMeters>
            <DistanceMeters>6062.083984375</DistanceMeters>
            <HeartRateBpm>
              <Value>146</Value>
            </HeartRateBpm>
            <Extensions>
              <ns3:TPX>
                <ns3:Speed>2.9418656826019287</ns3:Speed>
                <ns3:RunCadence>85</ns3:RunCadence>
              </ns3:TPX>
            </Extensions>
          </Trackpoint>
          <Trackpoint>
            <Time>2026-08-03T10:59:24.000Z</Time>
            <Position>
              <LatitudeDegrees>29.812879217883577</LatitudeDegrees>
              <LongitudeDegrees>106.42634818141198</LongitudeDegrees>
            </Position>
            <AltitudeMeters>204.61837768554688</AltitudeMeters>
            <DistanceMeters>6076.806640625</DistanceMeters>
            <HeartRateBpm>
              <Value>147</Value>
            </HeartRateBpm>
            <Extensions>
              <ns3:TPX>
                <ns3:Speed>2.9470784664154053</ns3:Speed>
                <ns3:RunCadence>86</ns3:RunCadence>
              </ns3:TPX>
            </Extensions>
          </Trackpoint>
          <Trackpoint>
            <Time>2026-08-03T10:59:28.000Z</Time>
            <Position>
              <LatitudeDegrees>29.812944156819842</LatitudeDegrees>
              <LongitudeDegrees>106.42644442279618</LongitudeDegrees>
            </Position>
            <AltitudeMeters>204.42420959472656</AltitudeMeters>
            <DistanceMeters>6088.603515625</DistanceMeters>
            <HeartRateBpm>
              <Value>147</Value>
            </HeartRateBpm>
            <Extensions>
              <ns3:TPX>
                <ns3:Speed>2.951472759246826</ns3:Speed>
                <ns3:RunCadence>86</ns3:RunCadence>
              </ns3:TPX>
            </Extensions>
          </Trackpoint>
          <Trackpoint>
            <Time>2026-08-03T10:59:33.000Z</Time>
            <Position>
              <LatitudeDegrees>29.813057851273754</LatitudeDegrees>
              <LongitudeDegrees>106.42651980335859</LongitudeDegrees>
            </Position>
            <AltitudeMeters>204.21408081054688</AltitudeMeters>
            <DistanceMeters>6103.375</DistanceMeters>
            <HeartRateBpm>
              <Value>149</Value>
            </HeartRateBpm>
            <Extensions>
              <ns3:TPX>
                <ns3:Speed>2.9571189880371094</ns3:Speed>
                <ns3:RunCadence>86</ns3:RunCadence>
              </ns3:TPX>
            </Extensions>
          </Trackpoint>
          <Trackpoint>
            <Time>2026-08-03T10:59:37.000Z</Time>
            <Position>
              <LatitudeDegrees>29.813162687192932</LatitudeDegrees>
              <LongitudeDegrees>106.42651306551362</LongitudeDegrees>
            </Position>
            <AltitudeMeters>204.07333374023438</AltitudeMeters>
            <DistanceMeters>6115.21240234375</DistanceMeters>
            <HeartRateBpm>
              <Value>150</Value>
            </HeartRateBpm>
            <Extensions>
              <ns3:TPX>
                <ns3:Speed>2.961667776107788</ns3:Speed>
                <ns3:RunCadence>87</ns3:RunCadence>
              </ns3:TPX>
            </Extensions>
          </Trackpoint>
          <Trackpoint>
            <Time>2026-08-03T10:59:42.000Z</Time>
            <Position>
              <LatitudeDegrees>29.81327103790888</LatitudeDegrees>
              <LongitudeDegrees>106.42642636660146</LongitudeDegrees>
            </Position>
            <AltitudeMeters>203.93258666992188</AltitudeMeters>
            <DistanceMeters>6130.03515625</DistanceMeters>
            <HeartRateBpm>
              <Value>150</Value>
            </HeartRateBpm>
            <Extensions>
              <ns3:TPX>
                <ns3:Speed>2.967278003692627</ns3:Speed>
                <ns3:RunCadence>86</ns3:RunCadence>
              </ns3:TPX>
            </Extensions>
          </Trackpoint>
          <Trackpoint>
            <Time>2026-08-03T10:59:46.000Z</Time>
            <Position>
              <LatitudeDegrees>29.813331939818486</LatitudeDegrees>
              <LongitudeDegrees>106.42632559420085</LongitudeDegrees>
            </Position>
            <AltitudeMeters>203.84820556640625</AltitudeMeters>
            <DistanceMeters>6141.91259765625</DistanceMeters>
            <HeartRateBpm>
              <Value>151</Value>
            </HeartRateBpm>
            <Extensions>
              <ns3:TPX>
                <ns3:Speed>2.9716265201568604</ns3:Speed>
                <ns3:RunCadence>86</ns3:RunCadence>
              </ns3:TPX>
            </Extensions>
          </Trackpoint>
          <Trackpoint>
            <Time>2026-08-03T10:59:51.000Z</Time>
            <Position>
              <LatitudeDegrees>29.813382331523687</LatitudeDegrees>
              <LongitudeDegrees>106.42618312158656</LongitudeDegrees>
            </Position>
            <AltitudeMeters>203.7772979736328</AltitudeMeters>
            <DistanceMeters>6156.78369140625</DistanceMeters>
            <HeartRateBpm>
              <Value>152</Value>
            </HeartRateBpm>
            <Extensions>
              <ns3:TPX>
                <ns3:Speed>2.976792335510254</ns3:Speed>
                <ns3:RunCadence>86</ns3:RunCadence>
              </ns3:TPX>
            </Extensions>
          </Trackpoint>
          <Trackpoint>
            <Time>2026-08-03T10:59:55.000Z</Time>
            <Position>
              <LatitudeDegrees>29.813405722347564</LatitudeDegrees>
              <LongitudeDegrees>106.42606268903104</LongitudeDegrees>
            </Position>
            <AltitudeMeters>203.7470245361328</AltitudeMeters>
            <DistanceMeters>6168.69873046875</DistanceMeters>
            <HeartRateBpm>
              <Value>153</Value>
            </HeartRateBpm>
            <Extensions>
              <ns3:TPX>
                <ns3:Speed>2.9806485176086426</ns3:Speed>
                <ns3:RunCadence>87</ns3:RunCadence>
              </ns3:TPX>
            </Extensions>
          </Trackpoint>
          <Trackpoint>
            <Time>2026-08-03T11:00:00.000Z</Time>
            <Position>
              <LatitudeDegrees>29.813416511564707</LatitudeDegrees>
              <LongitudeDegrees>106.4259087449039</LongitudeDegrees>
            </Position>
            <AltitudeMeters>203.73989868164062</AltitudeMeters>
            <DistanceMeters>6183.61279296875</DistanceMeters>
            <HeartRateBpm>
              <Value>153</Value>
            </HeartRateBpm>
            <Extensions>
              <ns3:TPX>
                <ns3:Speed>2.985055685043335</ns3:Speed>
                <ns3:RunCadence>85</ns3:RunCadence>
              </ns3:TPX>
            </Extensions>
          </Trackpoint>
          <Trackpoint>
            <Time>2026-08-03T11:00:04.000Z</Time>
            <Position>
              <LatitudeDegrees>29.813411136008142</LatitudeDegrees>
              <LongitudeDegrees>106.42578515239688</LongitudeDegrees>
            </Position>
            <AltitudeMeters>203.7564697265625</AltitudeMeters>
            <DistanceMeters>6195.5595703125</DistanceMeters>
            <HeartRateBpm>
              <Value>153</Value>
            </HeartRateBpm>
            <Extensions>
              <ns3:TPX>
                <ns3:Speed>2.988213539123535</ns3:Speed>
                <ns3:RunCadence>86</ns3:RunCadence>
              </ns3:TPX>
            </Extensions>
          </Trackpoint>
          <Trackpoint>
            <Time>2026-08-03T11:00:09.000Z</Time>
            <Position>
              <LatitudeDegrees>29.813386237974445</LatitudeDegrees>
              <LongitudeDegrees>106.42563306010744</LongitudeDegrees>
            </Position>
            <AltitudeMeters>203.8013153076172</AltitudeMeters>
            <DistanceMeters>6210.50927734375</DistanceMeters>
            <HeartRateBpm>
              <Value>153</Value>
            </HeartRateBpm>
            <Extensions>
              <ns3:TPX>
                <ns3:Speed>2.9916670322418213</ns3:Speed>
                <ns3:RunCadence>88</ns3:RunCadence>
              </ns3:TPX>
            </Extensions>
          </Trackpoint>
          <Trackpoint>
            <Time>2026-08-03T11:00:13.000Z</Time>
            <Position>
              <LatitudeDegrees>29.813349975830914</LatitudeDegrees>
              <LongitudeDegrees>106.42551637459297</LongitudeDegrees>
            </Position>
            <AltitudeMeters>203.8533477783203</AltitudeMeters>
            <DistanceMeters>6222.48046875</DistanceMeters>
            <HeartRateBpm>
              <Value>152</Value>
            </HeartRateBpm>
            <Extensions>
              <ns3:TPX>
                <ns3:Speed>2.994023323059082</ns3:Speed>
                <ns3:RunCadence>86</ns3:RunCadence>
              </ns3:TPX>
            </Extensions>
          </Trackpoint>
          <Trackpoint>
            <Time>2026-08-03T11:00:18.000Z</Time>
            <Position>
              <LatitudeDegrees>29.813279398388783</LatitudeDegrees>
              <LongitudeDegrees>106.4253847787494</LongitudeDegrees>
            </Position>
            <AltitudeMeters>203.93402099609375</AltitudeMeters>
            <DistanceMeters>6237.45703125</DistanceMeters>
            <HeartRateBpm>
              <Value>153</Value>
            </HeartRateBpm>
            <Extensions>
              <ns3:TPX>
                <ns3:Speed>2.9964630603790283</ns3:Speed>
                <ns3:RunCadence>88</ns3:RunCadence>
              </ns3:TPX>
            </Extensions>
          </Trackpoint>
          <Trackpoint>
            <Time>2026-08-03T11:00:22.000Z</Time>
            <Position>
              <LatitudeDegrees>29.81319758725199</LatitudeDegrees>
              <LongitudeDegrees>106.42530488349017</LongitudeDegrees>
            </Position>
            <AltitudeMeters>204.00747680664062</AltitudeMeters>
            <DistanceMeters>6249.44580078125</DistanceMeters>
            <HeartRateBpm>
              <Value>154</Value>
            </HeartRateBpm>
            <Extensions>
              <ns3:TPX>
                <ns3:Speed>2.9980249404907227</ns3:Speed>
                <ns3:RunCadence>87</ns3:RunCadence>
              </ns3:TPX>
            </Extensions>
          </Trackpoint>
          <Trackpoint>
            <Time>2026-08-03T11:00:27.000Z</Time>
            <Position>
              <LatitudeDegrees>29.81306750013809</LatitudeDegrees>
              <LongitudeDegrees>106.425277749247</LongitudeDegrees>
            </Position>
            <AltitudeMeters>204.10560607910156</AltitudeMeters>
            <DistanceMeters>6264.439453125</DistanceMeters>
            <HeartRateBpm>
              <Value>155</Value>
            </HeartRateBpm>
            <Extensions>
              <ns3:TPX>
                <ns3:Speed>2.999527931213379</ns3:Speed>
                <ns3:RunCadence>87</ns3:RunCadence>
              </ns3:TPX>
            </Extensions>
          </Trackpoint>
          <Trackpoint>
            <Time>2026-08-03T11:00:31.000Z</Time>
            <Position>
              <LatitudeDegrees>29.812970406256976</LatitudeDegrees>
              <LongitudeDegrees>106.42532926278533</LongitudeDegrees>
            </Position>
            <AltitudeMeters>204.1855926513672</AltitudeMeters>
            <DistanceMeters>6276.439453125</DistanceMeters>
            <HeartRateBpm>
              <Value>155</Value>
            </HeartRateBpm>
            <Extensions>
              <ns3:TPX>
                <ns3:Speed>3.000411033630371</ns3:Speed>
                <ns3:RunCadence>87</ns3:RunCadence>
              </ns3:TPX>
            </Extensions>
          </Trackpoint>
          <Trackpoint>
            <Time>2026-08-03T11:00:36.000Z</Time>
            <Position>
              <LatitudeDegrees>29.812882342835096</LatitudeDegrees>
              <LongitudeDegrees>106.42544595948662</LongitudeDegrees>
            </Position>
            <AltitudeMeters>204.2829132080078</AltitudeMeters>
            <DistanceMeters>6291.443359375</DistanceMeters>
            <HeartRateBpm>
              <Value>155</Value>
            </HeartRateBpm>
            <Extensions>
              <ns3:TPX>
                <ns3:Speed>3.0011847019195557</ns3:Speed>
                <ns3:RunCadence>87</ns3:RunCadence>
              </ns3:TPX>
            </Extensions>
          </Trackpoint>
          <Trackpoint>
            <Time>2026-08-03T11:00:40.000Z</Time>
            <Position>
              <LatitudeDegrees>29.812835036827224</LatitudeDegrees>
              <LongitudeDegrees>106.42555760611104</LongitudeDegrees>
            </Position>
            <AltitudeMeters>204.35557556152344</AltitudeMeters>
            <DistanceMeters>6303.44921875</DistanceMeters>
            <HeartRateBpm>
              <Value>154</Value>
            </HeartRateBpm>
            <Extensions>
              <ns3:TPX>
                <ns3:Speed>3.001601219177246</ns3:Speed>
                <ns3:RunCadence>87</ns3:RunCadence>
              </ns3:TPX>
            </Extensions>
          </Trackpoint>
          <Trackpoint>
            <Time>2026-08-03T11:00:45.000Z</Time>
            <Position>
              <LatitudeDegrees>29.812798784492745</LatitudeDegrees>
              <LongitudeDegrees>106.42570724985555</LongitudeDegrees>
            </Position>
            <AltitudeMeters>204.43630981445312</AltitudeMeters>
            <DistanceMeters>6318.4580078125</DistanceMeters>
            <HeartRateBpm>
              <Value>154</Value>
            </HeartRateBpm>
            <Extensions>
              <ns3:TPX>
                <ns3:Speed>3.0019631385803223</ns3:Speed>
                <ns3:RunCadence>87</ns3:RunCadence>
              </ns3:TPX>
            </Extensions>
          </Trackpoint>
          <Trackpoint>
            <Time>2026-08-03T11:00:49.000Z</Time>
            <Position>
              <LatitudeDegrees>29.812785369060787</LatitudeDegrees>
              <LongitudeDegrees>106.42583067648172</LongitudeDegrees>
            </Position>
            <AltitudeMeters>204.4906005859375</AltitudeMeters>
            <DistanceMeters>6330.46630859375</DistanceMeters>
            <HeartRateBpm>
              <Value>154</Value>
            </HeartRateBpm>
            <Extensions>
              <ns3:TPX>
                <ns3:Speed>3.0022037029266357</ns3:Speed>
                <ns3:RunCadence>86</ns3:RunCadence>
              </ns3:TPX>
            </Extensions>
          </Trackpoint>
          <Trackpoint>
            <Time>2026-08-03T11:00:54.000Z</Time>
            <Position>
              <LatitudeDegrees>29.81278648861962</LatitudeDegrees>
              <LongitudeDegrees>106.42598612530819</LongitudeDegrees>
            </Position>
            <AltitudeMeters>204.54336547851562</AltitudeMeters>
            <DistanceMeters>6345.47802734375</DistanceMeters>
            <HeartRateBpm>
              <Value>155</Value>
            </HeartRateBpm>
            <Extensions>
              <ns3:TPX>
                <ns3:Speed>3.002553939819336</ns3:Speed>
                <ns3:RunCadence>86</ns3:RunCadence>
              </ns3:TPX>
            </Extensions>
          </Trackpoint>
          <Trackpoint>
            <Time>2026-08-03T11:00:58.000Z</Time>
            <Position>
              <LatitudeDegrees>29.812801731233495</LatitudeDegrees>
              <LongitudeDegrees>106.4261092838398</LongitudeDegrees>
            </Position>
            <AltitudeMeters>204.57240295410156</AltitudeMeters>
            <DistanceMeters>6357.4892578125</DistanceMeters>
            <HeartRateBpm>
              <Value>154</Value>
            </HeartRateBpm>
            <Extensions>
              <ns3:TPX>
                <ns3:Speed>3.002960443496704</ns3:Speed>
                <ns3:RunCadence>87</ns3:RunCadence>
              </ns3:TPX>
            </Extensions>
          </Trackpoint>
          <Trackpoint>
            <Time>2026-08-03T11:01:03.000Z</Time>
            <Position>
              <LatitudeDegrees>29.81284051292978</LatitudeDegrees>
              <LongitudeDegrees>106.42625813643578</LongitudeDegrees>
            </Position>
            <AltitudeMeters>204.59156799316406</AltitudeMeters>
            <DistanceMeters>6372.505859375</DistanceMeters>
            <HeartRateBpm>
              <Value>154</Value>
            </HeartRateBpm>
            <Extensions>
              <ns3:TPX>
                <ns3:Speed>3.003744602203369</ns3:Speed>
                <ns3:RunCadence>86</ns3:RunCadence>
              </ns3:TPX>
            </Extensions>
          </Trackpoint>
          <Trackpoint>
            <Time>2026-08-03T11:01:07.000Z</Time>
            <Position>
              <LatitudeDegrees>29.81289025382941</LatitudeDegrees>
              <LongitudeDegrees>106.42636847592571</LongitudeDegrees>
            </Position>
            <AltitudeMeters>204.59332275390625</AltitudeMeters>
            <DistanceMeters>6384.52294921875</DistanceMeters>
            <HeartRateBpm>
              <Value>154</Value>
            </HeartRateBpm>
            <Extensions>
              <ns3:TPX>
                <ns3:Speed>3.0046803951263428</ns3:Speed>
                <ns3:RunCadence>86</ns3:RunCadence>
              </ns3:TPX>
            </Extensions>
          </Trackpoint>
          <Trackpoint>
            <Time>2026-08-03T11:01:12.000Z</Time>
            <Position>
              <LatitudeDegrees>29.812982617478582</LatitudeDegrees>
              <LongitudeDegrees>106.42648083120821</LongitudeDegrees>
            </Position>
            <AltitudeMeters>204.57955932617188</AltitudeMeters>
            <DistanceMeters>6399.55029296875</DistanceMeters>
            <HeartRateBpm>
              <Value>153</Value>
            </HeartRateBpm>
            <Extensions>
              <ns3:TPX>
                <ns3:Speed>3.006350517272949</ns3:Speed>
                <ns3:RunCadence>87</ns3:RunCadence>
              </ns3:TPX>
            </Extensions>
          </Trackpoint>
          <Trackpoint>
            <Time>2026-08-03T11:01:16.000Z</Time>
            <Position>
              <LatitudeDegrees>29.81308265454975</LatitudeDegrees>
              <LongitudeDegrees>106.42652460721784</LongitudeDegrees>
            </Position>
            <AltitudeMeters>204.5570831298828</AltitudeMeters>
            <DistanceMeters>6411.57958984375</DistanceMeters>
            <HeartRateBpm>
              <Value>153</Value>
            </HeartRateBpm>
            <Extensions>
              <ns3:TPX>
                <ns3:Speed>3.0081677436828613</ns3:Speed>
                <ns3:RunCadence>87</ns3:RunCadence>
              </ns3:TPX>
            </Extensions>
          </Trackpoint>
          <Trackpoint>
            <Time>2026-08-03T11:01:21.000Z</Time>
            <Position>
              <LatitudeDegrees>29.813211087584804</LatitudeDegrees>
              <LongitudeDegrees>106.4264857001703</LongitudeDegrees>
            </Position>
            <AltitudeMeters>204.5171356201172</AltitudeMeters>
            <DistanceMeters>6426.6279296875</DistanceMeters>
            <HeartRateBpm>
              <Value>154</Value>
            </HeartRateBpm>
            <Extensions>
              <ns3:TPX>
                <ns3:Speed>3.011140823364258</ns3:Speed>
                <ns3:RunCadence>88</ns3:RunCadence>
              </ns3:TPX>
            </Extensions>
          </Trackpoint>
          <Trackpoint>
            <Time>2026-08-03T11:01:25.000Z</Time>
            <Position>
              <LatitudeDegrees>29.81328971866915</LatitudeDegrees>
              <LongitudeDegrees>106.42640063631724</LongitudeDegrees>
            </Position>
            <AltitudeMeters>204.47804260253906</AltitudeMeters>
            <DistanceMeters>6438.67822265625</DistanceMeters>
            <HeartRateBpm>
              <Value>154</Value>
            </HeartRateBpm>
            <Extensions>
              <ns3:TPX>
                <ns3:Speed>3.0141470432281494</ns3:Speed>
                <ns3:RunCadence>86</ns3:RunCadence>
              </ns3:TPX>
            </Extensions>
          </Trackpoint>
          <Trackpoint>
            <Time>2026-08-03T11:01:30.000Z</Time>
            <Position>
              <LatitudeDegrees>29.813356960467083</LatitudeDegrees>
              <LongitudeDegrees>106.42626539984397</LongitudeDegrees>
            </Position>
            <AltitudeMeters>204.42388916015625</AltitudeMeters>
            <DistanceMeters>6453.7607421875</DistanceMeters>
            <HeartRateBpm>
              <Value>154</Value>
            </HeartRateBpm>
            <Extensions>
              <ns3:TPX>
                <ns3:Speed>3.0187668800354004</ns3:Speed>
                <ns3:RunCadence>86</ns3:RunCadence>
              </ns3:TPX>
            </Extensions>
          </Trackpoint>
          <Trackpoint>
            <Time>2026-08-03T11:01:34.000Z</Time>
            <Position>
              <LatitudeDegrees>29.813390909605285</LatitudeDegrees>
              <LongitudeDegrees>106.42614654919858</LongitudeDegrees>
            </Position>
            <AltitudeMeters>204.37937927246094</AltitudeMeters>
            <DistanceMeters>6465.8447265625</DistanceMeters>
            <HeartRateBpm>
              <Value>153</Value>
            </HeartRateBpm>
            <Extensions>
              <ns3:TPX>
                <ns3:Speed>3.023198366165161</ns3:Speed>
                <ns3:RunCadence>86</ns3:RunCadence>
              </ns3:TPX>
            </Extensions>
          </Trackpoint>
          <Trackpoint>
            <Time>2026-08-03T11:01:39.000Z</Time>
            <Position>
              <LatitudeDegrees>29.813413121314074</LatitudeDegrees>
              <LongitudeDegrees>106.42599197923202</LongitudeDegrees>
            </Position>
            <AltitudeMeters>204.32664489746094</AltitudeMeters>
            <DistanceMeters>6480.97705078125</DistanceMeters>
            <HeartRateBpm>
              <Value>153</Value>
            </HeartRateBpm>
            <Extensions>
              <ns3:TPX>
                <ns3:Speed>3.029702663421631</ns3:Speed>
                <ns3:RunCadence>86</ns3:RunCadence>
              </ns3:TPX>
            </Extensions>
          </Trackpoint>
          <Trackpoint>
            <Time>2026-08-03T11:01:43.000Z</Time>
            <Position>
              <LatitudeDegrees>29.813416157881285</LatitudeDegrees>
              <LongitudeDegrees>106.42586636425762</LongitudeDegrees>
            </Position>
            <AltitudeMeters>204.29014587402344</AltitudeMeters>
            <DistanceMeters>6493.107421875</DistanceMeters>
            <HeartRateBpm>
              <Value>153</Value>
            </HeartRateBpm>
            <Extensions>
              <ns3:TPX>
                <ns3:Speed>3.035698652267456</ns3:Speed>
                <ns3:RunCadence>86</ns3:RunCadence>
              </ns3:TPX>
            </Extensions>
          </Trackpoint>
          <Trackpoint>
            <Time>2026-08-03T11:01:48.000Z</Time>
            <Position>
              <LatitudeDegrees>29.813401607455983</LatitudeDegrees>
              <LongitudeDegrees>106.42570986419608</LongitudeDegrees>
            </Position>
            <AltitudeMeters>204.2562255859375</AltitudeMeters>
            <DistanceMeters>6508.30712890625</DistanceMeters>
            <HeartRateBpm>
              <Value>152</Value>
            </HeartRateBpm>
            <Extensions>
              <ns3:TPX>
                <ns3:Speed>3.044193983078003</ns3:Speed>
                <ns3:RunCadence>88</ns3:RunCadence>
              </ns3:TPX>
            </Extensions>
          </Trackpoint>
          <Trackpoint>
            <Time>2026-08-03T11:01:52.000Z</Time>
            <Position>
              <LatitudeDegrees>29.813374309197773</LatitudeDegrees>
              <LongitudeDegrees>106.42558757783902</LongitudeDegrees>
            </Position>
            <AltitudeMeters>204.2417449951172</AltitudeMeters>
            <DistanceMeters>6520.49951171875</DistanceMeters>
            <HeartRateBpm>
              <Value>154</Value>
            </HeartRateBpm>
            <Extensions>
              <ns3:TPX>
                <ns3:Speed>3.0517830848693848</ns3:Speed>
                <ns3:RunCadence>88</ns3:RunCadence>
              </ns3:TPX>
            </Extensions>
          </Trackpoint>
          <Trackpoint>
            <Time>2026-08-03T11:01:57.000Z</Time>
            <Position>
              <LatitudeDegrees>29.81331668385032</LatitudeDegrees>
              <LongitudeDegrees>106.4254441345787</LongitudeDegrees>
            </Position>
            <AltitudeMeters>204.24366760253906</AltitudeMeters>
            <DistanceMeters>6535.7841796875</DistanceMeters>
            <HeartRateBpm>
              <Value>154</Value>
            </HeartRateBpm>
            <Extensions>
              <ns3:TPX>
                <ns3:Speed>3.0622308254241943</ns3:Speed>
                <ns3:RunCadence>86</ns3:RunCadence>
              </ns3:TPX>
            </Extensions>
          </Trackpoint>
          <Trackpoint>
            <Time>2026-08-03T11:02:01.000Z</Time>
            <Position>
              <LatitudeDegrees>29.813247020520503</LatitudeDegrees>
              <LongitudeDegrees>106.4253461126171</LongitudeDegrees>
            </Position>
            <AltitudeMeters>204.2639923095703</AltitudeMeters>
            <DistanceMeters>6548.05126953125</DistanceMeters>
            <HeartRateBpm>
              <Value>154</Value>
            </HeartRateBpm>
            <Extensions>
              <ns3:TPX>
                <ns3:Speed>3.071322441101074</ns3:Speed>
                <ns3:RunCadence>86</ns3:RunCadence>
              </ns3:TPX>
            </Extensions>
          </Trackpoint>
          <Trackpoint>
            <Time>2026-08-03T11:02:06.000Z</Time>
            <Position>
              <LatitudeDegrees>29.813124861062857</LatitudeDegrees>
              <LongitudeDegrees>106.42527656143702</LongitudeDegrees>
            </Position>
            <AltitudeMeters>204.31613159179688</AltitudeMeters>
            <DistanceMeters>6563.4384765625</DistanceMeters>
            <HeartRateBpm>
              <Value>154</Value>
            </HeartRateBpm>
            <Extensions>
              <ns3:TPX>
                <ns3:Speed>3.0835366249084473</ns3:Speed>
                <ns3:RunCadence>87</ns3:RunCadence>
              </ns3:TPX>
            </Extensions>
          </Trackpoint>
          <Trackpoint>
            <Time>2026-08-03T11:02:10.000Z</Time>
            <Position>
              <LatitudeDegrees>29.813016700882972</LatitudeDegrees>
              <LongitudeDegrees>106.42529652133703</LongitudeDegrees>
            </Position>
            <AltitudeMeters>204.38108825683594</AltitudeMeters>
            <DistanceMeters>6575.79345703125</DistanceMeters>
            <HeartRateBpm>
              <Value>153</Value>
            </HeartRateBpm>
            <Extensions>
              <ns3:TPX>
                <ns3:Speed>3.0939247608184814</ns3:Speed>
                <ns3:RunCadence>88</ns3:RunCadence>
              </ns3:TPX>
            </Extensions>
          </Trackpoint>
          <Trackpoint>
            <Time>2026-08-03T11:02:15.000Z</Time>
            <Position>
              <LatitudeDegrees>29.81291073552929</LatitudeDegrees>
              <LongitudeDegrees>106.42539867508779</LongitudeDegrees>
            </Position>
            <AltitudeMeters>204.49307250976562</AltitudeMeters>
            <DistanceMeters>6591.29736328125</DistanceMeters>
            <HeartRateBpm>
              <Value>155</Value>
            </HeartRateBpm>
            <Extensions>
              <ns3:TPX>
                <ns3:Speed>3.1075797080993652</ns3:Speed>
                <ns3:RunCadence>87</ns3:RunCadence>
              </ns3:TPX>
            </Extensions>
          </Trackpoint>
          <Trackpoint>
            <Time>2026-08-03T11:02:19.000Z</Time>
            <Position>
              <LatitudeDegrees>29.81285292783143</LatitudeDegrees>
              <LongitudeDegrees>106.42550889800631</LongitudeDegrees>
            </Position>
            <AltitudeMeters>204.60792541503906</AltitudeMeters>
            <DistanceMeters>6603.75048828125</DistanceMeters>
            <HeartRateBpm>
              <Value>156</Value>
            </HeartRateBpm>
            <Extensions>
              <ns3:TPX>
                <ns3:Speed>3.1189541816711426</ns3:Speed>
                <ns3:RunCadence>88</ns3:RunCadence>
              </ns3:TPX>
            </Extensions>
          </Trackpoint>
          <Trackpoint>
            <Time>2026-08-03T11:02:24.000Z</Time>
            <Position>
              <LatitudeDegrees>29.812807327370287</LatitudeDegrees>
              <LongitudeDegrees>106.42566186033187</LongitudeDegrees>
            </Position>
            <AltitudeMeters>204.7829132080078</AltitudeMeters>
            <DistanceMeters>6619.3818359375</DistanceMeters>
            <HeartRateBpm>
              <Value>155</Value>
            </HeartRateBpm>
            <Extensions>
              <ns3:TPX>
                <ns3:Speed>3.133606433868408</ns3:Speed>
                <ns3:RunCadence>88</ns3:RunCadence>
              </ns3:TPX>
            </Extensions>
          </Trackpoint>
          <Trackpoint>
            <Time>2026-08-03T11:02:28.000Z</Time>
            <Position>
              <LatitudeDegrees>29.812788401697475</LatitudeDegrees>
              <LongitudeDegrees>106.42579008060937</LongitudeDegrees>
            </Position>
            <AltitudeMeters>204.94717407226562</AltitudeMeters>
            <DistanceMeters>6631.93994140625</DistanceMeters>
            <HeartRateBpm>
              <Value>155</Value>
            </HeartRateBpm>
            <Extensions>
              <ns3:TPX>
                <ns3:Speed>3.1455729007720947</ns3:Speed>
                <ns3:RunCadence>89</ns3:RunCadence>
              </ns3:TPX>
            </Extensions>
          </Trackpoint>
          <Trackpoint>
            <Time>2026-08-03T11:02:33.000Z</Time>
            <Position>
              <LatitudeDegrees>29.81278462388581</LatitudeDegrees>
              <LongitudeDegrees>106.42595326170515</LongitudeDegrees>
            </Position>
            <AltitudeMeters>205.18064880371094</AltitudeMeters>
            <DistanceMeters>6647.70556640625</DistanceMeters>
            <HeartRateBpm>
              <Value>155</Value>
            </HeartRateBpm>
            <Extensions>
              <ns3:TPX>
                <ns3:Speed>3.1606898307800293</ns3:Speed>
                <ns3:RunCadence>87</ns3:RunCadence>
              </ns3:TPX>
            </Extensions>
          </Trackpoint>
          <Trackpoint>
            <Time>2026-08-03T11:02:37.000Z</Time>
            <Position>
              <LatitudeDegrees>29.812797416575606</LatitudeDegrees>
              <LongitudeDegrees>106.42608362598885</LongitudeDegrees>
            </Position>
            <AltitudeMeters>205.38754272460938</AltitudeMeters>
            <DistanceMeters>6660.37255859375</DistanceMeters>
            <HeartRateBpm>
              <Value>156</Value>
            </HeartRateBpm>
            <Extensions>
              <ns3:TPX>
                <ns3:Speed>3.172797918319702</ns3:Speed>
                <ns3:RunCadence>87</ns3:RunCadence>
              </ns3:TPX>
            </Extensions>
          </Trackpoint>
          <Trackpoint>
            <Time>2026-08-03T11:02:42.000Z</Time>
            <Position>
              <LatitudeDegrees>29.81283503429139</LatitudeDegrees>
              <LongitudeDegrees>106.42624238659903</LongitudeDegrees>
            </Position>
            <AltitudeMeters>205.66709899902344</AltitudeMeters>
            <DistanceMeters>6676.2744140625</DistanceMeters>
            <HeartRateBpm>
              <Value>156</Value>
            </HeartRateBpm>
            <Extensions>
              <ns3:TPX>
                <ns3:Speed>3.187796115875244</ns3:Speed>
                <ns3:RunCadence>88</ns3:RunCadence>
              </ns3:TPX>
            </Extensions>
          </Trackpoint>
          <Trackpoint>
            <Time>2026-08-03T11:02:46.000Z</Time>
            <Position>
              <LatitudeDegrees>29.812885961660065</LatitudeDegrees>
              <LongitudeDegrees>106.4263608255986</LongitudeDegrees>
            </Position>
            <AltitudeMeters>205.9037322998047</AltitudeMeters>
            <DistanceMeters>6689.048828125</DistanceMeters>
            <HeartRateBpm>
              <Value>158</Value>
            </HeartRateBpm>
            <Extensions>
              <ns3:TPX>
                <ns3:Speed>3.1995701789855957</ns3:Speed>
                <ns3:RunCadence>88</ns3:RunCadence>
              </ns3:TPX>
            </Extensions>
          </Trackpoint>
          <Trackpoint>
            <Time>2026-08-03T11:02:51.000Z</Time>
            <Position>
              <LatitudeDegrees>29.81298354709165</LatitudeDegrees>
              <LongitudeDegrees>106.42648159199727</LongitudeDegrees>
            </Position>
            <AltitudeMeters>206.2099609375</AltitudeMeters>
            <DistanceMeters>6705.08251953125</DistanceMeters>
            <HeartRateBpm>
              <Value>159</Value>
            </HeartRateBpm>
            <Extensions>
              <ns3:TPX>
                <ns3:Speed>3.2138559818267822</ns3:Speed>
                <ns3:RunCadence>89</ns3:RunCadence>
              </ns3:TPX>
            </Extensions>
          </Trackpoint>
          <Trackpoint>
            <Time>2026-08-03T11:02:55.000Z</Time>
            <Position>
              <LatitudeDegrees>29.813091408906004</LatitudeDegrees>
              <LongitudeDegrees>106.4265251405029</LongitudeDegrees>
            </Position>
            <AltitudeMeters>206.45852661132812</AltitudeMeters>
            <DistanceMeters>6717.9599609375</DistanceMeters>
            <HeartRateBpm>
              <Value>159</Value>
            </HeartRateBpm>
            <Extensions>
              <ns3:TPX>
                <ns3:Speed>3.224830389022827</ns3:Speed>
                <ns3:RunCadence>89</ns3:RunCadence>
              </ns3:TPX>
            </Extensions>
          </Trackpoint>
          <Trackpoint>
            <Time>2026-08-03T11:03:00.000Z</Time>
            <Position>
              <LatitudeDegrees>29.813226475287724</LatitudeDegrees>
              <LongitudeDegrees>106.42647338974949</LongitudeDegrees>
            </Position>
            <AltitudeMeters>206.7669677734375</AltitudeMeters>
            <DistanceMeters>6734.11669921875</DistanceMeters>
            <HeartRateBpm>
              <Value>159</Value>
            </HeartRateBpm>
            <Extensions>
              <ns3:TPX>
                <ns3:Speed>3.2378430366516113</ns3:Speed>
                <ns3:RunCadence>90</ns3:RunCadence>
              </ns3:TPX>
            </Extensions>
          </Trackpoint>
          <Trackpoint>
            <Time>2026-08-03T11:03:04.000Z</Time>
            <Position>
              <LatitudeDegrees>29.81330560404384</LatitudeDegrees>
              <LongitudeDegrees>106.42637546564956</LongitudeDegrees>
            </Position>
            <AltitudeMeters>207.00677490234375</AltitudeMeters>
            <DistanceMeters>6747.08740234375</DistanceMeters>
            <HeartRateBpm>
              <Value>160</Value>
            </HeartRateBpm>
            <Extensions>
              <ns3:TPX>
                <ns3:Speed>3.2475943565368652</ns3:Speed>
                <ns3:RunCadence>89</ns3:RunCadence>
              </ns3:TPX>
            </Extensions>
          </Trackpoint>
          <Trackpoint>
            <Time>2026-08-03T11:03:09.000Z</Time>
            <Position>
              <LatitudeDegrees>29.813370456648478</LatitudeDegrees>
              <LongitudeDegrees>106.42622488565789</LongitudeDegrees>
            </Position>
            <AltitudeMeters>207.29100036621094</AltitudeMeters>
            <DistanceMeters>6763.353515625</DistanceMeters>
            <HeartRateBpm>
              <Value>161</Value>
            </HeartRateBpm>
            <Extensions>
              <ns3:TPX>
                <ns3:Speed>3.2588465213775635</ns3:Speed>
                <ns3:RunCadence>89</ns3:RunCadence>
              </ns3:TPX>
            </Extensions>
          </Trackpoint>
          <Trackpoint>
            <Time>2026-08-03T11:03:13.000Z</Time>
            <Position>
              <LatitudeDegrees>29.813400939013437</LatitudeDegrees>
              <LongitudeDegrees>106.42609438541159</LongitudeDegrees>
            </Position>
            <AltitudeMeters>207.50115966796875</AltitudeMeters>
            <DistanceMeters>6776.4052734375</DistanceMeters>
            <HeartRateBpm>
              <Value>161</Value>
            </HeartRateBpm>
            <Extensions>
              <ns3:TPX>
                <ns3:Speed>3.2670252323150635</ns3:Speed>
                <ns3:RunCadence>90</ns3:RunCadence>
              </ns3:TPX>
            </Extensions>
          </Trackpoint>
          <Trackpoint>
            <Time>2026-08-03T11:03:18.000Z</Time>
            <Position>
              <LatitudeDegrees>29.813416283507564</LatitudeDegrees>
              <LongitudeDegrees>106.42592595223643</LongitudeDegrees>
            </Position>
            <AltitudeMeters>207.73638916015625</AltitudeMeters>
            <DistanceMeters>6792.76318359375</DistanceMeters>
            <HeartRateBpm>
              <Value>161</Value>
            </HeartRateBpm>
            <Extensions>
              <ns3:TPX>
                <ns3:Speed>3.2761383056640625</ns3:Speed>
                <ns3:RunCadence>90</ns3:RunCadence>
              </ns3:TPX>
            </Extensions>
          </Trackpoint>
          <Trackpoint>
            <Time>2026-08-03T11:03:22.000Z</Time>
            <Position>
              <LatitudeDegrees>29.81341160928974</LatitudeDegrees>
              <LongitudeDegrees>106.42579019773679</LongitudeDegrees>
            </Position>
            <AltitudeMeters>207.89883422851562</AltitudeMeters>
            <DistanceMeters>6805.88037109375</DistanceMeters>
            <HeartRateBpm>
              <Value>162</Value>
            </HeartRateBpm>
            <Extensions>
              <ns3:TPX>
                <ns3:Speed>3.2824928760528564</ns3:Speed>
                <ns3:RunCadence>89</ns3:RunCadence>
              </ns3:TPX>
            </Extensions>
          </Trackpoint>
          <Trackpoint>
            <Time>2026-08-03T11:03:27.000Z</Time>
            <Position>
              <LatitudeDegrees>29.81338385144786</LatitudeDegrees>
              <LongitudeDegrees>106.4256231743965</LongitudeDegrees>
            </Position>
            <AltitudeMeters>208.0656280517578</AltitudeMeters>
            <DistanceMeters>6822.3095703125</DistanceMeters>
            <HeartRateBpm>
              <Value>162</Value>
            </HeartRateBpm>
            <Extensions>
              <ns3:TPX>
                <ns3:Speed>3.289222478866577</ns3:Speed>
                <ns3:RunCadence>89</ns3:RunCadence>
              </ns3:TPX>
            </Extensions>
          </Trackpoint>
          <Trackpoint>
            <Time>2026-08-03T11:03:31.000Z</Time>
            <Position>
              <LatitudeDegrees>29.813341573813037</LatitudeDegrees>
              <LongitudeDegrees>106.42549591523698</LongitudeDegrees>
            </Position>
            <AltitudeMeters>208.16787719726562</AltitudeMeters>
            <DistanceMeters>6835.4755859375</DistanceMeters>
            <HeartRateBpm>
              <Value>163</Value>
            </HeartRateBpm>
            <Extensions>
              <ns3:TPX>
                <ns3:Speed>3.2936172485351562</ns3:Speed>
                <ns3:RunCadence>88</ns3:RunCadence>
              </ns3:TPX>
            </Extensions>
          </Trackpoint>
          <Trackpoint>
            <Time>2026-08-03T11:03:36.000Z</Time>
            <Position>
              <LatitudeDegrees>29.813256911792514</LatitudeDegrees>
              <LongitudeDegrees>106.42535672356725</LongitudeDegrees>
            </Position>
            <AltitudeMeters>208.25511169433594</AltitudeMeters>
            <DistanceMeters>6851.9541015625</DistanceMeters>
            <HeartRateBpm>
              <Value>164</Value>
            </HeartRateBpm>
            <Extensions>
              <ns3:TPX>
                <ns3:Speed>3.2978711128234863</ns3:Speed>
                <ns3:RunCadence>89</ns3:RunCadence>
              </ns3:TPX>
            </Extensions>
          </Trackpoint>
          <Trackpoint>
            <Time>2026-08-03T11:03:40.000Z</Time>
            <Position>
              <LatitudeDegrees>29.81315721020804</LatitudeDegrees>
              <LongitudeDegrees>106.42528492887773</LongitudeDegrees>
            </Position>
            <AltitudeMeters>208.29222106933594</AltitudeMeters>
            <DistanceMeters>6865.150390625</DistanceMeters>
            <HeartRateBpm>
              <Value>163</Value>
            </HeartRateBpm>
            <Extensions>
              <ns3:TPX>
                <ns3:Speed>3.300294876098633</ns3:Speed>
                <ns3:RunCadence>88</ns3:RunCadence>
              </ns3:TPX>
            </Extensions>
          </Trackpoint>
          <Trackpoint>
            <Time>2026-08-03T11:03:45.000Z</Time>
            <Position>
              <LatitudeDegrees>29.813013030172584</LatitudeDegrees>
              <LongitudeDegrees>106.42529866962597</LongitudeDegrees>
            </Position>
            <AltitudeMeters>208.29885864257812</AltitudeMeters>
            <DistanceMeters>6881.65673828125</DistanceMeters>
            <HeartRateBpm>
              <Value>163</Value>
            </HeartRateBpm>
            <Extensions>
              <ns3:TPX>
                <ns3:Speed>3.3021366596221924</ns3:Speed>
                <ns3:RunCadence>89</ns3:RunCadence>
              </ns3:TPX>
            </Extensions>
          </Trackpoint>
          <Trackpoint>
            <Time>2026-08-03T11:03:49.000Z</Time>
            <Position>
              <LatitudeDegrees>29.81292120341381</LatitudeDegrees>
              <LongitudeDegrees>106.42538396155364</LongitudeDegrees>
            </Position>
            <AltitudeMeters>208.27418518066406</AltitudeMeters>
            <DistanceMeters>6894.8662109375</DistanceMeters>
            <HeartRateBpm>
              <Value>163</Value>
            </HeartRateBpm>
            <Extensions>
              <ns3:TPX>
                <ns3:Speed>3.302700996398926</ns3:Speed>
                <ns3:RunCadence>89</ns3:RunCadence>
              </ns3:TPX>
            </Extensions>
          </Trackpoint>
          <Trackpoint>
            <Time>2026-08-03T11:03:54.000Z</Time>
            <Position>
              <LatitudeDegrees>29.812844759346234</LatitudeDegrees>
              <LongitudeDegrees>106.4255299308883</LongitudeDegrees>
            </Position>
            <AltitudeMeters>208.20948791503906</AltitudeMeters>
            <DistanceMeters>6911.37890625</DistanceMeters>
            <HeartRateBpm>
              <Value>164</Value>
            </HeartRateBpm>
            <Extensions>
              <ns3:TPX>
                <ns3:Speed>3.3023433685302734</ns3:Speed>
                <ns3:RunCadence>89</ns3:RunCadence>
              </ns3:TPX>
            </Extensions>
          </Trackpoint>
          <Trackpoint>
            <Time>2026-08-03T11:03:58.000Z</Time>
            <Position>
              <LatitudeDegrees>29.81280775178828</LatitudeDegrees>
              <LongitudeDegrees>106.42565983588115</LongitudeDegrees>
            </Position>
            <AltitudeMeters>208.13412475585938</AltitudeMeters>
            <DistanceMeters>6924.5859375</DistanceMeters>
            <HeartRateBpm>
              <Value>163</Value>
            </HeartRateBpm>
            <Extensions>
              <ns3:TPX>
                <ns3:Speed>3.3012733459472656</ns3:Speed>
                <ns3:RunCadence>88</ns3:RunCadence>
              </ns3:TPX>
            </Extensions>
          </Trackpoint>
          <Trackpoint>
            <Time>2026-08-03T11:04:03.000Z</Time>
            <Position>
              <LatitudeDegrees>29.812785499892843</LatitudeDegrees>
              <LongitudeDegrees>106.42582871301836</LongitudeDegrees>
            </Position>
            <AltitudeMeters>208.01596069335938</AltitudeMeters>
            <DistanceMeters>6941.0869140625</DistanceMeters>
            <HeartRateBpm>
              <Value>164</Value>
            </HeartRateBpm>
            <Extensions>
              <ns3:TPX>
                <ns3:Speed>3.2990593910217285</ns3:Speed>
                <ns3:RunCadence>88</ns3:RunCadence>
              </ns3:TPX>
            </Extensions>
          </Trackpoint>
          <Trackpoint>
            <Time>2026-08-03T11:04:07.000Z</Time>
            <Position>
              <LatitudeDegrees>29.812785105341508</LatitudeDegrees>
              <LongitudeDegrees>106.42596534846541</LongitudeDegrees>
            </Position>
            <AltitudeMeters>207.90689086914062</AltitudeMeters>
            <DistanceMeters>6954.2783203125</DistanceMeters>
            <HeartRateBpm>
              <Value>164</Value>
            </HeartRateBpm>
            <Extensions>
              <ns3:TPX>
                <ns3:Speed>3.29667329788208</ns3:Speed>
                <ns3:RunCadence>89</ns3:RunCadence>
              </ns3:TPX>
            </Extensions>
          </Trackpoint>
          <Trackpoint>
            <Time>2026-08-03T11:04:12.000Z</Time>
            <Position>
              <LatitudeDegrees>29.812806482046533</LatitudeDegrees>
              <LongitudeDegrees>106.42613410751989</LongitudeDegrees>
            </Position>
            <AltitudeMeters>207.75897216796875</AltitudeMeters>
            <DistanceMeters>6970.7529296875</DistanceMeters>
            <HeartRateBpm>
              <Value>163</Value>
            </HeartRateBpm>
            <Extensions>
              <ns3:TPX>
                <ns3:Speed>3.2930479049682617</ns3:Speed>
                <ns3:RunCadence>90</ns3:RunCadence>
              </ns3:TPX>
            </Extensions>
          </Trackpoint>
          <Trackpoint>
            <Time>2026-08-03T11:04:16.000Z</Time>
            <Position>
              <LatitudeDegrees>29.81284252640214</LatitudeDegrees>
              <LongitudeDegrees>106.42626392470994</LongitudeDegrees>
            </Position>
            <AltitudeMeters>207.63636779785156</AltitudeMeters>
            <DistanceMeters>6983.91845703125</DistanceMeters>
            <HeartRateBpm>
              <Value>163</Value>
            </HeartRateBpm>
            <Extensions>
              <ns3:TPX>
                <ns3:Speed>3.2897324562072754</ns3:Speed>
                <ns3:RunCadence>90</ns3:RunCadence>
              </ns3:TPX>
            </Extensions>
          </Trackpoint>
          <Trackpoint>
            <Time>2026-08-03T11:04:21.000Z</Time>
            <Position>
              <LatitudeDegrees>29.81291702453292</LatitudeDegrees>
              <LongitudeDegrees>106.42641036388838</LongitudeDegrees>
            </Position>
            <AltitudeMeters>207.48440551757812</AltitudeMeters>
            <DistanceMeters>7000.35546875</DistanceMeters>
            <HeartRateBpm>
              <Value>163</Value>
            </HeartRateBpm>
            <Extensions>
              <ns3:TPX>
                <ns3:Speed>3.2852065563201904</ns3:Speed>
                <ns3:RunCadence>90</ns3:RunCadence>
              </ns3:TPX>
            </Extensions>
          </Trackpoint>
        </Track>
        <Extensions>
          <ns3:LX>
            <ns3:AvgSpeed>3.095414638519287</ns3:AvgSpeed>
            <ns3:AvgRunCadence>87</ns3:AvgRunCadence>
            <ns3:MaxRunCadence>90</ns3:MaxRunCadence>
          </ns3:LX>
        </Extensions>
      </Lap>
      <Lap StartTime="2026-08-03T11:04:21.000Z">
        <TotalTimeSeconds>308.680</TotalTimeSeconds>
        <DistanceMeters>1000.0</DistanceMeters>
        <MaximumSpeed>3.2852065563201904</MaximumSpeed>
        <Calories>61</Calories>
        <AverageHeartRateBpm>
          <Value>157</Value>
        </AverageHeartRateBpm>
        <MaximumHeartRateBpm>
          <Value>163</Value>
        </MaximumHeartRateBpm>
        <Intensity>Active</Intensity>
        <TriggerMethod>Manual</TriggerMethod>
        <Track>
          <Trackpoint>
            <Time>2026-08-03T11:04:21.000Z</Time>
            <Position>
              <LatitudeDegrees>29.81291702453292</LatitudeDegrees>
              <LongitudeDegrees>106.42641036388838</LongitudeDegrees>
            </Position>
            <AltitudeMeters>207.48440551757812</AltitudeMeters>
            <DistanceMeters>7000.35546875</DistanceMeters>
            <HeartRateBpm>
              <Value>163</Value>
            </HeartRateBpm>
            <Extensions>
              <ns3:TPX>
                <ns3:Speed>3.2852065563201904</ns3:Speed>
                <ns3:RunCadence>90</ns3:RunCadence>
              </ns3:TPX>
            </Extensions>
          </Trackpoint>
          <Trackpoint>
            <Time>2026-08-03T11:04:25.000Z</Time>
            <Position>
              <LatitudeDegrees>29.813006658756525</LatitudeDegrees>
              <LongitudeDegrees>106.4264976014929</LongitudeDegrees>
            </Position>
            <AltitudeMeters>207.36849975585938</AltitudeMeters>
            <DistanceMeters>7013.48876953125</DistanceMeters>
            <HeartRateBpm>
              <Value>162</Value>
            </HeartRateBpm>
            <Extensions>
              <ns3:TPX>
                <ns3:Speed>3.2813847064971924</ns3:Speed>
                <ns3:RunCadence>89</ns3:RunCadence>
              </ns3:TPX>
            </Extensions>
          </Trackpoint>
          <Trackpoint>
            <Time>2026-08-03T11:04:30.000Z</Time>
            <Position>
              <LatitudeDegrees>29.813149443211806</LatitudeDegrees>
              <LongitudeDegrees>106.4265179059472</LongitudeDegrees>
            </Position>
            <AltitudeMeters>207.23641967773438</AltitudeMeters>
            <DistanceMeters>7029.88330078125</DistanceMeters>
            <HeartRateBpm>
              <Value>162</Value>
            </HeartRateBpm>
            <Extensions>
              <ns3:TPX>
                <ns3:Speed>3.2764945030212402</ns3:Speed>
                <ns3:RunCadence>88</ns3:RunCadence>
              </ns3:TPX>
            </Extensions>
          </Trackpoint>
          <Trackpoint>
            <Time>2026-08-03T11:04:34.000Z</Time>
            <Position>
              <LatitudeDegrees>29.813250301782322</LatitudeDegrees>
              <LongitudeDegrees>106.42645036738006</LongitudeDegrees>
            </Position>
            <AltitudeMeters>207.1446075439453</AltitudeMeters>
            <DistanceMeters>7042.9814453125</DistanceMeters>
            <HeartRateBpm>
              <Value>161</Value>
            </HeartRateBpm>
            <Extensions>
              <ns3:TPX>
                <ns3:Speed>3.272592782974243</ns3:Speed>
                <ns3:RunCadence>89</ns3:RunCadence>
              </ns3:TPX>
            </Extensions>
          </Trackpoint>
          <Trackpoint>
            <Time>2026-08-03T11:04:39.000Z</Time>
            <Position>
              <LatitudeDegrees>29.813337035207987</LatitudeDegrees>
              <LongitudeDegrees>106.42631458408427</LongitudeDegrees>
            </Position>
            <AltitudeMeters>207.0511474609375</AltitudeMeters>
            <DistanceMeters>7059.3330078125</DistanceMeters>
            <HeartRateBpm>
              <Value>162</Value>
            </HeartRateBpm>
            <Extensions>
              <ns3:TPX>
                <ns3:Speed>3.267857313156128</ns3:Speed>
                <ns3:RunCadence>88</ns3:RunCadence>
              </ns3:TPX>
            </Extensions>
          </Trackpoint>
          <Trackpoint>
            <Time>2026-08-03T11:04:43.000Z</Time>
            <Position>
              <LatitudeDegrees>29.813380722215097</LatitudeDegrees>
              <LongitudeDegrees>106.42618908565949</LongitudeDegrees>
            </Position>
            <AltitudeMeters>206.9955596923828</AltitudeMeters>
            <DistanceMeters>7072.39697265625</DistanceMeters>
            <HeartRateBpm>
              <Value>162</Value>
            </HeartRateBpm>
            <Extensions>
              <ns3:TPX>
                <ns3:Speed>3.2642719745635986</ns3:Speed>
                <ns3:RunCadence>90</ns3:RunCadence>
              </ns3:TPX>
            </Extensions>
          </Trackpoint>
          <Trackpoint>
            <Time>2026-08-03T11:04:48.000Z</Time>
            <Position>
              <LatitudeDegrees>29.813410302976408</LatitudeDegrees>
              <LongitudeDegrees>106.42602372799963</LongitudeDegrees>
            </Position>
            <AltitudeMeters>206.95188903808594</AltitudeMeters>
            <DistanceMeters>7088.7080078125</DistanceMeters>
            <HeartRateBpm>
              <Value>161</Value>
            </HeartRateBpm>
            <Extensions>
              <ns3:TPX>
                <ns3:Speed>3.26015305519104</ns3:Speed>
                <ns3:RunCadence>89</ns3:RunCadence>
              </ns3:TPX>
            </Extensions>
          </Trackpoint>
          <Trackpoint>
            <Time>2026-08-03T11:04:52.000Z</Time>
            <Position>
              <LatitudeDegrees>29.813416480460194</LatitudeDegrees>
              <LongitudeDegrees>106.42588890820313</LongitudeDegrees>
            </Position>
            <AltitudeMeters>206.9380340576172</AltitudeMeters>
            <DistanceMeters>7101.74267578125</DistanceMeters>
            <HeartRateBpm>
              <Value>161</Value>
            </HeartRateBpm>
            <Extensions>
              <ns3:TPX>
                <ns3:Speed>3.2572197914123535</ns3:Speed>
                <ns3:RunCadence>89</ns3:RunCadence>
              </ns3:TPX>
            </Extensions>
          </Trackpoint>
          <Trackpoint>
            <Time>2026-08-03T11:04:57.000Z</Time>
            <Position>
              <LatitudeDegrees>29.81340328694046</LatitudeDegrees>
              <LongitudeDegrees>106.4257210665396</LongitudeDegrees>
            </Position>
            <AltitudeMeters>206.946533203125</AltitudeMeters>
            <DistanceMeters>7118.02099609375</DistanceMeters>
            <HeartRateBpm>
              <Value>161</Value>
            </HeartRateBpm>
            <Extensions>
              <ns3:TPX>
                <ns3:Speed>3.254087209701538</ns3:Speed>
                <ns3:RunCadence>90</ns3:RunCadence>
              </ns3:TPX>
            </Extensions>
          </Trackpoint>
          <Trackpoint>
            <Time>2026-08-03T11:05:01.000Z</Time>
            <Position>
              <LatitudeDegrees>29.81337505991861</LatitudeDegrees>
              <LongitudeDegrees>106.4255903096573</LongitudeDegrees>
            </Position>
            <AltitudeMeters>206.9727783203125</AltitudeMeters>
            <DistanceMeters>7131.033203125</DistanceMeters>
            <HeartRateBpm>
              <Value>161</Value>
            </HeartRateBpm>
            <Extensions>
              <ns3:TPX>
                <ns3:Speed>3.252056360244751</ns3:Speed>
                <ns3:RunCadence>89</ns3:RunCadence>
              </ns3:TPX>
            </Extensions>
          </Trackpoint>
          <Trackpoint>
            <Time>2026-08-03T11:05:06.000Z</Time>
            <Position>
              <LatitudeDegrees>29.813313415228194</LatitudeDegrees>
              <LongitudeDegrees>106.42543800610333</LongitudeDegrees>
            </Position>
            <AltitudeMeters>207.02720642089844</AltitudeMeters>
            <DistanceMeters>7147.2890625</DistanceMeters>
            <HeartRateBpm>
              <Value>160</Value>
            </HeartRateBpm>
            <Extensions>
              <ns3:TPX>
                <ns3:Speed>3.250159740447998</ns3:Speed>
                <ns3:RunCadence>90</ns3:RunCadence>
              </ns3:TPX>
            </Extensions>
          </Trackpoint>
          <Trackpoint>
            <Time>2026-08-03T11:05:11.000Z</Time>
            <Position>
              <LatitudeDegrees>29.81321391073888</LatitudeDegrees>
              <LongitudeDegrees>106.42531632750836</LongitudeDegrees>
            </Position>
            <AltitudeMeters>207.1016387939453</AltitudeMeters>
            <DistanceMeters>7163.53662109375</DistanceMeters>
            <HeartRateBpm>
              <Value>159</Value>
            </HeartRateBpm>
            <Extensions>
              <ns3:TPX>
                <ns3:Speed>3.2490081787109375</ns3:Speed>
                <ns3:RunCadence>88</ns3:RunCadence>
              </ns3:TPX>
            </Extensions>
          </Trackpoint>
          <Trackpoint>
            <Time>2026-08-03T11:05:15.000Z</Time>
            <Position>
              <LatitudeDegrees>29.813104417039824</LatitudeDegrees>
              <LongitudeDegrees>106.42527464354188</LongitudeDegrees>
            </Position>
            <AltitudeMeters>207.1720733642578</AltitudeMeters>
            <DistanceMeters>7176.5322265625</DistanceMeters>
            <HeartRateBpm>
              <Value>159</Value>
            </HeartRateBpm>
            <Extensions>
              <ns3:TPX>
                <ns3:Speed>3.248631238937378</ns3:Speed>
                <ns3:RunCadence>89</ns3:RunCadence>
              </ns3:TPX>
            </Extensions>
          </Trackpoint>
          <Trackpoint>
            <Time>2026-08-03T11:05:20.000Z</Time>
            <Position>
              <LatitudeDegrees>29.812969567977007</LatitudeDegrees>
              <LongitudeDegrees>106.42533005277774</LongitudeDegrees>
            </Position>
            <AltitudeMeters>207.2687530517578</AltitudeMeters>
            <DistanceMeters>7192.77587890625</DistanceMeters>
            <HeartRateBpm>
              <Value>158</Value>
            </HeartRateBpm>
            <Extensions>
              <ns3:TPX>
                <ns3:Speed>3.248830556869507</ns3:Speed>
                <ns3:RunCadence>88</ns3:RunCadence>
              </ns3:TPX>
            </Extensions>
          </Trackpoint>
          <Trackpoint>
            <Time>2026-08-03T11:05:24.000Z</Time>
            <Position>
              <LatitudeDegrees>29.81289146757566</LatitudeDegrees>
              <LongitudeDegrees>106.4254294759112</LongitudeDegrees>
            </Position>
            <AltitudeMeters>207.3489990234375</AltitudeMeters>
            <DistanceMeters>7205.7724609375</DistanceMeters>
            <HeartRateBpm>
              <Value>158</Value>
            </HeartRateBpm>
            <Extensions>
              <ns3:TPX>
                <ns3:Speed>3.2495059967041016</ns3:Speed>
                <ns3:RunCadence>90</ns3:RunCadence>
              </ns3:TPX>
            </Extensions>
          </Trackpoint>
          <Trackpoint>
            <Time>2026-08-03T11:05:29.000Z</Time>
            <Position>
              <LatitudeDegrees>29.81282784111382</LatitudeDegrees>
              <LongitudeDegrees>106.42558060265196</LongitudeDegrees>
            </Position>
            <AltitudeMeters>207.44741821289062</AltitudeMeters>
            <DistanceMeters>7222.0234375</DistanceMeters>
            <HeartRateBpm>
              <Value>157</Value>
            </HeartRateBpm>
            <Extensions>
              <ns3:TPX>
                <ns3:Speed>3.250950574874878</ns3:Speed>
                <ns3:RunCadence>88</ns3:RunCadence>
              </ns3:TPX>
            </Extensions>
          </Trackpoint>
          <Trackpoint>
            <Time>2026-08-03T11:05:33.000Z</Time>
            <Position>
              <LatitudeDegrees>29.812798238244707</LatitudeDegrees>
              <LongitudeDegrees>106.4257108933892</LongitudeDegrees>
            </Position>
            <AltitudeMeters>207.52053833007812</AltitudeMeters>
            <DistanceMeters>7235.03076171875</DistanceMeters>
            <HeartRateBpm>
              <Value>157</Value>
            </HeartRateBpm>
            <Extensions>
              <ns3:TPX>
                <ns3:Speed>3.2525408267974854</ns3:Speed>
                <ns3:RunCadence>89</ns3:RunCadence>
              </ns3:TPX>
            </Extensions>
          </Trackpoint>
          <Trackpoint>
            <Time>2026-08-03T11:05:38.000Z</Time>
            <Position>
              <LatitudeDegrees>29.812783657659832</LatitudeDegrees>
              <LongitudeDegrees>106.42587848679212</LongitudeDegrees>
            </Position>
            <AltitudeMeters>207.59967041015625</AltitudeMeters>
            <DistanceMeters>7251.29931640625</DistanceMeters>
            <HeartRateBpm>
              <Value>157</Value>
            </HeartRateBpm>
            <Extensions>
              <ns3:TPX>
                <ns3:Speed>3.2549962997436523</ns3:Speed>
                <ns3:RunCadence>90</ns3:RunCadence>
              </ns3:TPX>
            </Extensions>
          </Trackpoint>
          <Trackpoint>
            <Time>2026-08-03T11:05:42.000Z</Time>
            <Position>
              <LatitudeDegrees>29.81278871503313</LatitudeDegrees>
              <LongitudeDegrees>106.42601325965333</LongitudeDegrees>
            </Position>
            <AltitudeMeters>207.6495819091797</AltitudeMeters>
            <DistanceMeters>7264.32373046875</DistanceMeters>
            <HeartRateBpm>
              <Value>157</Value>
            </HeartRateBpm>
            <Extensions>
              <ns3:TPX>
                <ns3:Speed>3.2572691440582275</ns3:Speed>
                <ns3:RunCadence>89</ns3:RunCadence>
              </ns3:TPX>
            </Extensions>
          </Trackpoint>
          <Trackpoint>
            <Time>2026-08-03T11:05:47.000Z</Time>
            <Position>
              <LatitudeDegrees>29.812816631383484</LatitudeDegrees>
              <LongitudeDegrees>106.42617882563616</LongitudeDegrees>
            </Position>
            <AltitudeMeters>207.69107055664062</AltitudeMeters>
            <DistanceMeters>7280.6181640625</DistanceMeters>
            <HeartRateBpm>
              <Value>157</Value>
            </HeartRateBpm>
            <Extensions>
              <ns3:TPX>
                <ns3:Speed>3.260396718978882</ns3:Speed>
                <ns3:RunCadence>90</ns3:RunCadence>
              </ns3:TPX>
            </Extensions>
          </Trackpoint>
          <Trackpoint>
            <Time>2026-08-03T11:05:51.000Z</Time>
            <Position>
              <LatitudeDegrees>29.812858752792057</LatitudeDegrees>
              <LongitudeDegrees>106.42630484031055</LongitudeDegrees>
            </Position>
            <AltitudeMeters>207.70509338378906</AltitudeMeters>
            <DistanceMeters>7293.6650390625</DistanceMeters>
            <HeartRateBpm>
              <Value>157</Value>
            </HeartRateBpm>
            <Extensions>
              <ns3:TPX>
                <ns3:Speed>3.2630481719970703</ns3:Speed>
                <ns3:RunCadence>88</ns3:RunCadence>
              </ns3:TPX>
            </Extensions>
          </Trackpoint>
          <Trackpoint>
            <Time>2026-08-03T11:05:56.000Z</Time>
            <Position>
              <LatitudeDegrees>29.812942603590102</LatitudeDegrees>
              <LongitudeDegrees>106.42644275655513</LongitudeDegrees>
            </Position>
            <AltitudeMeters>207.6962890625</AltitudeMeters>
            <DistanceMeters>7309.98876953125</DistanceMeters>
            <HeartRateBpm>
              <Value>157</Value>
            </HeartRateBpm>
            <Extensions>
              <ns3:TPX>
                <ns3:Speed>3.266435384750366</ns3:Speed>
                <ns3:RunCadence>88</ns3:RunCadence>
              </ns3:TPX>
            </Extensions>
          </Trackpoint>
          <Trackpoint>
            <Time>2026-08-03T11:06:00.000Z</Time>
            <Position>
              <LatitudeDegrees>29.81304108541484</LatitudeDegrees>
              <LongitudeDegrees>106.42651444699904</LongitudeDegrees>
            </Position>
            <AltitudeMeters>207.66726684570312</AltitudeMeters>
            <DistanceMeters>7323.06005859375</DistanceMeters>
            <HeartRateBpm>
              <Value>157</Value>
            </HeartRateBpm>
            <Extensions>
              <ns3:TPX>
                <ns3:Speed>3.2691171169281006</ns3:Speed>
                <ns3:RunCadence>88</ns3:RunCadence>
              </ns3:TPX>
            </Extensions>
          </Trackpoint>
          <Trackpoint>
            <Time>2026-08-03T11:06:05.000Z</Time>
            <Position>
              <LatitudeDegrees>29.813184152488137</LatitudeDegrees>
              <LongitudeDegrees>106.4265029792262</LongitudeDegrees>
            </Position>
            <AltitudeMeters>207.60342407226562</AltitudeMeters>
            <DistanceMeters>7339.41357421875</DistanceMeters>
            <HeartRateBpm>
              <Value>156</Value>
            </HeartRateBpm>
            <Extensions>
              <ns3:TPX>
                <ns3:Speed>3.2723159790039062</ns3:Speed>
                <ns3:RunCadence>89</ns3:RunCadence>
              </ns3:TPX>
            </Extensions>
          </Trackpoint>
          <Trackpoint>
            <Time>2026-08-03T11:06:09.000Z</Time>
            <Position>
              <LatitudeDegrees>29.81327607862641</LatitudeDegrees>
              <LongitudeDegrees>106.4264197292001</LongitudeDegrees>
            </Position>
            <AltitudeMeters>207.53114318847656</AltitudeMeters>
            <DistanceMeters>7352.50732421875</DistanceMeters>
            <HeartRateBpm>
              <Value>156</Value>
            </HeartRateBpm>
            <Extensions>
              <ns3:TPX>
                <ns3:Speed>3.2746667861938477</ns3:Speed>
                <ns3:RunCadence>89</ns3:RunCadence>
              </ns3:TPX>
            </Extensions>
          </Trackpoint>
          <Trackpoint>
            <Time>2026-08-03T11:06:14.000Z</Time>
            <Position>
              <LatitudeDegrees>29.81335303670872</LatitudeDegrees>
              <LongitudeDegrees>106.42627574400917</LongitudeDegrees>
            </Position>
            <AltitudeMeters>207.4166259765625</AltitudeMeters>
            <DistanceMeters>7368.88720703125</DistanceMeters>
            <HeartRateBpm>
              <Value>156</Value>
            </HeartRateBpm>
            <Extensions>
              <ns3:TPX>
                <ns3:Speed>3.2772340774536133</ns3:Speed>
                <ns3:RunCadence>88</ns3:RunCadence>
              </ns3:TPX>
            </Extensions>
          </Trackpoint>
          <Trackpoint>
            <Time>2026-08-03T11:06:18.000Z</Time>
            <Position>
              <LatitudeDegrees>29.813390780819166</LatitudeDegrees>
              <LongitudeDegrees>106.42614716350134</LongitudeDegrees>
            </Position>
            <AltitudeMeters>207.30825805664062</AltitudeMeters>
            <DistanceMeters>7381.99951171875</DistanceMeters>
            <HeartRateBpm>
              <Value>155</Value>
            </HeartRateBpm>
            <Extensions>
              <ns3:TPX>
                <ns3:Speed>3.278913736343384</ns3:Speed>
                <ns3:RunCadence>88</ns3:RunCadence>
              </ns3:TPX>
            </Extensions>
          </Trackpoint>
          <Trackpoint>
            <Time>2026-08-03T11:06:23.000Z</Time>
            <Position>
              <LatitudeDegrees>29.813413951241078</LatitudeDegrees>
              <LongitudeDegrees>106.42597952409453</LongitudeDegrees>
            </Position>
            <AltitudeMeters>207.15638732910156</AltitudeMeters>
            <DistanceMeters>7398.39794921875</DistanceMeters>
            <HeartRateBpm>
              <Value>155</Value>
            </HeartRateBpm>
            <Extensions>
              <ns3:TPX>
                <ns3:Speed>3.2804510593414307</ns3:Speed>
                <ns3:RunCadence>90</ns3:RunCadence>
              </ns3:TPX>
            </Extensions>
          </Trackpoint>
          <Trackpoint>
            <Time>2026-08-03T11:06:27.000Z</Time>
            <Position>
              <LatitudeDegrees>29.813415251493605</LatitudeDegrees>
              <LongitudeDegrees>106.42584360974305</LongitudeDegrees>
            </Position>
            <AltitudeMeters>207.02578735351562</AltitudeMeters>
            <DistanceMeters>7411.52099609375</DistanceMeters>
            <HeartRateBpm>
              <Value>155</Value>
            </HeartRateBpm>
            <Extensions>
              <ns3:TPX>
                <ns3:Speed>3.2811696529388428</ns3:Speed>
                <ns3:RunCadence>89</ns3:RunCadence>
              </ns3:TPX>
            </Extensions>
          </Trackpoint>
          <Trackpoint>
            <Time>2026-08-03T11:06:32.000Z</Time>
            <Position>
              <LatitudeDegrees>29.813395488771246</LatitudeDegrees>
              <LongitudeDegrees>106.42567529317354</LongitudeDegrees>
            </Position>
            <AltitudeMeters>206.85731506347656</AltitudeMeters>
            <DistanceMeters>7427.92724609375</DistanceMeters>
            <HeartRateBpm>
              <Value>154</Value>
            </HeartRateBpm>
            <Extensions>
              <ns3:TPX>
                <ns3:Speed>3.281359910964966</ns3:Speed>
                <ns3:RunCadence>90</ns3:RunCadence>
              </ns3:TPX>
            </Extensions>
          </Trackpoint>
          <Trackpoint>
            <Time>2026-08-03T11:06:36.000Z</Time>
            <Position>
              <LatitudeDegrees>29.813360733247922</LatitudeDegrees>
              <LongitudeDegrees>106.4255454460411</LongitudeDegrees>
            </Position>
            <AltitudeMeters>206.72328186035156</AltitudeMeters>
            <DistanceMeters>7441.0517578125</DistanceMeters>
            <HeartRateBpm>
              <Value>154</Value>
            </HeartRateBpm>
            <Extensions>
              <ns3:TPX>
                <ns3:Speed>3.2809059619903564</ns3:Speed>
                <ns3:RunCadence>89</ns3:RunCadence>
              </ns3:TPX>
            </Extensions>
          </Trackpoint>
          <Trackpoint>
            <Time>2026-08-03T11:06:41.000Z</Time>
            <Position>
              <LatitudeDegrees>29.8132886764955</LatitudeDegrees>
              <LongitudeDegrees>106.42539778367836</LongitudeDegrees>
            </Position>
            <AltitudeMeters>206.56358337402344</AltitudeMeters>
            <DistanceMeters>7457.453125</DistanceMeters>
            <HeartRateBpm>
              <Value>154</Value>
            </HeartRateBpm>
            <Extensions>
              <ns3:TPX>
                <ns3:Speed>3.279543399810791</ns3:Speed>
                <ns3:RunCadence>90</ns3:RunCadence>
              </ns3:TPX>
            </Extensions>
          </Trackpoint>
          <Trackpoint>
            <Time>2026-08-03T11:06:45.000Z</Time>
            <Position>
              <LatitudeDegrees>29.813201435064315</LatitudeDegrees>
              <LongitudeDegrees>106.42530754635666</LongitudeDegrees>
            </Position>
            <AltitudeMeters>206.44720458984375</AltitudeMeters>
            <DistanceMeters>7470.56787109375</DistanceMeters>
            <HeartRateBpm>
              <Value>154</Value>
            </HeartRateBpm>
            <Extensions>
              <ns3:TPX>
                <ns3:Speed>3.2778029441833496</ns3:Speed>
                <ns3:RunCadence>90</ns3:RunCadence>
              </ns3:TPX>
            </Extensions>
          </Trackpoint>
          <Trackpoint>
            <Time>2026-08-03T11:06:50.000Z</Time>
            <Position>
              <LatitudeDegrees>29.81305969625702</LatitudeDegrees>
              <LongitudeDegrees>106.425279716732</LongitudeDegrees>
            </Position>
            <AltitudeMeters>206.32264709472656</AltitudeMeters>
            <DistanceMeters>7486.94921875</DistanceMeters>
            <HeartRateBpm>
              <Value>154</Value>
            </HeartRateBpm>
            <Extensions>
              <ns3:TPX>
                <ns3:Speed>3.274813413619995</ns3:Speed>
                <ns3:RunCadence>89</ns3:RunCadence>
              </ns3:TPX>
            </Extensions>
          </Trackpoint>
          <Trackpoint>
            <Time>2026-08-03T11:06:54.000Z</Time>
            <Position>
              <LatitudeDegrees>29.812956608588323</LatitudeDegrees>
              <LongitudeDegrees>106.42534226566505</LongitudeDegrees>
            </Position>
            <AltitudeMeters>206.24427795410156</AltitudeMeters>
            <DistanceMeters>7500.04248046875</DistanceMeters>
            <HeartRateBpm>
              <Value>155</Value>
            </HeartRateBpm>
            <Extensions>
              <ns3:TPX>
                <ns3:Speed>3.2717835903167725</ns3:Speed>
                <ns3:RunCadence>89</ns3:RunCadence>
              </ns3:TPX>
            </Extensions>
          </Trackpoint>
          <Trackpoint>
            <Time>2026-08-03T11:06:59.000Z</Time>
            <Position>
              <LatitudeDegrees>29.812867390633762</LatitudeDegrees>
              <LongitudeDegrees>106.42547579982006</LongitudeDegrees>
            </Position>
            <AltitudeMeters>206.17837524414062</AltitudeMeters>
            <DistanceMeters>7516.39013671875</DistanceMeters>
            <HeartRateBpm>
              <Value>154</Value>
            </HeartRateBpm>
            <Extensions>
              <ns3:TPX>
                <ns3:Speed>3.2672343254089355</ns3:Speed>
                <ns3:RunCadence>89</ns3:RunCadence>
              </ns3:TPX>
            </Extensions>
          </Trackpoint>
          <Trackpoint>
            <Time>2026-08-03T11:07:03.000Z</Time>
            <Position>
              <LatitudeDegrees>29.812822140465318</LatitudeDegrees>
              <LongitudeDegrees>106.42560049725563</LongitudeDegrees>
            </Position>
            <AltitudeMeters>206.15464782714844</AltitudeMeters>
            <DistanceMeters>7529.45068359375</DistanceMeters>
            <HeartRateBpm>
              <Value>154</Value>
            </HeartRateBpm>
            <Extensions>
              <ns3:TPX>
                <ns3:Speed>3.2630255222320557</ns3:Speed>
                <ns3:RunCadence>88</ns3:RunCadence>
              </ns3:TPX>
            </Extensions>
          </Trackpoint>
          <Trackpoint>
            <Time>2026-08-03T11:07:08.000Z</Time>
            <Position>
              <LatitudeDegrees>29.81279085279298</LatitudeDegrees>
              <LongitudeDegrees>106.42576531515627</LongitudeDegrees>
            </Position>
            <AltitudeMeters>206.16470336914062</AltitudeMeters>
            <DistanceMeters>7545.7509765625</DistanceMeters>
            <HeartRateBpm>
              <Value>154</Value>
            </HeartRateBpm>
            <Extensions>
              <ns3:TPX>
                <ns3:Speed>3.2571234703063965</ns3:Speed>
                <ns3:RunCadence>89</ns3:RunCadence>
              </ns3:TPX>
            </Extensions>
          </Trackpoint>
          <Trackpoint>
            <Time>2026-08-03T11:07:12.000Z</Time>
            <Position>
              <LatitudeDegrees>29.812783374106306</LatitudeDegrees>
              <LongitudeDegrees>106.42589988142896</LongitudeDegrees>
            </Position>
            <AltitudeMeters>206.20620727539062</AltitudeMeters>
            <DistanceMeters>7558.76904296875</DistanceMeters>
            <HeartRateBpm>
              <Value>154</Value>
            </HeartRateBpm>
            <Extensions>
              <ns3:TPX>
                <ns3:Speed>3.251953363418579</ns3:Speed>
                <ns3:RunCadence>88</ns3:RunCadence>
              </ns3:TPX>
            </Extensions>
          </Trackpoint>
          <Trackpoint>
            <Time>2026-08-03T11:07:17.000Z</Time>
            <Position>
              <LatitudeDegrees>29.812795001737197</LatitudeDegrees>
              <LongitudeDegrees>106.42606751875488</LongitudeDegrees>
            </Position>
            <AltitudeMeters>206.30091857910156</AltitudeMeters>
            <DistanceMeters>7575.01171875</DistanceMeters>
            <HeartRateBpm>
              <Value>155</Value>
            </HeartRateBpm>
            <Extensions>
              <ns3:TPX>
                <ns3:Speed>3.2450308799743652</ns3:Speed>
                <ns3:RunCadence>89</ns3:RunCadence>
              </ns3:TPX>
            </Extensions>
          </Trackpoint>
          <Trackpoint>
            <Time>2026-08-03T11:07:21.000Z</Time>
            <Position>
              <LatitudeDegrees>29.81282178619549</LatitudeDegrees>
              <LongitudeDegrees>106.42619821358234</LongitudeDegrees>
            </Position>
            <AltitudeMeters>206.4107666015625</AltitudeMeters>
            <DistanceMeters>7587.97998046875</DistanceMeters>
            <HeartRateBpm>
              <Value>155</Value>
            </HeartRateBpm>
            <Extensions>
              <ns3:TPX>
                <ns3:Speed>3.2392094135284424</ns3:Speed>
                <ns3:RunCadence>88</ns3:RunCadence>
              </ns3:TPX>
            </Extensions>
          </Trackpoint>
          <Trackpoint>
            <Time>2026-08-03T11:07:26.000Z</Time>
            <Position>
              <LatitudeDegrees>29.812880745875518</LatitudeDegrees>
              <LongitudeDegrees>106.42635104630753</LongitudeDegrees>
            </Position>
            <AltitudeMeters>206.5891876220703</AltitudeMeters>
            <DistanceMeters>7604.1572265625</DistanceMeters>
            <HeartRateBpm>
              <Value>154</Value>
            </HeartRateBpm>
            <Extensions>
              <ns3:TPX>
                <ns3:Speed>3.231701374053955</ns3:Speed>
                <ns3:RunCadence>88</ns3:RunCadence>
              </ns3:TPX>
            </Extensions>
          </Trackpoint>
          <Trackpoint>
            <Time>2026-08-03T11:07:30.000Z</Time>
            <Position>
              <LatitudeDegrees>29.81295364911681</LatitudeDegrees>
              <LongitudeDegrees>106.42645460574228</LongitudeDegrees>
            </Position>
            <AltitudeMeters>206.76283264160156</AltitudeMeters>
            <DistanceMeters>7617.07177734375</DistanceMeters>
            <HeartRateBpm>
              <Value>155</Value>
            </HeartRateBpm>
            <Extensions>
              <ns3:TPX>
                <ns3:Speed>3.225607395172119</ns3:Speed>
                <ns3:RunCadence>89</ns3:RunCadence>
              </ns3:TPX>
            </Extensions>
          </Trackpoint>
          <Trackpoint>
            <Time>2026-08-03T11:07:35.000Z</Time>
            <Position>
              <LatitudeDegrees>29.813082479499244</LatitudeDegrees>
              <LongitudeDegrees>106.42652457999802</LongitudeDegrees>
            </Position>
            <AltitudeMeters>207.0148162841797</AltitudeMeters>
            <DistanceMeters>7633.18115234375</DistanceMeters>
            <HeartRateBpm>
              <Value>155</Value>
            </HeartRateBpm>
            <Extensions>
              <ns3:TPX>
                <ns3:Speed>3.2180168628692627</ns3:Speed>
                <ns3:RunCadence>88</ns3:RunCadence>
              </ns3:TPX>
            </Extensions>
          </Trackpoint>
          <Trackpoint>
            <Time>2026-08-03T11:07:39.000Z</Time>
            <Position>
              <LatitudeDegrees>29.813193954893844</LatitudeDegrees>
              <LongitudeDegrees>106.42649724235307</LongitudeDegrees>
            </Position>
            <AltitudeMeters>207.24093627929688</AltitudeMeters>
            <DistanceMeters>7646.041015625</DistanceMeters>
            <HeartRateBpm>
              <Value>155</Value>
            </HeartRateBpm>
            <Extensions>
              <ns3:TPX>
                <ns3:Speed>3.212069272994995</ns3:Speed>
                <ns3:RunCadence>88</ns3:RunCadence>
              </ns3:TPX>
            </Extensions>
          </Trackpoint>
          <Trackpoint>
            <Time>2026-08-03T11:07:44.000Z</Time>
            <Position>
              <LatitudeDegrees>29.813299417792393</LatitudeDegrees>
              <LongitudeDegrees>106.42638590477702</LongitudeDegrees>
            </Position>
            <AltitudeMeters>207.54888916015625</AltitudeMeters>
            <DistanceMeters>7662.08349609375</DistanceMeters>
            <HeartRateBpm>
              <Value>156</Value>
            </HeartRateBpm>
            <Extensions>
              <ns3:TPX>
                <ns3:Speed>3.204929828643799</ns3:Speed>
                <ns3:RunCadence>88</ns3:RunCadence>
              </ns3:TPX>
            </Extensions>
          </Trackpoint>
          <Trackpoint>
            <Time>2026-08-03T11:07:48.000Z</Time>
            <Position>
              <LatitudeDegrees>29.813355241964675</LatitudeDegrees>
              <LongitudeDegrees>106.42627006573625</LongitudeDegrees>
            </Position>
            <AltitudeMeters>207.8111114501953</AltitudeMeters>
            <DistanceMeters>7674.892578125</DistanceMeters>
            <HeartRateBpm>
              <Value>156</Value>
            </HeartRateBpm>
            <Extensions>
              <ns3:TPX>
                <ns3:Speed>3.1995556354522705</ns3:Speed>
                <ns3:RunCadence>89</ns3:RunCadence>
              </ns3:TPX>
            </Extensions>
          </Trackpoint>
          <Trackpoint>
            <Time>2026-08-03T11:07:53.000Z</Time>
            <Position>
              <LatitudeDegrees>29.813397762204357</LatitudeDegrees>
              <LongitudeDegrees>106.42611211016259</LongitudeDegrees>
            </Position>
            <AltitudeMeters>208.15252685546875</AltitudeMeters>
            <DistanceMeters>7690.875</DistanceMeters>
            <HeartRateBpm>
              <Value>155</Value>
            </HeartRateBpm>
            <Extensions>
              <ns3:TPX>
                <ns3:Speed>3.1933891773223877</ns3:Speed>
                <ns3:RunCadence>88</ns3:RunCadence>
              </ns3:TPX>
            </Extensions>
          </Trackpoint>
          <Trackpoint>
            <Time>2026-08-03T11:07:57.000Z</Time>
            <Position>
              <LatitudeDegrees>29.813413838729694</LatitudeDegrees>
              <LongitudeDegrees>106.4259812126102</LongitudeDegrees>
            </Position>
            <AltitudeMeters>208.4318389892578</AltitudeMeters>
            <DistanceMeters>7703.6396484375</DistanceMeters>
            <HeartRateBpm>
              <Value>155</Value>
            </HeartRateBpm>
            <Extensions>
              <ns3:TPX>
                <ns3:Speed>3.188988447189331</ns3:Speed>
                <ns3:RunCadence>89</ns3:RunCadence>
              </ns3:TPX>
            </Extensions>
          </Trackpoint>
          <Trackpoint>
            <Time>2026-08-03T11:08:02.000Z</Time>
            <Position>
              <LatitudeDegrees>29.81341366913341</LatitudeDegrees>
              <LongitudeDegrees>106.42581624217195</LongitudeDegrees>
            </Position>
            <AltitudeMeters>208.78240966796875</AltitudeMeters>
            <DistanceMeters>7719.57275390625</DistanceMeters>
            <HeartRateBpm>
              <Value>156</Value>
            </HeartRateBpm>
            <Extensions>
              <ns3:TPX>
                <ns3:Speed>3.1842641830444336</ns3:Speed>
                <ns3:RunCadence>89</ns3:RunCadence>
              </ns3:TPX>
            </Extensions>
          </Trackpoint>
          <Trackpoint>
            <Time>2026-08-03T11:08:06.000Z</Time>
            <Position>
              <LatitudeDegrees>29.81339737575783</LatitudeDegrees>
              <LongitudeDegrees>106.42568573369006</LongitudeDegrees>
            </Position>
            <AltitudeMeters>209.05953979492188</AltitudeMeters>
            <DistanceMeters>7732.3037109375</DistanceMeters>
            <HeartRateBpm>
              <Value>155</Value>
            </HeartRateBpm>
            <Extensions>
              <ns3:TPX>
                <ns3:Speed>3.1811795234680176</ns3:Speed>
                <ns3:RunCadence>88</ns3:RunCadence>
              </ns3:TPX>
            </Extensions>
          </Trackpoint>
          <Trackpoint>
            <Time>2026-08-03T11:08:11.000Z</Time>
            <Position>
              <LatitudeDegrees>29.813354769140798</LatitudeDegrees>
              <LongitudeDegrees>106.42552871679825</LongitudeDegrees>
            </Position>
            <AltitudeMeters>209.3961944580078</AltitudeMeters>
            <DistanceMeters>7748.20263671875</DistanceMeters>
            <HeartRateBpm>
              <Value>156</Value>
            </HeartRateBpm>
            <Extensions>
              <ns3:TPX>
                <ns3:Speed>3.1782755851745605</ns3:Speed>
                <ns3:RunCadence>88</ns3:RunCadence>
              </ns3:TPX>
            </Extensions>
          </Trackpoint>
          <Trackpoint>
            <Time>2026-08-03T11:08:15.000Z</Time>
            <Position>
              <LatitudeDegrees>29.813299266660692</LatitudeDegrees>
              <LongitudeDegrees>106.42541384019242</LongitudeDegrees>
            </Position>
            <AltitudeMeters>209.6540069580078</AltitudeMeters>
            <DistanceMeters>7760.91259765625</DistanceMeters>
            <HeartRateBpm>
              <Value>156</Value>
            </HeartRateBpm>
            <Extensions>
              <ns3:TPX>
                <ns3:Speed>3.1767635345458984</ns3:Speed>
                <ns3:RunCadence>88</ns3:RunCadence>
              </ns3:TPX>
            </Extensions>
          </Trackpoint>
          <Trackpoint>
            <Time>2026-08-03T11:08:20.000Z</Time>
            <Position>
              <LatitudeDegrees>29.813195004944188</LatitudeDegrees>
              <LongitudeDegrees>106.42530337219053</LongitudeDegrees>
            </Position>
            <AltitudeMeters>209.95761108398438</AltitudeMeters>
            <DistanceMeters>7776.79443359375</DistanceMeters>
            <HeartRateBpm>
              <Value>156</Value>
            </HeartRateBpm>
            <Extensions>
              <ns3:TPX>
                <ns3:Speed>3.175936460494995</ns3:Speed>
                <ns3:RunCadence>88</ns3:RunCadence>
              </ns3:TPX>
            </Extensions>
          </Trackpoint>
          <Trackpoint>
            <Time>2026-08-03T11:08:24.000Z</Time>
            <Position>
              <LatitudeDegrees>29.81308504992478</LatitudeDegrees>
              <LongitudeDegrees>106.425275188495</LongitudeDegrees>
            </Position>
            <AltitudeMeters>210.1830291748047</AltitudeMeters>
            <DistanceMeters>7789.49853515625</DistanceMeters>
            <HeartRateBpm>
              <Value>156</Value>
            </HeartRateBpm>
            <Extensions>
              <ns3:TPX>
                <ns3:Speed>3.176146984100342</ns3:Speed>
                <ns3:RunCadence>88</ns3:RunCadence>
              </ns3:TPX>
            </Extensions>
          </Trackpoint>
          <Trackpoint>
            <Time>2026-08-03T11:08:29.000Z</Time>
            <Position>
              <LatitudeDegrees>29.812957062774757</LatitudeDegrees>
              <LongitudeDegrees>106.42534183764117</LongitudeDegrees>
            </Position>
            <AltitudeMeters>210.44052124023438</AltitudeMeters>
            <DistanceMeters>7805.38232421875</DistanceMeters>
            <HeartRateBpm>
              <Value>155</Value>
            </HeartRateBpm>
            <Extensions>
              <ns3:TPX>
                <ns3:Speed>3.1775102615356445</ns3:Speed>
                <ns3:RunCadence>89</ns3:RunCadence>
              </ns3:TPX>
            </Extensions>
          </Trackpoint>
          <Trackpoint>
            <Time>2026-08-03T11:08:33.000Z</Time>
            <Position>
              <LatitudeDegrees>29.812884101537655</LatitudeDegrees>
              <LongitudeDegrees>106.42544266202216</LongitudeDegrees>
            </Position>
            <AltitudeMeters>210.6259765625</AltitudeMeters>
            <DistanceMeters>7818.0966796875</DistanceMeters>
            <HeartRateBpm>
              <Value>156</Value>
            </HeartRateBpm>
            <Extensions>
              <ns3:TPX>
                <ns3:Speed>3.1794726848602295</ns3:Speed>
                <ns3:RunCadence>88</ns3:RunCadence>
              </ns3:TPX>
            </Extensions>
          </Trackpoint>
          <Trackpoint>
            <Time>2026-08-03T11:08:38.000Z</Time>
            <Position>
              <LatitudeDegrees>29.812824457234644</LatitudeDegrees>
              <LongitudeDegrees>106.42559206670131</LongitudeDegrees>
            </Position>
            <AltitudeMeters>210.83168029785156</AltitudeMeters>
            <DistanceMeters>7834.00244140625</DistanceMeters>
            <HeartRateBpm>
              <Value>156</Value>
            </HeartRateBpm>
            <Extensions>
              <ns3:TPX>
                <ns3:Speed>3.182985305786133</ns3:Speed>
                <ns3:RunCadence>89</ns3:RunCadence>
              </ns3:TPX>
            </Extensions>
          </Trackpoint>
          <Trackpoint>
            <Time>2026-08-03T11:08:42.000Z</Time>
            <Position>
              <LatitudeDegrees>29.812796859079373</LatitudeDegrees>
              <LongitudeDegrees>106.42572009257145</LongitudeDegrees>
            </Position>
            <AltitudeMeters>210.97576904296875</AltitudeMeters>
            <DistanceMeters>7846.74169921875</DistanceMeters>
            <HeartRateBpm>
              <Value>156</Value>
            </HeartRateBpm>
            <Extensions>
              <ns3:TPX>
                <ns3:Speed>3.186605453491211</ns3:Speed>
                <ns3:RunCadence>88</ns3:RunCadence>
              </ns3:TPX>
            </Extensions>
          </Trackpoint>
          <Trackpoint>
            <Time>2026-08-03T11:08:47.000Z</Time>
            <Position>
              <LatitudeDegrees>29.81278357819477</LatitudeDegrees>
              <LongitudeDegrees>106.42588448257757</LongitudeDegrees>
            </Position>
            <AltitudeMeters>211.13186645507812</AltitudeMeters>
            <DistanceMeters>7862.6884765625</DistanceMeters>
            <HeartRateBpm>
              <Value>156</Value>
            </HeartRateBpm>
            <Extensions>
              <ns3:TPX>
                <ns3:Speed>3.1920740604400635</ns3:Speed>
                <ns3:RunCadence>89</ns3:RunCadence>
              </ns3:TPX>
            </Extensions>
          </Trackpoint>
          <Trackpoint>
            <Time>2026-08-03T11:08:51.000Z</Time>
            <Position>
              <LatitudeDegrees>29.812789036378827</LatitudeDegrees>
              <LongitudeDegrees>106.4260166853058</LongitudeDegrees>
            </Position>
            <AltitudeMeters>211.2393798828125</AltitudeMeters>
            <DistanceMeters>7875.466796875</DistanceMeters>
            <HeartRateBpm>
              <Value>156</Value>
            </HeartRateBpm>
            <Extensions>
              <ns3:TPX>
                <ns3:Speed>3.197139024734497</ns3:Speed>
                <ns3:RunCadence>88</ns3:RunCadence>
              </ns3:TPX>
            </Extensions>
          </Trackpoint>
          <Trackpoint>
            <Time>2026-08-03T11:08:56.000Z</Time>
            <Position>
              <LatitudeDegrees>29.812816731876453</LatitudeDegrees>
              <LongitudeDegrees>106.42617924190824</LongitudeDegrees>
            </Position>
            <AltitudeMeters>211.35545349121094</AltitudeMeters>
            <DistanceMeters>7891.47021484375</DistanceMeters>
            <HeartRateBpm>
              <Value>157</Value>
            </HeartRateBpm>
            <Extensions>
              <ns3:TPX>
                <ns3:Speed>3.204230308532715</ns3:Speed>
                <ns3:RunCadence>89</ns3:RunCadence>
              </ns3:TPX>
            </Extensions>
          </Trackpoint>
          <Trackpoint>
            <Time>2026-08-03T11:09:00.000Z</Time>
            <Position>
              <LatitudeDegrees>29.81285804739038</LatitudeDegrees>
              <LongitudeDegrees>106.42630320847903</LongitudeDegrees>
            </Position>
            <AltitudeMeters>211.4366912841797</AltitudeMeters>
            <DistanceMeters>7904.2998046875</DistanceMeters>
            <HeartRateBpm>
              <Value>157</Value>
            </HeartRateBpm>
            <Extensions>
              <ns3:TPX>
                <ns3:Speed>3.2104241847991943</ns3:Speed>
                <ns3:RunCadence>88</ns3:RunCadence>
              </ns3:TPX>
            </Extensions>
          </Trackpoint>
          <Trackpoint>
            <Time>2026-08-03T11:09:05.000Z</Time>
            <Position>
              <LatitudeDegrees>29.81293990376018</LatitudeDegrees>
              <LongitudeDegrees>106.42643961430565</LongitudeDegrees>
            </Position>
            <AltitudeMeters>211.52835083007812</AltitudeMeters>
            <DistanceMeters>7920.37255859375</DistanceMeters>
            <HeartRateBpm>
              <Value>156</Value>
            </HeartRateBpm>
            <Extensions>
              <ns3:TPX>
                <ns3:Speed>3.218688488006592</ns3:Speed>
                <ns3:RunCadence>89</ns3:RunCadence>
              </ns3:TPX>
            </Extensions>
          </Trackpoint>
          <Trackpoint>
            <Time>2026-08-03T11:09:09.000Z</Time>
            <Position>
              <LatitudeDegrees>29.81303586292914</LatitudeDegrees>
              <LongitudeDegrees>106.42651253458506</LongitudeDegrees>
            </Position>
            <AltitudeMeters>211.59756469726562</AltitudeMeters>
            <DistanceMeters>7933.26123046875</DistanceMeters>
            <HeartRateBpm>
              <Value>156</Value>
            </HeartRateBpm>
            <Extensions>
              <ns3:TPX>
                <ns3:Speed>3.225614547729492</ns3:Speed>
                <ns3:RunCadence>89</ns3:RunCadence>
              </ns3:TPX>
            </Extensions>
          </Trackpoint>
          <Trackpoint>
            <Time>2026-08-03T11:09:14.000Z</Time>
            <Position>
              <LatitudeDegrees>29.813177476664123</LatitudeDegrees>
              <LongitudeDegrees>106.42650639021305</LongitudeDegrees>
            </Position>
            <AltitudeMeters>211.6842041015625</AltitudeMeters>
            <DistanceMeters>7949.41162109375</DistanceMeters>
            <HeartRateBpm>
              <Value>156</Value>
            </HeartRateBpm>
            <Extensions>
              <ns3:TPX>
                <ns3:Speed>3.2345197200775146</ns3:Speed>
                <ns3:RunCadence>89</ns3:RunCadence>
              </ns3:TPX>
            </Extensions>
          </Trackpoint>
          <Trackpoint>
            <Time>2026-08-03T11:09:18.000Z</Time>
            <Position>
              <LatitudeDegrees>29.813270400822066</LatitudeDegrees>
              <LongitudeDegrees>106.42642713795888</LongitudeDegrees>
            </Position>
            <AltitudeMeters>211.757568359375</AltitudeMeters>
            <DistanceMeters>7962.36376953125</DistanceMeters>
            <HeartRateBpm>
              <Value>156</Value>
            </HeartRateBpm>
            <Extensions>
              <ns3:TPX>
                <ns3:Speed>3.241729974746704</ns3:Speed>
                <ns3:RunCadence>88</ns3:RunCadence>
              </ns3:TPX>
            </Extensions>
          </Trackpoint>
          <Trackpoint>
            <Time>2026-08-03T11:09:23.000Z</Time>
            <Position>
              <LatitudeDegrees>29.813348985155443</LatitudeDegrees>
              <LongitudeDegrees>106.42628617627904</LongitudeDegrees>
            </Position>
            <AltitudeMeters>211.8594512939453</AltitudeMeters>
            <DistanceMeters>7978.59521484375</DistanceMeters>
            <HeartRateBpm>
              <Value>155</Value>
            </HeartRateBpm>
            <Extensions>
              <ns3:TPX>
                <ns3:Speed>3.250699043273926</ns3:Speed>
                <ns3:RunCadence>88</ns3:RunCadence>
              </ns3:TPX>
            </Extensions>
          </Trackpoint>
          <Trackpoint>
            <Time>2026-08-03T11:09:27.000Z</Time>
            <Position>
              <LatitudeDegrees>29.813388108263734</LatitudeDegrees>
              <LongitudeDegrees>106.4261591925918</LongitudeDegrees>
            </Position>
            <AltitudeMeters>211.95257568359375</AltitudeMeters>
            <DistanceMeters>7991.61181640625</DistanceMeters>
            <HeartRateBpm>
              <Value>156</Value>
            </HeartRateBpm>
            <Extensions>
              <ns3:TPX>
                <ns3:Speed>3.2577271461486816</ns3:Speed>
                <ns3:RunCadence>88</ns3:RunCadence>
              </ns3:TPX>
            </Extensions>
          </Trackpoint>
          <Trackpoint>
            <Time>2026-08-03T11:09:32.000Z</Time>
            <Position>
              <LatitudeDegrees>29.813413065114403</LatitudeDegrees>
              <LongitudeDegrees>106.42599282264909</LongitudeDegrees>
            </Position>
            <AltitudeMeters>212.0875701904297</AltitudeMeters>
            <DistanceMeters>8007.92138671875</DistanceMeters>
            <HeartRateBpm>
              <Value>157</Value>
            </HeartRateBpm>
            <Extensions>
              <ns3:TPX>
                <ns3:Speed>3.266181468963623</ns3:Speed>
                <ns3:RunCadence>90</ns3:RunCadence>
              </ns3:TPX>
            </Extensions>
          </Trackpoint>
        </Track>
        <Extensions>
          <ns3:LX>
            <ns3:AvgSpeed>3.2396042346954346</ns3:AvgSpeed>
            <ns3:AvgRunCadence>89</ns3:AvgRunCadence>
            <ns3:MaxRunCadence>90</ns3:MaxRunCadence>
          </ns3:LX>
        </Extensions>
      </Lap>
      <Lap StartTime="2026-08-03T11:09:30.000Z">
        <TotalTimeSeconds>313.481</TotalTimeSeconds>
        <DistanceMeters>1000.0</DistanceMeters>
        <MaximumSpeed>3.304365634918213</MaximumSpeed>
        <Calories>61</Calories>
        <AverageHeartRateBpm>
          <Value>161</Value>
        </AverageHeartRateBpm>
        <MaximumHeartRateBpm>
          <Value>167</Value>
        </MaximumHeartRateBpm>
        <Intensity>Active</Intensity>
        <TriggerMethod>Manual</TriggerMethod>
        <Track>
          <Trackpoint>
            <Time>2026-08-03T11:09:32.000Z</Time>
            <Position>
              <LatitudeDegrees>29.813413065114403</LatitudeDegrees>
              <LongitudeDegrees>106.42599282264909</LongitudeDegrees>
            </Position>
            <AltitudeMeters>212.0875701904297</AltitudeMeters>
            <DistanceMeters>8007.92138671875</DistanceMeters>
            <HeartRateBpm>
              <Value>157</Value>
            </HeartRateBpm>
            <Extensions>
              <ns3:TPX>
                <ns3:Speed>3.266181468963623</ns3:Speed>
                <ns3:RunCadence>90</ns3:RunCadence>
              </ns3:TPX>
            </Extensions>
          </Trackpoint>
          <Trackpoint>
            <Time>2026-08-03T11:09:36.000Z</Time>
            <Position>
              <LatitudeDegrees>29.81341580107898</LatitudeDegrees>
              <LongitudeDegrees>106.42585740687272</LongitudeDegrees>
            </Position>
            <AltitudeMeters>212.2128448486328</AltitudeMeters>
            <DistanceMeters>8020.9990234375</DistanceMeters>
            <HeartRateBpm>
              <Value>157</Value>
            </HeartRateBpm>
            <Extensions>
              <ns3:TPX>
                <ns3:Speed>3.2725765705108643</ns3:Speed>
                <ns3:RunCadence>90</ns3:RunCadence>
              </ns3:TPX>
            </Extensions>
          </Trackpoint>
          <Trackpoint>
            <Time>2026-08-03T11:09:41.000Z</Time>
            <Position>
              <LatitudeDegrees>29.813397973457107</LatitudeDegrees>
              <LongitudeDegrees>106.42568906850515</LongitudeDegrees>
            </Position>
            <AltitudeMeters>212.39328002929688</AltitudeMeters>
            <DistanceMeters>8037.38037109375</DistanceMeters>
            <HeartRateBpm>
              <Value>157</Value>
            </HeartRateBpm>
            <Extensions>
              <ns3:TPX>
                <ns3:Speed>3.2799785137176514</ns3:Speed>
                <ns3:RunCadence>88</ns3:RunCadence>
              </ns3:TPX>
            </Extensions>
          </Trackpoint>
          <Trackpoint>
            <Time>2026-08-03T11:09:45.000Z</Time>
            <Position>
              <LatitudeDegrees>29.813365255677812</LatitudeDegrees>
              <LongitudeDegrees>106.42555844699635</LongitudeDegrees>
            </Position>
            <AltitudeMeters>212.55755615234375</AltitudeMeters>
            <DistanceMeters>8050.51123046875</DistanceMeters>
            <HeartRateBpm>
              <Value>157</Value>
            </HeartRateBpm>
            <Extensions>
              <ns3:TPX>
                <ns3:Speed>3.2853381633758545</ns3:Speed>
                <ns3:RunCadence>90</ns3:RunCadence>
              </ns3:TPX>
            </Extensions>
          </Trackpoint>
          <Trackpoint>
            <Time>2026-08-03T11:09:50.000Z</Time>
            <Position>
              <LatitudeDegrees>29.8132958121161</LatitudeDegrees>
              <LongitudeDegrees>106.42540860175257</LongitudeDegrees>
            </Position>
            <AltitudeMeters>212.7877655029297</AltitudeMeters>
            <DistanceMeters>8066.95263671875</DistanceMeters>
            <HeartRateBpm>
              <Value>157</Value>
            </HeartRateBpm>
            <Extensions>
              <ns3:TPX>
                <ns3:Speed>3.291229724884033</ns3:Speed>
                <ns3:RunCadence>88</ns3:RunCadence>
              </ns3:TPX>
            </Extensions>
          </Trackpoint>
          <Trackpoint>
            <Time>2026-08-03T11:09:54.000Z</Time>
            <Position>
              <LatitudeDegrees>29.813211066334947</LatitudeDegrees>
              <LongitudeDegrees>106.42531428496203</LongitudeDegrees>
            </Position>
            <AltitudeMeters>212.99082946777344</AltitudeMeters>
            <DistanceMeters>8080.12548828125</DistanceMeters>
            <HeartRateBpm>
              <Value>156</Value>
            </HeartRateBpm>
            <Extensions>
              <ns3:TPX>
                <ns3:Speed>3.295229434967041</ns3:Speed>
                <ns3:RunCadence>88</ns3:RunCadence>
              </ns3:TPX>
            </Extensions>
          </Trackpoint>
          <Trackpoint>
            <Time>2026-08-03T11:09:59.000Z</Time>
            <Position>
              <LatitudeDegrees>29.813069814119256</LatitudeDegrees>
              <LongitudeDegrees>106.42527738942998</LongitudeDegrees>
            </Position>
            <AltitudeMeters>213.26576232910156</AltitudeMeters>
            <DistanceMeters>8096.61181640625</DistanceMeters>
            <HeartRateBpm>
              <Value>156</Value>
            </HeartRateBpm>
            <Extensions>
              <ns3:TPX>
                <ns3:Speed>3.2992639541625977</ns3:Speed>
                <ns3:RunCadence>89</ns3:RunCadence>
              </ns3:TPX>
            </Extensions>
          </Trackpoint>
          <Trackpoint>
            <Time>2026-08-03T11:10:03.000Z</Time>
            <Position>
              <LatitudeDegrees>29.812963845357825</LatitudeDegrees>
              <LongitudeDegrees>106.42533544575613</LongitudeDegrees>
            </Position>
            <AltitudeMeters>213.4998016357422</AltitudeMeters>
            <DistanceMeters>8109.8134765625</DistanceMeters>
            <HeartRateBpm>
              <Value>156</Value>
            </HeartRateBpm>
            <Extensions>
              <ns3:TPX>
                <ns3:Speed>3.3016788959503174</ns3:Speed>
                <ns3:RunCadence>90</ns3:RunCadence>
              </ns3:TPX>
            </Extensions>
          </Trackpoint>
          <Trackpoint>
            <Time>2026-08-03T11:10:08.000Z</Time>
            <Position>
              <LatitudeDegrees>29.812871195968487</LatitudeDegrees>
              <LongitudeDegrees>106.42546787698528</LongitudeDegrees>
            </Position>
            <AltitudeMeters>213.8052215576172</AltitudeMeters>
            <DistanceMeters>8126.3271484375</DistanceMeters>
            <HeartRateBpm>
              <Value>157</Value>
            </HeartRateBpm>
            <Extensions>
              <ns3:TPX>
                <ns3:Speed>3.303645610809326</ns3:Speed>
                <ns3:RunCadence>89</ns3:RunCadence>
              </ns3:TPX>
            </Extensions>
          </Trackpoint>
          <Trackpoint>
            <Time>2026-08-03T11:10:12.000Z</Time>
            <Position>
              <LatitudeDegrees>29.812824090631487</LatitudeDegrees>
              <LongitudeDegrees>106.42559340074341</LongitudeDegrees>
            </Position>
            <AltitudeMeters>214.05560302734375</AltitudeMeters>
            <DistanceMeters>8139.54296875</DistanceMeters>
            <HeartRateBpm>
              <Value>157</Value>
            </HeartRateBpm>
            <Extensions>
              <ns3:TPX>
                <ns3:Speed>3.304365634918213</ns3:Speed>
                <ns3:RunCadence>90</ns3:RunCadence>
              </ns3:TPX>
            </Extensions>
          </Trackpoint>
          <Trackpoint>
            <Time>2026-08-03T11:10:17.000Z</Time>
            <Position>
              <LatitudeDegrees>29.81279147286436</LatitudeDegrees>
              <LongitudeDegrees>106.42576021215494</LongitudeDegrees>
            </Position>
            <AltitudeMeters>214.36981201171875</AltitudeMeters>
            <DistanceMeters>8156.064453125</DistanceMeters>
            <HeartRateBpm>
              <Value>157</Value>
            </HeartRateBpm>
            <Extensions>
              <ns3:TPX>
                <ns3:Speed>3.30420184135437</ns3:Speed>
                <ns3:RunCadence>89</ns3:RunCadence>
              </ns3:TPX>
            </Extensions>
          </Trackpoint>
          <Trackpoint>
            <Time>2026-08-03T11:10:21.000Z</Time>
            <Position>
              <LatitudeDegrees>29.812783415369676</LatitudeDegrees>
              <LongitudeDegrees>106.42589676803163</LongitudeDegrees>
            </Position>
            <AltitudeMeters>214.6170654296875</AltitudeMeters>
            <DistanceMeters>8169.279296875</DistanceMeters>
            <HeartRateBpm>
              <Value>157</Value>
            </HeartRateBpm>
            <Extensions>
              <ns3:TPX>
                <ns3:Speed>3.303236722946167</ns3:Speed>
                <ns3:RunCadence>89</ns3:RunCadence>
              </ns3:TPX>
            </Extensions>
          </Trackpoint>
          <Trackpoint>
            <Time>2026-08-03T11:10:26.000Z</Time>
            <Position>
              <LatitudeDegrees>29.8127949524171</LatitudeDegrees>
              <LongitudeDegrees>106.4260671897845</LongitudeDegrees>
            </Position>
            <AltitudeMeters>214.91397094726562</AltitudeMeters>
            <DistanceMeters>8185.7900390625</DistanceMeters>
            <HeartRateBpm>
              <Value>158</Value>
            </HeartRateBpm>
            <Extensions>
              <ns3:TPX>
                <ns3:Speed>3.3010287284851074</ns3:Speed>
                <ns3:RunCadence>89</ns3:RunCadence>
              </ns3:TPX>
            </Extensions>
          </Trackpoint>
          <Trackpoint>
            <Time>2026-08-03T11:10:30.000Z</Time>
            <Position>
              <LatitudeDegrees>29.81282232486872</LatitudeDegrees>
              <LongitudeDegrees>106.42620017377487</LongitudeDegrees>
            </Position>
            <AltitudeMeters>215.13661193847656</AltitudeMeters>
            <DistanceMeters>8198.9892578125</DistanceMeters>
            <HeartRateBpm>
              <Value>159</Value>
            </HeartRateBpm>
            <Extensions>
              <ns3:TPX>
                <ns3:Speed>3.298504114151001</ns3:Speed>
                <ns3:RunCadence>89</ns3:RunCadence>
              </ns3:TPX>
            </Extensions>
          </Trackpoint>
          <Trackpoint>
            <Time>2026-08-03T11:10:35.000Z</Time>
            <Position>
              <LatitudeDegrees>29.812883117355366</LatitudeDegrees>
              <LongitudeDegrees>106.42635549269359</LongitudeDegrees>
            </Position>
            <AltitudeMeters>215.3896484375</AltitudeMeters>
            <DistanceMeters>8215.4716796875</DistanceMeters>
            <HeartRateBpm>
              <Value>158</Value>
            </HeartRateBpm>
            <Extensions>
              <ns3:TPX>
                <ns3:Speed>3.294475555419922</ns3:Speed>
                <ns3:RunCadence>89</ns3:RunCadence>
              </ns3:TPX>
            </Extensions>
          </Trackpoint>
          <Trackpoint>
            <Time>2026-08-03T11:10:39.000Z</Time>
            <Position>
              <LatitudeDegrees>29.812958784152816</LatitudeDegrees>
              <LongitudeDegrees>106.42645978458012</LongitudeDegrees>
            </Position>
            <AltitudeMeters>215.56736755371094</AltitudeMeters>
            <DistanceMeters>8228.6416015625</DistanceMeters>
            <HeartRateBpm>
              <Value>159</Value>
            </HeartRateBpm>
            <Extensions>
              <ns3:TPX>
                <ns3:Speed>3.2906203269958496</ns3:Speed>
                <ns3:RunCadence>90</ns3:RunCadence>
              </ns3:TPX>
            </Extensions>
          </Trackpoint>
          <Trackpoint>
            <Time>2026-08-03T11:10:44.000Z</Time>
            <Position>
              <LatitudeDegrees>29.813092259156978</LatitudeDegrees>
              <LongitudeDegrees>106.42652518449279</LongitudeDegrees>
            </Position>
            <AltitudeMeters>215.7533721923828</AltitudeMeters>
            <DistanceMeters>8245.0810546875</DistanceMeters>
            <HeartRateBpm>
              <Value>159</Value>
            </HeartRateBpm>
            <Extensions>
              <ns3:TPX>
                <ns3:Speed>3.285111904144287</ns3:Speed>
                <ns3:RunCadence>88</ns3:RunCadence>
              </ns3:TPX>
            </Extensions>
          </Trackpoint>
          <Trackpoint>
            <Time>2026-08-03T11:10:48.000Z</Time>
            <Position>
              <LatitudeDegrees>29.81320456988512</LatitudeDegrees>
              <LongitudeDegrees>106.42649026033769</LongitudeDegrees>
            </Position>
            <AltitudeMeters>215.87008666992188</AltitudeMeters>
            <DistanceMeters>8258.2119140625</DistanceMeters>
            <HeartRateBpm>
              <Value>159</Value>
            </HeartRateBpm>
            <Extensions>
              <ns3:TPX>
                <ns3:Speed>3.280235767364502</ns3:Speed>
                <ns3:RunCadence>90</ns3:RunCadence>
              </ns3:TPX>
            </Extensions>
          </Trackpoint>
          <Trackpoint>
            <Time>2026-08-03T11:10:53.000Z</Time>
            <Position>
              <LatitudeDegrees>29.813308051616957</LatitudeDegrees>
              <LongitudeDegrees>106.4263713354379</LongitudeDegrees>
            </Position>
            <AltitudeMeters>215.97271728515625</AltitudeMeters>
            <DistanceMeters>8274.5966796875</DistanceMeters>
            <HeartRateBpm>
              <Value>159</Value>
            </HeartRateBpm>
            <Extensions>
              <ns3:TPX>
                <ns3:Speed>3.2736728191375732</ns3:Speed>
                <ns3:RunCadence>89</ns3:RunCadence>
              </ns3:TPX>
            </Extensions>
          </Trackpoint>
          <Trackpoint>
            <Time>2026-08-03T11:10:57.000Z</Time>
            <Position>
              <LatitudeDegrees>29.81336193922003</LatitudeDegrees>
              <LongitudeDegrees>106.42625108706393</LongitudeDegrees>
            </Position>
            <AltitudeMeters>216.01878356933594</AltitudeMeters>
            <DistanceMeters>8287.6796875</DistanceMeters>
            <HeartRateBpm>
              <Value>160</Value>
            </HeartRateBpm>
            <Extensions>
              <ns3:TPX>
                <ns3:Speed>3.2681400775909424</ns3:Speed>
                <ns3:RunCadence>89</ns3:RunCadence>
              </ns3:TPX>
            </Extensions>
          </Trackpoint>
          <Trackpoint>
            <Time>2026-08-03T11:11:02.000Z</Time>
            <Position>
              <LatitudeDegrees>29.813401843960925</LatitudeDegrees>
              <LongitudeDegrees>106.42608855829032</LongitudeDegrees>
            </Position>
            <AltitudeMeters>216.0306854248047</AltitudeMeters>
            <DistanceMeters>8304.0029296875</DistanceMeters>
            <HeartRateBpm>
              <Value>159</Value>
            </HeartRateBpm>
            <Extensions>
              <ns3:TPX>
                <ns3:Speed>3.2609968185424805</ns3:Speed>
                <ns3:RunCadence>89</ns3:RunCadence>
              </ns3:TPX>
            </Extensions>
          </Trackpoint>
          <Trackpoint>
            <Time>2026-08-03T11:11:06.000Z</Time>
            <Position>
              <LatitudeDegrees>29.813415327682012</LatitudeDegrees>
              <LongitudeDegrees>106.4259544775762</LongitudeDegrees>
            </Position>
            <AltitudeMeters>216.00418090820312</AltitudeMeters>
            <DistanceMeters>8317.03515625</DistanceMeters>
            <HeartRateBpm>
              <Value>160</Value>
            </HeartRateBpm>
            <Extensions>
              <ns3:TPX>
                <ns3:Speed>3.2551934719085693</ns3:Speed>
                <ns3:RunCadence>89</ns3:RunCadence>
              </ns3:TPX>
            </Extensions>
          </Trackpoint>
          <Trackpoint>
            <Time>2026-08-03T11:11:11.000Z</Time>
            <Position>
              <LatitudeDegrees>29.813411235922597</LatitudeDegrees>
              <LongitudeDegrees>106.42578621751836</LongitudeDegrees>
            </Position>
            <AltitudeMeters>215.92788696289062</AltitudeMeters>
            <DistanceMeters>8333.29296875</DistanceMeters>
            <HeartRateBpm>
              <Value>160</Value>
            </HeartRateBpm>
            <Extensions>
              <ns3:TPX>
                <ns3:Speed>3.2479512691497803</ns3:Speed>
                <ns3:RunCadence>89</ns3:RunCadence>
              </ns3:TPX>
            </Extensions>
          </Trackpoint>
          <Trackpoint>
            <Time>2026-08-03T11:11:15.000Z</Time>
            <Position>
              <LatitudeDegrees>29.813390989199906</LatitudeDegrees>
              <LongitudeDegrees>106.42565383046343</LongitudeDegrees>
            </Position>
            <AltitudeMeters>215.83460998535156</AltitudeMeters>
            <DistanceMeters>8346.2734375</DistanceMeters>
            <HeartRateBpm>
              <Value>161</Value>
            </HeartRateBpm>
            <Extensions>
              <ns3:TPX>
                <ns3:Speed>3.242253541946411</ns3:Speed>
                <ns3:RunCadence>88</ns3:RunCadence>
              </ns3:TPX>
            </Extensions>
          </Trackpoint>
          <Trackpoint>
            <Time>2026-08-03T11:11:20.000Z</Time>
            <Position>
              <LatitudeDegrees>29.8133417112949</LatitudeDegrees>
              <LongitudeDegrees>106.4254962332788</LongitudeDegrees>
            </Position>
            <AltitudeMeters>215.6818084716797</AltitudeMeters>
            <DistanceMeters>8362.4677734375</DistanceMeters>
            <HeartRateBpm>
              <Value>160</Value>
            </HeartRateBpm>
            <Extensions>
              <ns3:TPX>
                <ns3:Speed>3.2353603839874268</ns3:Speed>
                <ns3:RunCadence>88</ns3:RunCadence>
              </ns3:TPX>
            </Extensions>
          </Trackpoint>
          <Trackpoint>
            <Time>2026-08-03T11:11:24.000Z</Time>
            <Position>
              <LatitudeDegrees>29.813278789024398</LatitudeDegrees>
              <LongitudeDegrees>106.4253839512854</LongitudeDegrees>
            </Position>
            <AltitudeMeters>215.5343017578125</AltitudeMeters>
            <DistanceMeters>8375.3984375</DistanceMeters>
            <HeartRateBpm>
              <Value>160</Value>
            </HeartRateBpm>
            <Extensions>
              <ns3:TPX>
                <ns3:Speed>3.2301018238067627</ns3:Speed>
                <ns3:RunCadence>88</ns3:RunCadence>
              </ns3:TPX>
            </Extensions>
          </Trackpoint>
          <Trackpoint>
            <Time>2026-08-03T11:11:29.000Z</Time>
            <Position>
              <LatitudeDegrees>29.813162724091526</LatitudeDegrees>
              <LongitudeDegrees>106.42528694799822</LongitudeDegrees>
            </Position>
            <AltitudeMeters>215.32403564453125</AltitudeMeters>
            <DistanceMeters>8391.533203125</DistanceMeters>
            <HeartRateBpm>
              <Value>160</Value>
            </HeartRateBpm>
            <Extensions>
              <ns3:TPX>
                <ns3:Speed>3.2239348888397217</ns3:Speed>
                <ns3:RunCadence>89</ns3:RunCadence>
              </ns3:TPX>
            </Extensions>
          </Trackpoint>
          <Trackpoint>
            <Time>2026-08-03T11:11:33.000Z</Time>
            <Position>
              <LatitudeDegrees>29.813048727086795</LatitudeDegrees>
              <LongitudeDegrees>106.42528275470889</LongitudeDegrees>
            </Position>
            <AltitudeMeters>215.13973999023438</AltitudeMeters>
            <DistanceMeters>8404.419921875</DistanceMeters>
            <HeartRateBpm>
              <Value>161</Value>
            </HeartRateBpm>
            <Extensions>
              <ns3:TPX>
                <ns3:Speed>3.219379186630249</ns3:Speed>
                <ns3:RunCadence>89</ns3:RunCadence>
              </ns3:TPX>
            </Extensions>
          </Trackpoint>
          <Trackpoint>
            <Time>2026-08-03T11:11:38.000Z</Time>
            <Position>
              <LatitudeDegrees>29.812929396935374</LatitudeDegrees>
              <LongitudeDegrees>106.42537310690774</LongitudeDegrees>
            </Position>
            <AltitudeMeters>214.89572143554688</AltitudeMeters>
            <DistanceMeters>8420.50390625</DistanceMeters>
            <HeartRateBpm>
              <Value>161</Value>
            </HeartRateBpm>
            <Extensions>
              <ns3:TPX>
                <ns3:Speed>3.2142131328582764</ns3:Speed>
                <ns3:RunCadence>89</ns3:RunCadence>
              </ns3:TPX>
            </Extensions>
          </Trackpoint>
          <Trackpoint>
            <Time>2026-08-03T11:11:42.000Z</Time>
            <Position>
              <LatitudeDegrees>29.812864178492838</LatitudeDegrees>
              <LongitudeDegrees>106.42548260821718</LongitudeDegrees>
            </Position>
            <AltitudeMeters>214.6945343017578</AltitudeMeters>
            <DistanceMeters>8433.353515625</DistanceMeters>
            <HeartRateBpm>
              <Value>161</Value>
            </HeartRateBpm>
            <Extensions>
              <ns3:TPX>
                <ns3:Speed>3.2105319499969482</ns3:Speed>
                <ns3:RunCadence>88</ns3:RunCadence>
              </ns3:TPX>
            </Extensions>
          </Trackpoint>
          <Trackpoint>
            <Time>2026-08-03T11:11:47.000Z</Time>
            <Position>
              <LatitudeDegrees>29.812812671122447</LatitudeDegrees>
              <LongitudeDegrees>106.42563757895623</LongitudeDegrees>
            </Position>
            <AltitudeMeters>214.44203186035156</AltitudeMeters>
            <DistanceMeters>8449.396484375</DistanceMeters>
            <HeartRateBpm>
              <Value>162</Value>
            </HeartRateBpm>
            <Extensions>
              <ns3:TPX>
                <ns3:Speed>3.2065165042877197</ns3:Speed>
                <ns3:RunCadence>88</ns3:RunCadence>
              </ns3:TPX>
            </Extensions>
          </Trackpoint>
          <Trackpoint>
            <Time>2026-08-03T11:11:51.000Z</Time>
            <Position>
              <LatitudeDegrees>29.812790540837</LatitudeDegrees>
              <LongitudeDegrees>106.42576788246035</LongitudeDegrees>
            </Position>
            <AltitudeMeters>214.2438201904297</AltitudeMeters>
            <DistanceMeters>8462.216796875</DistanceMeters>
            <HeartRateBpm>
              <Value>162</Value>
            </HeartRateBpm>
            <Extensions>
              <ns3:TPX>
                <ns3:Speed>3.203775644302368</ns3:Speed>
                <ns3:RunCadence>89</ns3:RunCadence>
              </ns3:TPX>
            </Extensions>
          </Trackpoint>
          <Trackpoint>
            <Time>2026-08-03T11:11:56.000Z</Time>
            <Position>
              <LatitudeDegrees>29.812783836619882</LatitudeDegrees>
              <LongitudeDegrees>106.42593349769639</LongitudeDegrees>
            </Position>
            <AltitudeMeters>214.0064697265625</AltitudeMeters>
            <DistanceMeters>8478.228515625</DistanceMeters>
            <HeartRateBpm>
              <Value>164</Value>
            </HeartRateBpm>
            <Extensions>
              <ns3:TPX>
                <ns3:Speed>3.2009241580963135</ns3:Speed>
                <ns3:RunCadence>87</ns3:RunCadence>
              </ns3:TPX>
            </Extensions>
          </Trackpoint>
          <Trackpoint>
            <Time>2026-08-03T11:12:00.000Z</Time>
            <Position>
              <LatitudeDegrees>29.81279469739705</LatitudeDegrees>
              <LongitudeDegrees>106.42606548877312</LongitudeDegrees>
            </Position>
            <AltitudeMeters>213.82862854003906</AltitudeMeters>
            <DistanceMeters>8491.0283203125</DistanceMeters>
            <HeartRateBpm>
              <Value>164</Value>
            </HeartRateBpm>
            <Extensions>
              <ns3:TPX>
                <ns3:Speed>3.199078321456909</ns3:Speed>
                <ns3:RunCadence>89</ns3:RunCadence>
              </ns3:TPX>
            </Extensions>
          </Trackpoint>
          <Trackpoint>
            <Time>2026-08-03T11:12:05.000Z</Time>
            <Position>
              <LatitudeDegrees>29.81282987384215</LatitudeDegrees>
              <LongitudeDegrees>106.42622595121706</LongitudeDegrees>
            </Position>
            <AltitudeMeters>213.6256103515625</AltitudeMeters>
            <DistanceMeters>8507.01953125</DistanceMeters>
            <HeartRateBpm>
              <Value>163</Value>
            </HeartRateBpm>
            <Extensions>
              <ns3:TPX>
                <ns3:Speed>3.1972665786743164</ns3:Speed>
                <ns3:RunCadence>88</ns3:RunCadence>
              </ns3:TPX>
            </Extensions>
          </Trackpoint>
          <Trackpoint>
            <Time>2026-08-03T11:12:09.000Z</Time>
            <Position>
              <LatitudeDegrees>29.812878076577206</LatitudeDegrees>
              <LongitudeDegrees>106.42634604152927</LongitudeDegrees>
            </Position>
            <AltitudeMeters>213.4810333251953</AltitudeMeters>
            <DistanceMeters>8519.806640625</DistanceMeters>
            <HeartRateBpm>
              <Value>164</Value>
            </HeartRateBpm>
            <Extensions>
              <ns3:TPX>
                <ns3:Speed>3.196164608001709</ns3:Speed>
                <ns3:RunCadence>87</ns3:RunCadence>
              </ns3:TPX>
            </Extensions>
          </Trackpoint>
          <Trackpoint>
            <Time>2026-08-03T11:12:14.000Z</Time>
            <Position>
              <LatitudeDegrees>29.812970882479142</LatitudeDegrees>
              <LongitudeDegrees>106.42647118600495</LongitudeDegrees>
            </Position>
            <AltitudeMeters>213.32489013671875</AltitudeMeters>
            <DistanceMeters>8535.7841796875</DistanceMeters>
            <HeartRateBpm>
              <Value>164</Value>
            </HeartRateBpm>
            <Extensions>
              <ns3:TPX>
                <ns3:Speed>3.1951422691345215</ns3:Speed>
                <ns3:RunCadence>89</ns3:RunCadence>
              </ns3:TPX>
            </Extensions>
          </Trackpoint>
          <Trackpoint>
            <Time>2026-08-03T11:12:18.000Z</Time>
            <Position>
              <LatitudeDegrees>29.81307505691652</LatitudeDegrees>
              <LongitudeDegrees>106.42652342580902</LongitudeDegrees>
            </Position>
            <AltitudeMeters>213.2205047607422</AltitudeMeters>
            <DistanceMeters>8548.564453125</DistanceMeters>
            <HeartRateBpm>
              <Value>165</Value>
            </HeartRateBpm>
            <Extensions>
              <ns3:TPX>
                <ns3:Speed>3.194539785385132</ns3:Speed>
                <ns3:RunCadence>88</ns3:RunCadence>
              </ns3:TPX>
            </Extensions>
          </Trackpoint>
          <Trackpoint>
            <Time>2026-08-03T11:12:23.000Z</Time>
            <Position>
              <LatitudeDegrees>29.81321162947792</LatitudeDegrees>
              <LongitudeDegrees>106.4264853210299</LongitudeDegrees>
            </Position>
            <AltitudeMeters>213.11582946777344</AltitudeMeters>
            <DistanceMeters>8564.53515625</DistanceMeters>
            <HeartRateBpm>
              <Value>166</Value>
            </HeartRateBpm>
            <Extensions>
              <ns3:TPX>
                <ns3:Speed>3.193953275680542</ns3:Speed>
                <ns3:RunCadence>87</ns3:RunCadence>
              </ns3:TPX>
            </Extensions>
          </Trackpoint>
          <Trackpoint>
            <Time>2026-08-03T11:12:27.000Z</Time>
            <Position>
              <LatitudeDegrees>29.813294044953523</LatitudeDegrees>
              <LongitudeDegrees>106.42639407738312</LongitudeDegrees>
            </Position>
            <AltitudeMeters>213.05197143554688</AltitudeMeters>
            <DistanceMeters>8577.310546875</DistanceMeters>
            <HeartRateBpm>
              <Value>166</Value>
            </HeartRateBpm>
            <Extensions>
              <ns3:TPX>
                <ns3:Speed>3.1935343742370605</ns3:Speed>
                <ns3:RunCadence>88</ns3:RunCadence>
              </ns3:TPX>
            </Extensions>
          </Trackpoint>
          <Trackpoint>
            <Time>2026-08-03T11:12:32.000Z</Time>
            <Position>
              <LatitudeDegrees>29.813362578809873</LatitudeDegrees>
              <LongitudeDegrees>106.4262492483889</LongitudeDegrees>
            </Position>
            <AltitudeMeters>212.99505615234375</AltitudeMeters>
            <DistanceMeters>8593.2763671875</DistanceMeters>
            <HeartRateBpm>
              <Value>167</Value>
            </HeartRateBpm>
            <Extensions>
              <ns3:TPX>
                <ns3:Speed>3.1929566860198975</ns3:Speed>
                <ns3:RunCadence>89</ns3:RunCadence>
              </ns3:TPX>
            </Extensions>
          </Trackpoint>
          <Trackpoint>
            <Time>2026-08-03T11:12:36.000Z</Time>
            <Position>
              <LatitudeDegrees>29.813395863270294</LatitudeDegrees>
              <LongitudeDegrees>106.4261227051126</LongitudeDegrees>
            </Position>
            <AltitudeMeters>212.96566772460938</AltitudeMeters>
            <DistanceMeters>8606.046875</DistanceMeters>
            <HeartRateBpm>
              <Value>167</Value>
            </HeartRateBpm>
            <Extensions>
              <ns3:TPX>
                <ns3:Speed>3.19236159324646</ns3:Speed>
                <ns3:RunCadence>89</ns3:RunCadence>
              </ns3:TPX>
            </Extensions>
          </Trackpoint>
          <Trackpoint>
            <Time>2026-08-03T11:12:41.000Z</Time>
            <Position>
              <LatitudeDegrees>29.81341514858437</LatitudeDegrees>
              <LongitudeDegrees>106.42595897375374</LongitudeDegrees>
            </Position>
            <AltitudeMeters>212.9453887939453</AltitudeMeters>
            <DistanceMeters>8622.005859375</DistanceMeters>
            <HeartRateBpm>
              <Value>166</Value>
            </HeartRateBpm>
            <Extensions>
              <ns3:TPX>
                <ns3:Speed>3.1913301944732666</ns3:Speed>
                <ns3:RunCadence>88</ns3:RunCadence>
              </ns3:TPX>
            </Extensions>
          </Trackpoint>
          <Trackpoint>
            <Time>2026-08-03T11:12:45.000Z</Time>
            <Position>
              <LatitudeDegrees>29.813414371113087</LatitudeDegrees>
              <LongitudeDegrees>106.42582677713864</LongitudeDegrees>
            </Position>
            <AltitudeMeters>212.93905639648438</AltitudeMeters>
            <DistanceMeters>8634.76953125</DistanceMeters>
            <HeartRateBpm>
              <Value>165</Value>
            </HeartRateBpm>
            <Extensions>
              <ns3:TPX>
                <ns3:Speed>3.1901865005493164</ns3:Speed>
                <ns3:RunCadence>88</ns3:RunCadence>
              </ns3:TPX>
            </Extensions>
          </Trackpoint>
          <Trackpoint>
            <Time>2026-08-03T11:12:50.000Z</Time>
            <Position>
              <LatitudeDegrees>29.81339302409925</LatitudeDegrees>
              <LongitudeDegrees>106.42566353682241</LongitudeDegrees>
            </Position>
            <AltitudeMeters>212.93865966796875</AltitudeMeters>
            <DistanceMeters>8650.7158203125</DistanceMeters>
            <HeartRateBpm>
              <Value>165</Value>
            </HeartRateBpm>
            <Extensions>
              <ns3:TPX>
                <ns3:Speed>3.188244342803955</ns3:Speed>
                <ns3:RunCadence>89</ns3:RunCadence>
              </ns3:TPX>
            </Extensions>
          </Trackpoint>
          <Trackpoint>
            <Time>2026-08-03T11:12:54.000Z</Time>
            <Position>
              <LatitudeDegrees>29.813358085332858</LatitudeDegrees>
              <LongitudeDegrees>106.42553783388877</LongitudeDegrees>
            </Position>
            <AltitudeMeters>212.94053649902344</AltitudeMeters>
            <DistanceMeters>8663.4638671875</DistanceMeters>
            <HeartRateBpm>
              <Value>165</Value>
            </HeartRateBpm>
            <Extensions>
              <ns3:TPX>
                <ns3:Speed>3.1862008571624756</ns3:Speed>
                <ns3:RunCadence>88</ns3:RunCadence>
              </ns3:TPX>
            </Extensions>
          </Trackpoint>
          <Trackpoint>
            <Time>2026-08-03T11:12:59.000Z</Time>
            <Position>
              <LatitudeDegrees>29.81328697322446</LatitudeDegrees>
              <LongitudeDegrees>106.42539520140647</LongitudeDegrees>
            </Position>
            <AltitudeMeters>212.94039916992188</AltitudeMeters>
            <DistanceMeters>8679.38671875</DistanceMeters>
            <HeartRateBpm>
              <Value>165</Value>
            </HeartRateBpm>
            <Extensions>
              <ns3:TPX>
                <ns3:Speed>3.182936429977417</ns3:Speed>
                <ns3:RunCadence>89</ns3:RunCadence>
              </ns3:TPX>
            </Extensions>
          </Trackpoint>
          <Trackpoint>
            <Time>2026-08-03T11:13:03.000Z</Time>
            <Position>
              <LatitudeDegrees>29.813202023028897</LatitudeDegrees>
              <LongitudeDegrees>106.42530795773139</LongitudeDegrees>
            </Position>
            <AltitudeMeters>212.9345245361328</AltitudeMeters>
            <DistanceMeters>8692.1123046875</DistanceMeters>
            <HeartRateBpm>
              <Value>165</Value>
            </HeartRateBpm>
            <Extensions>
              <ns3:TPX>
                <ns3:Speed>3.1796934604644775</ns3:Speed>
                <ns3:RunCadence>87</ns3:RunCadence>
              </ns3:TPX>
            </Extensions>
          </Trackpoint>
          <Trackpoint>
            <Time>2026-08-03T11:13:08.000Z</Time>
            <Position>
              <LatitudeDegrees>29.813064712780065</LatitudeDegrees>
              <LongitudeDegrees>106.42527841185479</LongitudeDegrees>
            </Position>
            <AltitudeMeters>212.9152374267578</AltitudeMeters>
            <DistanceMeters>8707.9990234375</DistanceMeters>
            <HeartRateBpm>
              <Value>166</Value>
            </HeartRateBpm>
            <Extensions>
              <ns3:TPX>
                <ns3:Speed>3.174779176712036</ns3:Speed>
                <ns3:RunCadence>89</ns3:RunCadence>
              </ns3:TPX>
            </Extensions>
          </Trackpoint>
          <Trackpoint>
            <Time>2026-08-03T11:13:12.000Z</Time>
            <Position>
              <LatitudeDegrees>29.81296339832199</LatitudeDegrees>
              <LongitudeDegrees>106.42533586704131</LongitudeDegrees>
            </Position>
            <AltitudeMeters>212.88714599609375</AltitudeMeters>
            <DistanceMeters>8720.6884765625</DistanceMeters>
            <HeartRateBpm>
              <Value>166</Value>
            </HeartRateBpm>
            <Extensions>
              <ns3:TPX>
                <ns3:Speed>3.1701176166534424</ns3:Speed>
                <ns3:RunCadence>88</ns3:RunCadence>
              </ns3:TPX>
            </Extensions>
          </Trackpoint>
          <Trackpoint>
            <Time>2026-08-03T11:13:17.000Z</Time>
            <Position>
              <LatitudeDegrees>29.81287387659089</LatitudeDegrees>
              <LongitudeDegrees>106.42546229583934</LongitudeDegrees>
            </Position>
            <AltitudeMeters>212.83267211914062</AltitudeMeters>
            <DistanceMeters>8736.5224609375</DistanceMeters>
            <HeartRateBpm>
              <Value>166</Value>
            </HeartRateBpm>
            <Extensions>
              <ns3:TPX>
                <ns3:Speed>3.1633400917053223</ns3:Speed>
                <ns3:RunCadence>89</ns3:RunCadence>
              </ns3:TPX>
            </Extensions>
          </Trackpoint>
          <Trackpoint>
            <Time>2026-08-03T11:13:21.000Z</Time>
            <Position>
              <LatitudeDegrees>29.812827499128545</LatitudeDegrees>
              <LongitudeDegrees>106.42558170527185</LongitudeDegrees>
            </Position>
            <AltitudeMeters>212.7716522216797</AltitudeMeters>
            <DistanceMeters>8749.1630859375</DistanceMeters>
            <HeartRateBpm>
              <Value>166</Value>
            </HeartRateBpm>
            <Extensions>
              <ns3:TPX>
                <ns3:Speed>3.1571426391601562</ns3:Speed>
                <ns3:RunCadence>88</ns3:RunCadence>
              </ns3:TPX>
            </Extensions>
          </Trackpoint>
          <Trackpoint>
            <Time>2026-08-03T11:13:26.000Z</Time>
            <Position>
              <LatitudeDegrees>29.81279390259783</LatitudeDegrees>
              <LongitudeDegrees>106.42574021617787</LongitudeDegrees>
            </Position>
            <AltitudeMeters>212.67185974121094</AltitudeMeters>
            <DistanceMeters>8764.9267578125</DistanceMeters>
            <HeartRateBpm>
              <Value>165</Value>
            </HeartRateBpm>
            <Extensions>
              <ns3:TPX>
                <ns3:Speed>3.148425579071045</ns3:Speed>
                <ns3:RunCadence>88</ns3:RunCadence>
              </ns3:TPX>
            </Extensions>
          </Trackpoint>
          <Trackpoint>
            <Time>2026-08-03T11:13:30.000Z</Time>
            <Position>
              <LatitudeDegrees>29.81278377038834</LatitudeDegrees>
              <LongitudeDegrees>106.42586998121789</LongitudeDegrees>
            </Position>
            <AltitudeMeters>212.5727081298828</AltitudeMeters>
            <DistanceMeters>8777.5048828125</DistanceMeters>
            <HeartRateBpm>
              <Value>164</Value>
            </HeartRateBpm>
            <Extensions>
              <ns3:TPX>
                <ns3:Speed>3.1406898498535156</ns3:Speed>
                <ns3:RunCadence>88</ns3:RunCadence>
              </ns3:TPX>
            </Extensions>
          </Trackpoint>
          <Trackpoint>
            <Time>2026-08-03T11:13:35.000Z</Time>
            <Position>
              <LatitudeDegrees>29.812790542070147</LatitudeDegrees>
              <LongitudeDegrees>106.42603212768809</LongitudeDegrees>
            </Position>
            <AltitudeMeters>212.42494201660156</AltitudeMeters>
            <DistanceMeters>8793.181640625</DistanceMeters>
            <HeartRateBpm>
              <Value>164</Value>
            </HeartRateBpm>
            <Extensions>
              <ns3:TPX>
                <ns3:Speed>3.13010573387146</ns3:Speed>
                <ns3:RunCadence>89</ns3:RunCadence>
              </ns3:TPX>
            </Extensions>
          </Trackpoint>
          <Trackpoint>
            <Time>2026-08-03T11:13:39.000Z</Time>
            <Position>
              <LatitudeDegrees>29.81281190577646</LatitudeDegrees>
              <LongitudeDegrees>106.4261592507505</LongitudeDegrees>
            </Position>
            <AltitudeMeters>212.2886962890625</AltitudeMeters>
            <DistanceMeters>8805.6845703125</DistanceMeters>
            <HeartRateBpm>
              <Value>165</Value>
            </HeartRateBpm>
            <Extensions>
              <ns3:TPX>
                <ns3:Speed>3.1209497451782227</ns3:Speed>
                <ns3:RunCadence>87</ns3:RunCadence>
              </ns3:TPX>
            </Extensions>
          </Trackpoint>
          <Trackpoint>
            <Time>2026-08-03T11:13:44.000Z</Time>
            <Position>
              <LatitudeDegrees>29.81286102661057</LatitudeDegrees>
              <LongitudeDegrees>106.42631010041816</LongitudeDegrees>
            </Position>
            <AltitudeMeters>212.09814453125</AltitudeMeters>
            <DistanceMeters>8821.2587890625</DistanceMeters>
            <HeartRateBpm>
              <Value>164</Value>
            </HeartRateBpm>
            <Extensions>
              <ns3:TPX>
                <ns3:Speed>3.10871958732605</ns3:Speed>
                <ns3:RunCadence>89</ns3:RunCadence>
              </ns3:TPX>
            </Extensions>
          </Trackpoint>
          <Trackpoint>
            <Time>2026-08-03T11:13:48.000Z</Time>
            <Position>
              <LatitudeDegrees>29.81292217662456</LatitudeDegrees>
              <LongitudeDegrees>106.42641735998218</LongitudeDegrees>
            </Position>
            <AltitudeMeters>211.931884765625</AltitudeMeters>
            <DistanceMeters>8833.6728515625</DistanceMeters>
            <HeartRateBpm>
              <Value>165</Value>
            </HeartRateBpm>
            <Extensions>
              <ns3:TPX>
                <ns3:Speed>3.0983762741088867</ns3:Speed>
                <ns3:RunCadence>87</ns3:RunCadence>
              </ns3:TPX>
            </Extensions>
          </Trackpoint>
          <Trackpoint>
            <Time>2026-08-03T11:13:53.000Z</Time>
            <Position>
              <LatitudeDegrees>29.813032933192442</LatitudeDegrees>
              <LongitudeDegrees>106.42651132804399</LongitudeDegrees>
            </Position>
            <AltitudeMeters>211.71070861816406</AltitudeMeters>
            <DistanceMeters>8849.130859375</DistanceMeters>
            <HeartRateBpm>
              <Value>164</Value>
            </HeartRateBpm>
            <Extensions>
              <ns3:TPX>
                <ns3:Speed>3.0848567485809326</ns3:Speed>
                <ns3:RunCadence>87</ns3:RunCadence>
              </ns3:TPX>
            </Extensions>
          </Trackpoint>
          <Trackpoint>
            <Time>2026-08-03T11:13:57.000Z</Time>
            <Position>
              <LatitudeDegrees>29.813141833482693</LatitudeDegrees>
              <LongitudeDegrees>106.42651988535843</LongitudeDegrees>
            </Position>
            <AltitudeMeters>211.52642822265625</AltitudeMeters>
            <DistanceMeters>8861.447265625</DistanceMeters>
            <HeartRateBpm>
              <Value>163</Value>
            </HeartRateBpm>
            <Extensions>
              <ns3:TPX>
                <ns3:Speed>3.073660135269165</ns3:Speed>
                <ns3:RunCadence>87</ns3:RunCadence>
              </ns3:TPX>
            </Extensions>
          </Trackpoint>
          <Trackpoint>
            <Time>2026-08-03T11:14:02.000Z</Time>
            <Position>
              <LatitudeDegrees>29.81325924230078</LatitudeDegrees>
              <LongitudeDegrees>106.42644064821846</LongitudeDegrees>
            </Position>
            <AltitudeMeters>211.29183959960938</AltitudeMeters>
            <DistanceMeters>8876.7802734375</DistanceMeters>
            <HeartRateBpm>
              <Value>161</Value>
            </HeartRateBpm>
            <Extensions>
              <ns3:TPX>
                <ns3:Speed>3.0593223571777344</ns3:Speed>
                <ns3:RunCadence>87</ns3:RunCadence>
              </ns3:TPX>
            </Extensions>
          </Trackpoint>
          <Trackpoint>
            <Time>2026-08-03T11:14:06.000Z</Time>
            <Position>
              <LatitudeDegrees>29.81332511856638</LatitudeDegrees>
              <LongitudeDegrees>106.42633979627699</LongitudeDegrees>
            </Position>
            <AltitudeMeters>211.10462951660156</AltitudeMeters>
            <DistanceMeters>8888.994140625</DistanceMeters>
            <HeartRateBpm>
              <Value>161</Value>
            </HeartRateBpm>
            <Extensions>
              <ns3:TPX>
                <ns3:Speed>3.047685146331787</ns3:Speed>
                <ns3:RunCadence>87</ns3:RunCadence>
              </ns3:TPX>
            </Extensions>
          </Trackpoint>
          <Trackpoint>
            <Time>2026-08-03T11:14:11.000Z</Time>
            <Position>
              <LatitudeDegrees>29.813379004383204</LatitudeDegrees>
              <LongitudeDegrees>106.42619533672423</LongitudeDegrees>
            </Position>
            <AltitudeMeters>210.87643432617188</AltitudeMeters>
            <DistanceMeters>8904.1962890625</DistanceMeters>
            <HeartRateBpm>
              <Value>162</Value>
            </HeartRateBpm>
            <Extensions>
              <ns3:TPX>
                <ns3:Speed>3.033080577850342</ns3:Speed>
                <ns3:RunCadence>87</ns3:RunCadence>
              </ns3:TPX>
            </Extensions>
          </Trackpoint>
          <Trackpoint>
            <Time>2026-08-03T11:14:15.000Z</Time>
            <Position>
              <LatitudeDegrees>29.813404128240844</LatitudeDegrees>
              <LongitudeDegrees>106.42607332189566</LongitudeDegrees>
            </Position>
            <AltitudeMeters>210.702392578125</AltitudeMeters>
            <DistanceMeters>8916.3056640625</DistanceMeters>
            <HeartRateBpm>
              <Value>162</Value>
            </HeartRateBpm>
            <Extensions>
              <ns3:TPX>
                <ns3:Speed>3.02146577835083</ns3:Speed>
                <ns3:RunCadence>88</ns3:RunCadence>
              </ns3:TPX>
            </Extensions>
          </Trackpoint>
          <Trackpoint>
            <Time>2026-08-03T11:14:20.000Z</Time>
            <Position>
              <LatitudeDegrees>29.81341639018752</LatitudeDegrees>
              <LongitudeDegrees>106.42591790303679</LongitudeDegrees>
            </Position>
            <AltitudeMeters>210.5003662109375</AltitudeMeters>
            <DistanceMeters>8931.376953125</DistanceMeters>
            <HeartRateBpm>
              <Value>162</Value>
            </HeartRateBpm>
            <Extensions>
              <ns3:TPX>
                <ns3:Speed>3.0071895122528076</ns3:Speed>
                <ns3:RunCadence>86</ns3:RunCadence>
              </ns3:TPX>
            </Extensions>
          </Trackpoint>
          <Trackpoint>
            <Time>2026-08-03T11:14:24.000Z</Time>
            <Position>
              <LatitudeDegrees>29.81341193221951</LatitudeDegrees>
              <LongitudeDegrees>106.425793640276</LongitudeDegrees>
            </Position>
            <AltitudeMeters>210.3545379638672</AltitudeMeters>
            <DistanceMeters>8943.3837890625</DistanceMeters>
            <HeartRateBpm>
              <Value>161</Value>
            </HeartRateBpm>
            <Extensions>
              <ns3:TPX>
                <ns3:Speed>2.996077537536621</ns3:Speed>
                <ns3:RunCadence>86</ns3:RunCadence>
              </ns3:TPX>
            </Extensions>
          </Trackpoint>
          <Trackpoint>
            <Time>2026-08-03T11:14:29.000Z</Time>
            <Position>
              <LatitudeDegrees>29.813388230063023</LatitudeDegrees>
              <LongitudeDegrees>106.42564131193751</LongitudeDegrees>
            </Position>
            <AltitudeMeters>210.1959686279297</AltitudeMeters>
            <DistanceMeters>8958.330078125</DistanceMeters>
            <HeartRateBpm>
              <Value>161</Value>
            </HeartRateBpm>
            <Extensions>
              <ns3:TPX>
                <ns3:Speed>2.98272442817688</ns3:Speed>
                <ns3:RunCadence>87</ns3:RunCadence>
              </ns3:TPX>
            </Extensions>
          </Trackpoint>
          <Trackpoint>
            <Time>2026-08-03T11:14:33.000Z</Time>
            <Position>
              <LatitudeDegrees>29.81335323532314</LatitudeDegrees>
              <LongitudeDegrees>106.42552476739945</LongitudeDegrees>
            </Position>
            <AltitudeMeters>210.0906219482422</AltitudeMeters>
            <DistanceMeters>8970.2412109375</DistanceMeters>
            <HeartRateBpm>
              <Value>160</Value>
            </HeartRateBpm>
            <Extensions>
              <ns3:TPX>
                <ns3:Speed>2.972578763961792</ns3:Speed>
                <ns3:RunCadence>86</ns3:RunCadence>
              </ns3:TPX>
            </Extensions>
          </Trackpoint>
          <Trackpoint>
            <Time>2026-08-03T11:14:38.000Z</Time>
            <Position>
              <LatitudeDegrees>29.81328539334932</LatitudeDegrees>
              <LongitudeDegrees>106.42539291938608</LongitudeDegrees>
            </Position>
            <AltitudeMeters>209.9884796142578</AltitudeMeters>
            <DistanceMeters>8985.07421875</DistanceMeters>
            <HeartRateBpm>
              <Value>159</Value>
            </HeartRateBpm>
            <Extensions>
              <ns3:TPX>
                <ns3:Speed>2.9607021808624268</ns3:Speed>
                <ns3:RunCadence>86</ns3:RunCadence>
              </ns3:TPX>
            </Extensions>
          </Trackpoint>
          <Trackpoint>
            <Time>2026-08-03T11:14:42.000Z</Time>
            <Position>
              <LatitudeDegrees>29.813206775639454</LatitudeDegrees>
              <LongitudeDegrees>106.42531128293822</LongitudeDegrees>
            </Position>
            <AltitudeMeters>209.93185424804688</AltitudeMeters>
            <DistanceMeters>8996.8994140625</DistanceMeters>
            <HeartRateBpm>
              <Value>159</Value>
            </HeartRateBpm>
            <Extensions>
              <ns3:TPX>
                <ns3:Speed>2.9519362449645996</ns3:Speed>
                <ns3:RunCadence>87</ns3:RunCadence>
              </ns3:TPX>
            </Extensions>
          </Trackpoint>
          <Trackpoint>
            <Time>2026-08-03T11:14:47.000Z</Time>
            <Position>
              <LatitudeDegrees>29.813080448840687</LatitudeDegrees>
              <LongitudeDegrees>106.4252757357632</LongitudeDegrees>
            </Position>
            <AltitudeMeters>209.89358520507812</AltitudeMeters>
            <DistanceMeters>9011.634765625</DistanceMeters>
            <HeartRateBpm>
              <Value>159</Value>
            </HeartRateBpm>
            <Extensions>
              <ns3:TPX>
                <ns3:Speed>2.942007064819336</ns3:Speed>
                <ns3:RunCadence>86</ns3:RunCadence>
              </ns3:TPX>
            </Extensions>
          </Trackpoint>
        </Track>
        <Extensions>
          <ns3:LX>
            <ns3:AvgSpeed>3.1899900436401367</ns3:AvgSpeed>
            <ns3:AvgRunCadence>88</ns3:AvgRunCadence>
            <ns3:MaxRunCadence>90</ns3:MaxRunCadence>
          </ns3:LX>
        </Extensions>
      </Lap>
      <Lap StartTime="2026-08-03T11:14:43.000Z">
        <TotalTimeSeconds>329.522</TotalTimeSeconds>
        <DistanceMeters>1000.0</DistanceMeters>
        <MaximumSpeed>3.2382524013519287</MaximumSpeed>
        <Calories>61</Calories>
        <AverageHeartRateBpm>
          <Value>157</Value>
        </AverageHeartRateBpm>
        <MaximumHeartRateBpm>
          <Value>162</Value>
        </MaximumHeartRateBpm>
        <Intensity>Active</Intensity>
        <TriggerMethod>Manual</TriggerMethod>
        <Track>
          <Trackpoint>
            <Time>2026-08-03T11:14:47.000Z</Time>
            <Position>
              <LatitudeDegrees>29.813080448840687</LatitudeDegrees>
              <LongitudeDegrees>106.4252757357632</LongitudeDegrees>
            </Position>
            <AltitudeMeters>209.89358520507812</AltitudeMeters>
            <DistanceMeters>9011.634765625</DistanceMeters>
            <HeartRateBpm>
              <Value>159</Value>
            </HeartRateBpm>
            <Extensions>
              <ns3:TPX>
                <ns3:Speed>2.942007064819336</ns3:Speed>
                <ns3:RunCadence>86</ns3:RunCadence>
              </ns3:TPX>
            </Extensions>
          </Trackpoint>
          <Trackpoint>
            <Time>2026-08-03T11:14:51.000Z</Time>
            <Position>
              <LatitudeDegrees>29.812982820046187</LatitudeDegrees>
              <LongitudeDegrees>106.42531900301184</LongitudeDegrees>
            </Position>
            <AltitudeMeters>209.88922119140625</AltitudeMeters>
            <DistanceMeters>9023.388671875</DistanceMeters>
            <HeartRateBpm>
              <Value>159</Value>
            </HeartRateBpm>
            <Extensions>
              <ns3:TPX>
                <ns3:Speed>2.934955358505249</ns3:Speed>
                <ns3:RunCadence>85</ns3:RunCadence>
              </ns3:TPX>
            </Extensions>
          </Trackpoint>
          <Trackpoint>
            <Time>2026-08-03T11:14:56.000Z</Time>
            <Position>
              <LatitudeDegrees>29.812892280103895</LatitudeDegrees>
              <LongitudeDegrees>106.42542810479237</LongitudeDegrees>
            </Position>
            <AltitudeMeters>209.91615295410156</AltitudeMeters>
            <DistanceMeters>9038.0439453125</DistanceMeters>
            <HeartRateBpm>
              <Value>158</Value>
            </HeartRateBpm>
            <Extensions>
              <ns3:TPX>
                <ns3:Speed>2.927330255508423</ns3:Speed>
                <ns3:RunCadence>87</ns3:RunCadence>
              </ns3:TPX>
            </Extensions>
          </Trackpoint>
          <Trackpoint>
            <Time>2026-08-03T11:15:00.000Z</Time>
            <Position>
              <LatitudeDegrees>29.812842913186252</LatitudeDegrees>
              <LongitudeDegrees>106.42553496337389</LongitudeDegrees>
            </Position>
            <AltitudeMeters>209.9627227783203</AltitudeMeters>
            <DistanceMeters>9049.7431640625</DistanceMeters>
            <HeartRateBpm>
              <Value>157</Value>
            </HeartRateBpm>
            <Extensions>
              <ns3:TPX>
                <ns3:Speed>2.9222240447998047</ns3:Speed>
                <ns3:RunCadence>87</ns3:RunCadence>
              </ns3:TPX>
            </Extensions>
          </Trackpoint>
          <Trackpoint>
            <Time>2026-08-03T11:15:05.000Z</Time>
            <Position>
              <LatitudeDegrees>29.812803797295565</LatitudeDegrees>
              <LongitudeDegrees>106.42567918873289</LongitudeDegrees>
            </Position>
            <AltitudeMeters>210.05029296875</AltitudeMeters>
            <DistanceMeters>9064.341796875</DistanceMeters>
            <HeartRateBpm>
              <Value>158</Value>
            </HeartRateBpm>
            <Extensions>
              <ns3:TPX>
                <ns3:Speed>2.9171199798583984</ns3:Speed>
                <ns3:RunCadence>87</ns3:RunCadence>
              </ns3:TPX>
            </Extensions>
          </Trackpoint>
          <Trackpoint>
            <Time>2026-08-03T11:15:09.000Z</Time>
            <Position>
              <LatitudeDegrees>29.81278760762367</LatitudeDegrees>
              <LongitudeDegrees>106.4257985457014</LongitudeDegrees>
            </Position>
            <AltitudeMeters>210.1418914794922</AltitudeMeters>
            <DistanceMeters>9076.00390625</DistanceMeters>
            <HeartRateBpm>
              <Value>158</Value>
            </HeartRateBpm>
            <Extensions>
              <ns3:TPX>
                <ns3:Speed>2.914072275161743</ns3:Speed>
                <ns3:RunCadence>86</ns3:RunCadence>
              </ns3:TPX>
            </Extensions>
          </Trackpoint>
          <Trackpoint>
            <Time>2026-08-03T11:15:14.000Z</Time>
            <Position>
              <LatitudeDegrees>29.81278446710547</LatitudeDegrees>
              <LongitudeDegrees>106.42594932579485</LongitudeDegrees>
            </Position>
            <AltitudeMeters>210.28013610839844</AltitudeMeters>
            <DistanceMeters>9090.5673828125</DistanceMeters>
            <HeartRateBpm>
              <Value>158</Value>
            </HeartRateBpm>
            <Extensions>
              <ns3:TPX>
                <ns3:Speed>2.911553382873535</ns3:Speed>
                <ns3:RunCadence>86</ns3:RunCadence>
              </ns3:TPX>
            </Extensions>
          </Trackpoint>
          <Trackpoint>
            <Time>2026-08-03T11:15:18.000Z</Time>
            <Position>
              <LatitudeDegrees>29.812795268387898</LatitudeDegrees>
              <LongitudeDegrees>106.42606929734399</LongitudeDegrees>
            </Position>
            <AltitudeMeters>210.4069366455078</AltitudeMeters>
            <DistanceMeters>9102.2119140625</DistanceMeters>
            <HeartRateBpm>
              <Value>158</Value>
            </HeartRateBpm>
            <Extensions>
              <ns3:TPX>
                <ns3:Speed>2.910552740097046</ns3:Speed>
                <ns3:RunCadence>87</ns3:RunCadence>
              </ns3:TPX>
            </Extensions>
          </Trackpoint>
          <Trackpoint>
            <Time>2026-08-03T11:15:23.000Z</Time>
            <Position>
              <LatitudeDegrees>29.81282664908266</LatitudeDegrees>
              <LongitudeDegrees>106.42621555403265</LongitudeDegrees>
            </Position>
            <AltitudeMeters>210.58154296875</AltitudeMeters>
            <DistanceMeters>9116.7646484375</DistanceMeters>
            <HeartRateBpm>
              <Value>158</Value>
            </HeartRateBpm>
            <Extensions>
              <ns3:TPX>
                <ns3:Speed>2.910527467727661</ns3:Speed>
                <ns3:RunCadence>86</ns3:RunCadence>
              </ns3:TPX>
            </Extensions>
          </Trackpoint>
          <Trackpoint>
            <Time>2026-08-03T11:15:27.000Z</Time>
            <Position>
              <LatitudeDegrees>29.812868310994066</LatitudeDegrees>
              <LongitudeDegrees>106.42632611640101</LongitudeDegrees>
            </Position>
            <AltitudeMeters>210.73074340820312</AltitudeMeters>
            <DistanceMeters>9128.4091796875</DistanceMeters>
            <HeartRateBpm>
              <Value>158</Value>
            </HeartRateBpm>
            <Extensions>
              <ns3:TPX>
                <ns3:Speed>2.9114413261413574</ns3:Speed>
                <ns3:RunCadence>85</ns3:RunCadence>
              </ns3:TPX>
            </Extensions>
          </Trackpoint>
          <Trackpoint>
            <Time>2026-08-03T11:15:32.000Z</Time>
            <Position>
              <LatitudeDegrees>29.812946231415662</LatitudeDegrees>
              <LongitudeDegrees>106.42644664833732</LongitudeDegrees>
            </Position>
            <AltitudeMeters>210.92440795898438</AltitudeMeters>
            <DistanceMeters>9142.9716796875</DistanceMeters>
            <HeartRateBpm>
              <Value>157</Value>
            </HeartRateBpm>
            <Extensions>
              <ns3:TPX>
                <ns3:Speed>2.913673162460327</ns3:Speed>
                <ns3:RunCadence>85</ns3:RunCadence>
              </ns3:TPX>
            </Extensions>
          </Trackpoint>
          <Trackpoint>
            <Time>2026-08-03T11:15:36.000Z</Time>
            <Position>
              <LatitudeDegrees>29.81303372669943</LatitudeDegrees>
              <LongitudeDegrees>106.42651170443757</LongitudeDegrees>
            </Position>
            <AltitudeMeters>211.0814208984375</AltitudeMeters>
            <DistanceMeters>9154.6318359375</DistanceMeters>
            <HeartRateBpm>
              <Value>158</Value>
            </HeartRateBpm>
            <Extensions>
              <ns3:TPX>
                <ns3:Speed>2.916260004043579</ns3:Speed>
                <ns3:RunCadence>86</ns3:RunCadence>
              </ns3:TPX>
            </Extensions>
          </Trackpoint>
          <Trackpoint>
            <Time>2026-08-03T11:15:41.000Z</Time>
            <Position>
              <LatitudeDegrees>29.813162323639627</LatitudeDegrees>
              <LongitudeDegrees>106.42651319864264</LongitudeDegrees>
            </Position>
            <AltitudeMeters>211.27540588378906</AltitudeMeters>
            <DistanceMeters>9169.22265625</DistanceMeters>
            <HeartRateBpm>
              <Value>159</Value>
            </HeartRateBpm>
            <Extensions>
              <ns3:TPX>
                <ns3:Speed>2.9203882217407227</ns3:Speed>
                <ns3:RunCadence>86</ns3:RunCadence>
              </ns3:TPX>
            </Extensions>
          </Trackpoint>
          <Trackpoint>
            <Time>2026-08-03T11:15:45.000Z</Time>
            <Position>
              <LatitudeDegrees>29.813250919216525</LatitudeDegrees>
              <LongitudeDegrees>106.42644970502201</LongitudeDegrees>
            </Position>
            <AltitudeMeters>211.42520141601562</AltitudeMeters>
            <DistanceMeters>9180.912109375</DistanceMeters>
            <HeartRateBpm>
              <Value>160</Value>
            </HeartRateBpm>
            <Extensions>
              <ns3:TPX>
                <ns3:Speed>2.924318313598633</ns3:Speed>
                <ns3:RunCadence>86</ns3:RunCadence>
              </ns3:TPX>
            </Extensions>
          </Trackpoint>
          <Trackpoint>
            <Time>2026-08-03T11:15:50.000Z</Time>
            <Position>
              <LatitudeDegrees>29.81333012069553</LatitudeDegrees>
              <LongitudeDegrees>106.42632938167598</LongitudeDegrees>
            </Position>
            <AltitudeMeters>211.6011199951172</AltitudeMeters>
            <DistanceMeters>9195.5478515625</DistanceMeters>
            <HeartRateBpm>
              <Value>160</Value>
            </HeartRateBpm>
            <Extensions>
              <ns3:TPX>
                <ns3:Speed>2.9298884868621826</ns3:Speed>
                <ns3:RunCadence>86</ns3:RunCadence>
              </ns3:TPX>
            </Extensions>
          </Trackpoint>
          <Trackpoint>
            <Time>2026-08-03T11:15:54.000Z</Time>
            <Position>
              <LatitudeDegrees>29.813372519522215</LatitudeDegrees>
              <LongitudeDegrees>106.42621823459486</LongitudeDegrees>
            </Position>
            <AltitudeMeters>211.7296600341797</AltitudeMeters>
            <DistanceMeters>9207.27734375</DistanceMeters>
            <HeartRateBpm>
              <Value>161</Value>
            </HeartRateBpm>
            <Extensions>
              <ns3:TPX>
                <ns3:Speed>2.9347715377807617</ns3:Speed>
                <ns3:RunCadence>85</ns3:RunCadence>
              </ns3:TPX>
            </Extensions>
          </Trackpoint>
          <Trackpoint>
            <Time>2026-08-03T11:15:59.000Z</Time>
            <Position>
              <LatitudeDegrees>29.813404521594194</LatitudeDegrees>
              <LongitudeDegrees>106.42607069818618</LongitudeDegrees>
            </Position>
            <AltitudeMeters>211.8712615966797</AltitudeMeters>
            <DistanceMeters>9221.9677734375</DistanceMeters>
            <HeartRateBpm>
              <Value>160</Value>
            </HeartRateBpm>
            <Extensions>
              <ns3:TPX>
                <ns3:Speed>2.941272497177124</ns3:Speed>
                <ns3:RunCadence>86</ns3:RunCadence>
              </ns3:TPX>
            </Extensions>
          </Trackpoint>
          <Trackpoint>
            <Time>2026-08-03T11:16:03.000Z</Time>
            <Position>
              <LatitudeDegrees>29.813415530679304</LatitudeDegrees>
              <LongitudeDegrees>106.42594938140716</LongitudeDegrees>
            </Position>
            <AltitudeMeters>211.9669189453125</AltitudeMeters>
            <DistanceMeters>9233.7431640625</DistanceMeters>
            <HeartRateBpm>
              <Value>161</Value>
            </HeartRateBpm>
            <Extensions>
              <ns3:TPX>
                <ns3:Speed>2.9466891288757324</ns3:Speed>
                <ns3:RunCadence>86</ns3:RunCadence>
              </ns3:TPX>
            </Extensions>
          </Trackpoint>
          <Trackpoint>
            <Time>2026-08-03T11:16:08.000Z</Time>
            <Position>
              <LatitudeDegrees>29.81341221705684</LatitudeDegrees>
              <LongitudeDegrees>106.42579667673706</LongitudeDegrees>
            </Position>
            <AltitudeMeters>212.0618438720703</AltitudeMeters>
            <DistanceMeters>9248.494140625</DistanceMeters>
            <HeartRateBpm>
              <Value>161</Value>
            </HeartRateBpm>
            <Extensions>
              <ns3:TPX>
                <ns3:Speed>2.953594446182251</ns3:Speed>
                <ns3:RunCadence>87</ns3:RunCadence>
              </ns3:TPX>
            </Extensions>
          </Trackpoint>
          <Trackpoint>
            <Time>2026-08-03T11:16:12.000Z</Time>
            <Position>
              <LatitudeDegrees>29.81339557253385</LatitudeDegrees>
              <LongitudeDegrees>106.42567569271658</LongitudeDegrees>
            </Position>
            <AltitudeMeters>212.11668395996094</AltitudeMeters>
            <DistanceMeters>9260.3193359375</DistanceMeters>
            <HeartRateBpm>
              <Value>160</Value>
            </HeartRateBpm>
            <Extensions>
              <ns3:TPX>
                <ns3:Speed>2.959129571914673</ns3:Speed>
                <ns3:RunCadence>88</ns3:RunCadence>
              </ns3:TPX>
            </Extensions>
          </Trackpoint>
          <Trackpoint>
            <Time>2026-08-03T11:16:17.000Z</Time>
            <Position>
              <LatitudeDegrees>29.813355124402452</LatitudeDegrees>
              <LongitudeDegrees>106.42552963155495</LongitudeDegrees>
            </Position>
            <AltitudeMeters>212.1577911376953</AltitudeMeters>
            <DistanceMeters>9275.1318359375</DistanceMeters>
            <HeartRateBpm>
              <Value>160</Value>
            </HeartRateBpm>
            <Extensions>
              <ns3:TPX>
                <ns3:Speed>2.9659390449523926</ns3:Speed>
                <ns3:RunCadence>86</ns3:RunCadence>
              </ns3:TPX>
            </Extensions>
          </Trackpoint>
          <Trackpoint>
            <Time>2026-08-03T11:16:21.000Z</Time>
            <Position>
              <LatitudeDegrees>29.813303996278904</LatitudeDegrees>
              <LongitudeDegrees>106.42542182129178</LongitudeDegrees>
            </Position>
            <AltitudeMeters>212.16851806640625</AltitudeMeters>
            <DistanceMeters>9287.0068359375</DistanceMeters>
            <HeartRateBpm>
              <Value>160</Value>
            </HeartRateBpm>
            <Extensions>
              <ns3:TPX>
                <ns3:Speed>2.971215009689331</ns3:Speed>
                <ns3:RunCadence>88</ns3:RunCadence>
              </ns3:TPX>
            </Extensions>
          </Trackpoint>
          <Trackpoint>
            <Time>2026-08-03T11:16:26.000Z</Time>
            <Position>
              <LatitudeDegrees>29.813210054765676</LatitudeDegrees>
              <LongitudeDegrees>106.42531357720847</LongitudeDegrees>
            </Position>
            <AltitudeMeters>212.15478515625</AltitudeMeters>
            <DistanceMeters>9301.8779296875</DistanceMeters>
            <HeartRateBpm>
              <Value>160</Value>
            </HeartRateBpm>
            <Extensions>
              <ns3:TPX>
                <ns3:Speed>2.977494239807129</ns3:Speed>
                <ns3:RunCadence>88</ns3:RunCadence>
              </ns3:TPX>
            </Extensions>
          </Trackpoint>
          <Trackpoint>
            <Time>2026-08-03T11:16:30.000Z</Time>
            <Position>
              <LatitudeDegrees>29.81310955171764</LatitudeDegrees>
              <LongitudeDegrees>106.42527490919737</LongitudeDegrees>
            </Position>
            <AltitudeMeters>212.1231231689453</AltitudeMeters>
            <DistanceMeters>9313.7978515625</DistanceMeters>
            <HeartRateBpm>
              <Value>160</Value>
            </HeartRateBpm>
            <Extensions>
              <ns3:TPX>
                <ns3:Speed>2.9821996688842773</ns3:Speed>
                <ns3:RunCadence>87</ns3:RunCadence>
              </ns3:TPX>
            </Extensions>
          </Trackpoint>
          <Trackpoint>
            <Time>2026-08-03T11:16:35.000Z</Time>
            <Position>
              <LatitudeDegrees>29.812983343712535</LatitudeDegrees>
              <LongitudeDegrees>106.42531857444682</LongitudeDegrees>
            </Position>
            <AltitudeMeters>212.059814453125</AltitudeMeters>
            <DistanceMeters>9328.7216796875</DistanceMeters>
            <HeartRateBpm>
              <Value>160</Value>
            </HeartRateBpm>
            <Extensions>
              <ns3:TPX>
                <ns3:Speed>2.987612009048462</ns3:Speed>
                <ns3:RunCadence>87</ns3:RunCadence>
              </ns3:TPX>
            </Extensions>
          </Trackpoint>
          <Trackpoint>
            <Time>2026-08-03T11:16:39.000Z</Time>
            <Position>
              <LatitudeDegrees>29.812906732060153</LatitudeDegrees>
              <LongitudeDegrees>106.42540474461259</LongitudeDegrees>
            </Position>
            <AltitudeMeters>211.99227905273438</AltitudeMeters>
            <DistanceMeters>9340.6806640625</DistanceMeters>
            <HeartRateBpm>
              <Value>161</Value>
            </HeartRateBpm>
            <Extensions>
              <ns3:TPX>
                <ns3:Speed>2.991525173187256</ns3:Speed>
                <ns3:RunCadence>87</ns3:RunCadence>
              </ns3:TPX>
            </Extensions>
          </Trackpoint>
          <Trackpoint>
            <Time>2026-08-03T11:16:44.000Z</Time>
            <Position>
              <LatitudeDegrees>29.812841238256848</LatitudeDegrees>
              <LongitudeDegrees>106.4255397784142</LongitudeDegrees>
            </Position>
            <AltitudeMeters>211.8902130126953</AltitudeMeters>
            <DistanceMeters>9355.6484375</DistanceMeters>
            <HeartRateBpm>
              <Value>162</Value>
            </HeartRateBpm>
            <Extensions>
              <ns3:TPX>
                <ns3:Speed>2.9958577156066895</ns3:Speed>
                <ns3:RunCadence>86</ns3:RunCadence>
              </ns3:TPX>
            </Extensions>
          </Trackpoint>
          <Trackpoint>
            <Time>2026-08-03T11:16:48.000Z</Time>
            <Position>
              <LatitudeDegrees>29.812808153225486</LatitudeDegrees>
              <LongitudeDegrees>106.42565792104757</LongitudeDegrees>
            </Position>
            <AltitudeMeters>211.79734802246094</AltitudeMeters>
            <DistanceMeters>9367.638671875</DistanceMeters>
            <HeartRateBpm>
              <Value>162</Value>
            </HeartRateBpm>
            <Extensions>
              <ns3:TPX>
                <ns3:Speed>2.9988620281219482</ns3:Speed>
                <ns3:RunCadence>86</ns3:RunCadence>
              </ns3:TPX>
            </Extensions>
          </Trackpoint>
          <Trackpoint>
            <Time>2026-08-03T11:16:53.000Z</Time>
            <Position>
              <LatitudeDegrees>29.81278666272956</LatitudeDegrees>
              <LongitudeDegrees>106.42581126173518</LongitudeDegrees>
            </Position>
            <AltitudeMeters>211.67147827148438</AltitudeMeters>
            <DistanceMeters>9382.640625</DistanceMeters>
            <HeartRateBpm>
              <Value>162</Value>
            </HeartRateBpm>
            <Extensions>
              <ns3:TPX>
                <ns3:Speed>3.0020389556884766</ns3:Speed>
                <ns3:RunCadence>87</ns3:RunCadence>
              </ns3:TPX>
            </Extensions>
          </Trackpoint>
          <Trackpoint>
            <Time>2026-08-03T11:16:57.000Z</Time>
            <Position>
              <LatitudeDegrees>29.812783922570393</LatitudeDegrees>
              <LongitudeDegrees>106.42593565545096</LongitudeDegrees>
            </Position>
            <AltitudeMeters>211.5662841796875</AltitudeMeters>
            <DistanceMeters>9394.6533203125</DistanceMeters>
            <HeartRateBpm>
              <Value>162</Value>
            </HeartRateBpm>
            <Extensions>
              <ns3:TPX>
                <ns3:Speed>3.0041301250457764</ns3:Speed>
                <ns3:RunCadence>86</ns3:RunCadence>
              </ns3:TPX>
            </Extensions>
          </Trackpoint>
          <Trackpoint>
            <Time>2026-08-03T11:17:02.000Z</Time>
            <Position>
              <LatitudeDegrees>29.81279842485871</LatitudeDegrees>
              <LongitudeDegrees>106.42609035134643</LongitudeDegrees>
            </Position>
            <AltitudeMeters>211.4336395263672</AltitudeMeters>
            <DistanceMeters>9409.6787109375</DistanceMeters>
            <HeartRateBpm>
              <Value>162</Value>
            </HeartRateBpm>
            <Extensions>
              <ns3:TPX>
                <ns3:Speed>3.0062155723571777</ns3:Speed>
                <ns3:RunCadence>86</ns3:RunCadence>
              </ns3:TPX>
            </Extensions>
          </Trackpoint>
          <Trackpoint>
            <Time>2026-08-03T11:17:06.000Z</Time>
            <Position>
              <LatitudeDegrees>29.812825301172083</LatitudeDegrees>
              <LongitudeDegrees>106.42621100432537</LongitudeDegrees>
            </Position>
            <AltitudeMeters>211.3298797607422</AltitudeMeters>
            <DistanceMeters>9421.7060546875</DistanceMeters>
            <HeartRateBpm>
              <Value>161</Value>
            </HeartRateBpm>
            <Extensions>
              <ns3:TPX>
                <ns3:Speed>3.0074987411499023</ns3:Speed>
                <ns3:RunCadence>87</ns3:RunCadence>
              </ns3:TPX>
            </Extensions>
          </Trackpoint>
          <Trackpoint>
            <Time>2026-08-03T11:17:11.000Z</Time>
            <Position>
              <LatitudeDegrees>29.812881488287406</LatitudeDegrees>
              <LongitudeDegrees>106.42635243828641</LongitudeDegrees>
            </Position>
            <AltitudeMeters>211.2071990966797</AltitudeMeters>
            <DistanceMeters>9436.7470703125</DistanceMeters>
            <HeartRateBpm>
              <Value>160</Value>
            </HeartRateBpm>
            <Extensions>
              <ns3:TPX>
                <ns3:Speed>3.0086874961853027</ns3:Speed>
                <ns3:RunCadence>88</ns3:RunCadence>
              </ns3:TPX>
            </Extensions>
          </Trackpoint>
          <Trackpoint>
            <Time>2026-08-03T11:17:15.000Z</Time>
            <Position>
              <LatitudeDegrees>29.812948903692952</LatitudeDegrees>
              <LongitudeDegrees>106.42644951504658</LongitudeDegrees>
            </Position>
            <AltitudeMeters>211.11741638183594</AltitudeMeters>
            <DistanceMeters>9448.783203125</DistanceMeters>
            <HeartRateBpm>
              <Value>161</Value>
            </HeartRateBpm>
            <Extensions>
              <ns3:TPX>
                <ns3:Speed>3.0093657970428467</ns3:Speed>
                <ns3:RunCadence>86</ns3:RunCadence>
              </ns3:TPX>
            </Extensions>
          </Trackpoint>
          <Trackpoint>
            <Time>2026-08-03T11:17:20.000Z</Time>
            <Position>
              <LatitudeDegrees>29.81306660573294</LatitudeDegrees>
              <LongitudeDegrees>106.42652208053227</LongitudeDegrees>
            </Position>
            <AltitudeMeters>211.01876831054688</AltitudeMeters>
            <DistanceMeters>9463.8310546875</DistanceMeters>
            <HeartRateBpm>
              <Value>161</Value>
            </HeartRateBpm>
            <Extensions>
              <ns3:TPX>
                <ns3:Speed>3.0099637508392334</ns3:Speed>
                <ns3:RunCadence>87</ns3:RunCadence>
              </ns3:TPX>
            </Extensions>
          </Trackpoint>
          <Trackpoint>
            <Time>2026-08-03T11:17:24.000Z</Time>
            <Position>
              <LatitudeDegrees>29.813172767951073</LatitudeDegrees>
              <LongitudeDegrees>106.42650862375285</LongitudeDegrees>
            </Position>
            <AltitudeMeters>210.9525909423828</AltitudeMeters>
            <DistanceMeters>9475.8720703125</DistanceMeters>
            <HeartRateBpm>
              <Value>161</Value>
            </HeartRateBpm>
            <Extensions>
              <ns3:TPX>
                <ns3:Speed>3.010317325592041</ns3:Speed>
                <ns3:RunCadence>87</ns3:RunCadence>
              </ns3:TPX>
            </Extensions>
          </Trackpoint>
          <Trackpoint>
            <Time>2026-08-03T11:17:29.000Z</Time>
            <Position>
              <LatitudeDegrees>29.813279453031203</LatitudeDegrees>
              <LongitudeDegrees>106.42641514705093</LongitudeDegrees>
            </Position>
            <AltitudeMeters>210.8875274658203</AltitudeMeters>
            <DistanceMeters>9490.923828125</DistanceMeters>
            <HeartRateBpm>
              <Value>159</Value>
            </HeartRateBpm>
            <Extensions>
              <ns3:TPX>
                <ns3:Speed>3.010711669921875</ns3:Speed>
                <ns3:RunCadence>88</ns3:RunCadence>
              </ns3:TPX>
            </Extensions>
          </Trackpoint>
          <Trackpoint>
            <Time>2026-08-03T11:17:33.000Z</Time>
            <Position>
              <LatitudeDegrees>29.813338610242077</LatitudeDegrees>
              <LongitudeDegrees>106.42631094050023</LongitudeDegrees>
            </Position>
            <AltitudeMeters>210.85031127929688</AltitudeMeters>
            <DistanceMeters>9502.9677734375</DistanceMeters>
            <HeartRateBpm>
              <Value>159</Value>
            </HeartRateBpm>
            <Extensions>
              <ns3:TPX>
                <ns3:Speed>3.011072874069214</ns3:Speed>
                <ns3:RunCadence>87</ns3:RunCadence>
              </ns3:TPX>
            </Extensions>
          </Trackpoint>
          <Trackpoint>
            <Time>2026-08-03T11:17:38.000Z</Time>
            <Position>
              <LatitudeDegrees>29.813386629188013</LatitudeDegrees>
              <LongitudeDegrees>106.4261653193683</LongitudeDegrees>
            </Position>
            <AltitudeMeters>210.82244873046875</AltitudeMeters>
            <DistanceMeters>9518.0244140625</DistanceMeters>
            <HeartRateBpm>
              <Value>159</Value>
            </HeartRateBpm>
            <Extensions>
              <ns3:TPX>
                <ns3:Speed>3.0116961002349854</ns3:Speed>
                <ns3:RunCadence>88</ns3:RunCadence>
              </ns3:TPX>
            </Extensions>
          </Trackpoint>
          <Trackpoint>
            <Time>2026-08-03T11:17:42.000Z</Time>
            <Position>
              <LatitudeDegrees>29.813408133873455</LatitudeDegrees>
              <LongitudeDegrees>106.42604302427476</LongitudeDegrees>
            </Position>
            <AltitudeMeters>210.81454467773438</AltitudeMeters>
            <DistanceMeters>9530.0732421875</DistanceMeters>
            <HeartRateBpm>
              <Value>158</Value>
            </HeartRateBpm>
            <Extensions>
              <ns3:TPX>
                <ns3:Speed>3.0124170780181885</ns3:Speed>
                <ns3:RunCadence>86</ns3:RunCadence>
              </ns3:TPX>
            </Extensions>
          </Trackpoint>
          <Trackpoint>
            <Time>2026-08-03T11:17:47.000Z</Time>
            <Position>
              <LatitudeDegrees>29.81341645942641</LatitudeDegrees>
              <LongitudeDegrees>106.42588732116526</LongitudeDegrees>
            </Position>
            <AltitudeMeters>210.82113647460938</AltitudeMeters>
            <DistanceMeters>9545.138671875</DistanceMeters>
            <HeartRateBpm>
              <Value>157</Value>
            </HeartRateBpm>
            <Extensions>
              <ns3:TPX>
                <ns3:Speed>3.013707399368286</ns3:Speed>
                <ns3:RunCadence>88</ns3:RunCadence>
              </ns3:TPX>
            </Extensions>
          </Trackpoint>
          <Trackpoint>
            <Time>2026-08-03T11:17:51.000Z</Time>
            <Position>
              <LatitudeDegrees>29.813408833471595</LatitudeDegrees>
              <LongitudeDegrees>106.42576273320792</LongitudeDegrees>
            </Position>
            <AltitudeMeters>210.83782958984375</AltitudeMeters>
            <DistanceMeters>9557.1962890625</DistanceMeters>
            <HeartRateBpm>
              <Value>157</Value>
            </HeartRateBpm>
            <Extensions>
              <ns3:TPX>
                <ns3:Speed>3.0151286125183105</ns3:Speed>
                <ns3:RunCadence>88</ns3:RunCadence>
              </ns3:TPX>
            </Extensions>
          </Trackpoint>
          <Trackpoint>
            <Time>2026-08-03T11:17:56.000Z</Time>
            <Position>
              <LatitudeDegrees>29.813380485914376</LatitudeDegrees>
              <LongitudeDegrees>106.42561005445944</LongitudeDegrees>
            </Position>
            <AltitudeMeters>210.8699493408203</AltitudeMeters>
            <DistanceMeters>9572.27734375</DistanceMeters>
            <HeartRateBpm>
              <Value>155</Value>
            </HeartRateBpm>
            <Extensions>
              <ns3:TPX>
                <ns3:Speed>3.017488479614258</ns3:Speed>
                <ns3:RunCadence>87</ns3:RunCadence>
              </ns3:TPX>
            </Extensions>
          </Trackpoint>
          <Trackpoint>
            <Time>2026-08-03T11:18:00.000Z</Time>
            <Position>
              <LatitudeDegrees>29.81334065437056</LatitudeDegrees>
              <LongitudeDegrees>106.42549378825703</LongitudeDegrees>
            </Position>
            <AltitudeMeters>210.9019317626953</AltitudeMeters>
            <DistanceMeters>9584.3525390625</DistanceMeters>
            <HeartRateBpm>
              <Value>155</Value>
            </HeartRateBpm>
            <Extensions>
              <ns3:TPX>
                <ns3:Speed>3.019906759262085</ns3:Speed>
                <ns3:RunCadence>86</ns3:RunCadence>
              </ns3:TPX>
            </Extensions>
          </Trackpoint>
          <Trackpoint>
            <Time>2026-08-03T11:18:05.000Z</Time>
            <Position>
              <LatitudeDegrees>29.81326406517737</LatitudeDegrees>
              <LongitudeDegrees>106.42536519111393</LongitudeDegrees>
            </Position>
            <AltitudeMeters>210.94558715820312</AltitudeMeters>
            <DistanceMeters>9599.4609375</DistanceMeters>
            <HeartRateBpm>
              <Value>154</Value>
            </HeartRateBpm>
            <Extensions>
              <ns3:TPX>
                <ns3:Speed>3.0236656665802</ns3:Speed>
                <ns3:RunCadence>88</ns3:RunCadence>
              </ns3:TPX>
            </Extensions>
          </Trackpoint>
          <Trackpoint>
            <Time>2026-08-03T11:18:09.000Z</Time>
            <Position>
              <LatitudeDegrees>29.813176052742715</LatitudeDegrees>
              <LongitudeDegrees>106.4252929343614</LongitudeDegrees>
            </Position>
            <AltitudeMeters>210.9800262451172</AltitudeMeters>
            <DistanceMeters>9611.5634765625</DistanceMeters>
            <HeartRateBpm>
              <Value>153</Value>
            </HeartRateBpm>
            <Extensions>
              <ns3:TPX>
                <ns3:Speed>3.0273056030273438</ns3:Speed>
                <ns3:RunCadence>87</ns3:RunCadence>
              </ns3:TPX>
            </Extensions>
          </Trackpoint>
          <Trackpoint>
            <Time>2026-08-03T11:18:14.000Z</Time>
            <Position>
              <LatitudeDegrees>29.81304296942623</LatitudeDegrees>
              <LongitudeDegrees>106.42528486309773</LongitudeDegrees>
            </Position>
            <AltitudeMeters>211.0176239013672</AltitudeMeters>
            <DistanceMeters>9626.712890625</DistanceMeters>
            <HeartRateBpm>
              <Value>153</Value>
            </HeartRateBpm>
            <Extensions>
              <ns3:TPX>
                <ns3:Speed>3.0326883792877197</ns3:Speed>
                <ns3:RunCadence>87</ns3:RunCadence>
              </ns3:TPX>
            </Extensions>
          </Trackpoint>
          <Trackpoint>
            <Time>2026-08-03T11:18:18.000Z</Time>
            <Position>
              <LatitudeDegrees>29.81295017512231</LatitudeDegrees>
              <LongitudeDegrees>106.42534912101625</LongitudeDegrees>
            </Position>
            <AltitudeMeters>211.0396270751953</AltitudeMeters>
            <DistanceMeters>9638.853515625</DistanceMeters>
            <HeartRateBpm>
              <Value>153</Value>
            </HeartRateBpm>
            <Extensions>
              <ns3:TPX>
                <ns3:Speed>3.03767991065979</ns3:Speed>
                <ns3:RunCadence>87</ns3:RunCadence>
              </ns3:TPX>
            </Extensions>
          </Trackpoint>
          <Trackpoint>
            <Time>2026-08-03T11:18:23.000Z</Time>
            <Position>
              <LatitudeDegrees>29.812868118098155</LatitudeDegrees>
              <LongitudeDegrees>106.42547428521475</LongitudeDegrees>
            </Position>
            <AltitudeMeters>211.05203247070312</AltitudeMeters>
            <DistanceMeters>9654.0595703125</DistanceMeters>
            <HeartRateBpm>
              <Value>153</Value>
            </HeartRateBpm>
            <Extensions>
              <ns3:TPX>
                <ns3:Speed>3.044782876968384</ns3:Speed>
                <ns3:RunCadence>88</ns3:RunCadence>
              </ns3:TPX>
            </Extensions>
          </Trackpoint>
          <Trackpoint>
            <Time>2026-08-03T11:18:27.000Z</Time>
            <Position>
              <LatitudeDegrees>29.812824952775806</LatitudeDegrees>
              <LongitudeDegrees>106.42559026346323</LongitudeDegrees>
            </Position>
            <AltitudeMeters>211.04632568359375</AltitudeMeters>
            <DistanceMeters>9666.251953125</DistanceMeters>
            <HeartRateBpm>
              <Value>153</Value>
            </HeartRateBpm>
            <Extensions>
              <ns3:TPX>
                <ns3:Speed>3.051146984100342</ns3:Speed>
                <ns3:RunCadence>88</ns3:RunCadence>
              </ns3:TPX>
            </Extensions>
          </Trackpoint>
          <Trackpoint>
            <Time>2026-08-03T11:18:32.000Z</Time>
            <Position>
              <LatitudeDegrees>29.81279342017942</LatitudeDegrees>
              <LongitudeDegrees>106.42574418633654</LongitudeDegrees>
            </Position>
            <AltitudeMeters>211.0150909423828</AltitudeMeters>
            <DistanceMeters>9681.529296875</DistanceMeters>
            <HeartRateBpm>
              <Value>154</Value>
            </HeartRateBpm>
            <Extensions>
              <ns3:TPX>
                <ns3:Speed>3.059924364089966</ns3:Speed>
                <ns3:RunCadence>87</ns3:RunCadence>
              </ns3:TPX>
            </Extensions>
          </Trackpoint>
          <Trackpoint>
            <Time>2026-08-03T11:18:36.000Z</Time>
            <Position>
              <LatitudeDegrees>29.812783761662494</LatitudeDegrees>
              <LongitudeDegrees>106.42587063959915</LongitudeDegrees>
            </Position>
            <AltitudeMeters>210.96783447265625</AltitudeMeters>
            <DistanceMeters>9693.7841796875</DistanceMeters>
            <HeartRateBpm>
              <Value>153</Value>
            </HeartRateBpm>
            <Extensions>
              <ns3:TPX>
                <ns3:Speed>3.0675675868988037</ns3:Speed>
                <ns3:RunCadence>86</ns3:RunCadence>
              </ns3:TPX>
            </Extensions>
          </Trackpoint>
          <Trackpoint>
            <Time>2026-08-03T11:18:41.000Z</Time>
            <Position>
              <LatitudeDegrees>29.812790244086077</LatitudeDegrees>
              <LongitudeDegrees>106.42602955986848</LongitudeDegrees>
            </Position>
            <AltitudeMeters>210.87745666503906</AltitudeMeters>
            <DistanceMeters>9709.1484375</DistanceMeters>
            <HeartRateBpm>
              <Value>153</Value>
            </HeartRateBpm>
            <Extensions>
              <ns3:TPX>
                <ns3:Speed>3.0778310298919678</ns3:Speed>
                <ns3:RunCadence>88</ns3:RunCadence>
              </ns3:TPX>
            </Extensions>
          </Trackpoint>
          <Trackpoint>
            <Time>2026-08-03T11:18:45.000Z</Time>
            <Position>
              <LatitudeDegrees>29.812810885297345</LatitudeDegrees>
              <LongitudeDegrees>106.42615502361907</LongitudeDegrees>
            </Position>
            <AltitudeMeters>210.778076171875</AltitudeMeters>
            <DistanceMeters>9721.4765625</DistanceMeters>
            <HeartRateBpm>
              <Value>153</Value>
            </HeartRateBpm>
            <Extensions>
              <ns3:TPX>
                <ns3:Speed>3.086547374725342</ns3:Speed>
                <ns3:RunCadence>88</ns3:RunCadence>
              </ns3:TPX>
            </Extensions>
          </Trackpoint>
          <Trackpoint>
            <Time>2026-08-03T11:18:50.000Z</Time>
            <Position>
              <LatitudeDegrees>29.812858876307647</LatitudeDegrees>
              <LongitudeDegrees>106.42630512604369</LongitudeDegrees>
            </Position>
            <AltitudeMeters>210.61810302734375</AltitudeMeters>
            <DistanceMeters>9736.9384765625</DistanceMeters>
            <HeartRateBpm>
              <Value>153</Value>
            </HeartRateBpm>
            <Extensions>
              <ns3:TPX>
                <ns3:Speed>3.097975969314575</ns3:Speed>
                <ns3:RunCadence>88</ns3:RunCadence>
              </ns3:TPX>
            </Extensions>
          </Trackpoint>
          <Trackpoint>
            <Time>2026-08-03T11:18:54.000Z</Time>
            <Position>
              <LatitudeDegrees>29.81291903700547</LatitudeDegrees>
              <LongitudeDegrees>106.42641309665164</LongitudeDegrees>
            </Position>
            <AltitudeMeters>210.46078491210938</AltitudeMeters>
            <DistanceMeters>9749.3486328125</DistanceMeters>
            <HeartRateBpm>
              <Value>152</Value>
            </HeartRateBpm>
            <Extensions>
              <ns3:TPX>
                <ns3:Speed>3.10746169090271</ns3:Speed>
                <ns3:RunCadence>89</ns3:RunCadence>
              </ns3:TPX>
            </Extensions>
          </Trackpoint>
          <Trackpoint>
            <Time>2026-08-03T11:18:59.000Z</Time>
            <Position>
              <LatitudeDegrees>29.813029358187624</LatitudeDegrees>
              <LongitudeDegrees>106.42650963226947</LongitudeDegrees>
            </Position>
            <AltitudeMeters>210.2274932861328</AltitudeMeters>
            <DistanceMeters>9764.9169921875</DistanceMeters>
            <HeartRateBpm>
              <Value>152</Value>
            </HeartRateBpm>
            <Extensions>
              <ns3:TPX>
                <ns3:Speed>3.1196229457855225</ns3:Speed>
                <ns3:RunCadence>88</ns3:RunCadence>
              </ns3:TPX>
            </Extensions>
          </Trackpoint>
          <Trackpoint>
            <Time>2026-08-03T11:19:03.000Z</Time>
            <Position>
              <LatitudeDegrees>29.813139652012982</LatitudeDegrees>
              <LongitudeDegrees>106.4265204527933</LongitudeDegrees>
            </Position>
            <AltitudeMeters>210.01234436035156</AltitudeMeters>
            <DistanceMeters>9777.4150390625</DistanceMeters>
            <HeartRateBpm>
              <Value>152</Value>
            </HeartRateBpm>
            <Extensions>
              <ns3:TPX>
                <ns3:Speed>3.1294960975646973</ns3:Speed>
                <ns3:RunCadence>88</ns3:RunCadence>
              </ns3:TPX>
            </Extensions>
          </Trackpoint>
          <Trackpoint>
            <Time>2026-08-03T11:19:08.000Z</Time>
            <Position>
              <LatitudeDegrees>29.81325984566705</LatitudeDegrees>
              <LongitudeDegrees>106.42643991768843</LongitudeDegrees>
            </Position>
            <AltitudeMeters>209.7098846435547</AltitudeMeters>
            <DistanceMeters>9793.09375</DistanceMeters>
            <HeartRateBpm>
              <Value>152</Value>
            </HeartRateBpm>
            <Extensions>
              <ns3:TPX>
                <ns3:Speed>3.1418771743774414</ns3:Speed>
                <ns3:RunCadence>88</ns3:RunCadence>
              </ns3:TPX>
            </Extensions>
          </Trackpoint>
          <Trackpoint>
            <Time>2026-08-03T11:19:12.000Z</Time>
            <Position>
              <LatitudeDegrees>29.81332716765506</LatitudeDegrees>
              <LongitudeDegrees>106.42633553000549</LongitudeDegrees>
            </Position>
            <AltitudeMeters>209.4434051513672</AltitudeMeters>
            <DistanceMeters>9805.6806640625</DistanceMeters>
            <HeartRateBpm>
              <Value>153</Value>
            </HeartRateBpm>
            <Extensions>
              <ns3:TPX>
                <ns3:Speed>3.1517059803009033</ns3:Speed>
                <ns3:RunCadence>88</ns3:RunCadence>
              </ns3:TPX>
            </Extensions>
          </Trackpoint>
          <Trackpoint>
            <Time>2026-08-03T11:19:17.000Z</Time>
            <Position>
              <LatitudeDegrees>29.813381875099772</LatitudeDegrees>
              <LongitudeDegrees>106.42618489039639</LongitudeDegrees>
            </Position>
            <AltitudeMeters>209.08383178710938</AltitudeMeters>
            <DistanceMeters>9821.46875</DistanceMeters>
            <HeartRateBpm>
              <Value>152</Value>
            </HeartRateBpm>
            <Extensions>
              <ns3:TPX>
                <ns3:Speed>3.163750648498535</ns3:Speed>
                <ns3:RunCadence>89</ns3:RunCadence>
              </ns3:TPX>
            </Extensions>
          </Trackpoint>
          <Trackpoint>
            <Time>2026-08-03T11:19:21.000Z</Time>
            <Position>
              <LatitudeDegrees>29.813406468248367</LatitudeDegrees>
              <LongitudeDegrees>106.42605673186924</LongitudeDegrees>
            </Position>
            <AltitudeMeters>208.77867126464844</AltitudeMeters>
            <DistanceMeters>9834.142578125</DistanceMeters>
            <HeartRateBpm>
              <Value>153</Value>
            </HeartRateBpm>
            <Extensions>
              <ns3:TPX>
                <ns3:Speed>3.1730852127075195</ns3:Speed>
                <ns3:RunCadence>87</ns3:RunCadence>
              </ns3:TPX>
            </Extensions>
          </Trackpoint>
          <Trackpoint>
            <Time>2026-08-03T11:19:26.000Z</Time>
            <Position>
              <LatitudeDegrees>29.813416529121096</LatitudeDegrees>
              <LongitudeDegrees>106.42589257975813</LongitudeDegrees>
            </Position>
            <AltitudeMeters>208.38108825683594</AltitudeMeters>
            <DistanceMeters>9850.0361328125</DistanceMeters>
            <HeartRateBpm>
              <Value>154</Value>
            </HeartRateBpm>
            <Extensions>
              <ns3:TPX>
                <ns3:Speed>3.1842358112335205</ns3:Speed>
                <ns3:RunCadence>89</ns3:RunCadence>
              </ns3:TPX>
            </Extensions>
          </Trackpoint>
          <Trackpoint>
            <Time>2026-08-03T11:19:30.000Z</Time>
            <Position>
              <LatitudeDegrees>29.81340859812656</LatitudeDegrees>
              <LongitudeDegrees>106.42576079638894</LongitudeDegrees>
            </Position>
            <AltitudeMeters>208.05477905273438</AltitudeMeters>
            <DistanceMeters>9862.7900390625</DistanceMeters>
            <HeartRateBpm>
              <Value>153</Value>
            </HeartRateBpm>
            <Extensions>
              <ns3:TPX>
                <ns3:Speed>3.1926417350769043</ns3:Speed>
                <ns3:RunCadence>89</ns3:RunCadence>
              </ns3:TPX>
            </Extensions>
          </Trackpoint>
          <Trackpoint>
            <Time>2026-08-03T11:19:35.000Z</Time>
            <Position>
              <LatitudeDegrees>29.813377513336064</LatitudeDegrees>
              <LongitudeDegrees>106.42559923746417</LongitudeDegrees>
            </Position>
            <AltitudeMeters>207.64329528808594</AltitudeMeters>
            <DistanceMeters>9878.77734375</DistanceMeters>
            <HeartRateBpm>
              <Value>153</Value>
            </HeartRateBpm>
            <Extensions>
              <ns3:TPX>
                <ns3:Speed>3.202380895614624</ns3:Speed>
                <ns3:RunCadence>90</ns3:RunCadence>
              </ns3:TPX>
            </Extensions>
          </Trackpoint>
          <Trackpoint>
            <Time>2026-08-03T11:19:39.000Z</Time>
            <Position>
              <LatitudeDegrees>29.81333308526054</LatitudeDegrees>
              <LongitudeDegrees>106.42547679064799</LongitudeDegrees>
            </Position>
            <AltitudeMeters>207.31629943847656</AltitudeMeters>
            <DistanceMeters>9891.6015625</DistanceMeters>
            <HeartRateBpm>
              <Value>152</Value>
            </HeartRateBpm>
            <Extensions>
              <ns3:TPX>
                <ns3:Speed>3.20947265625</ns3:Speed>
                <ns3:RunCadence>88</ns3:RunCadence>
              </ns3:TPX>
            </Extensions>
          </Trackpoint>
          <Trackpoint>
            <Time>2026-08-03T11:19:44.000Z</Time>
            <Position>
              <LatitudeDegrees>29.813245975934052</LatitudeDegrees>
              <LongitudeDegrees>106.42534499202769</LongitudeDegrees>
            </Position>
            <AltitudeMeters>206.91708374023438</AltitudeMeters>
            <DistanceMeters>9907.66796875</DistanceMeters>
            <HeartRateBpm>
              <Value>152</Value>
            </HeartRateBpm>
            <Extensions>
              <ns3:TPX>
                <ns3:Speed>3.217363119125366</ns3:Speed>
                <ns3:RunCadence>88</ns3:RunCadence>
              </ns3:TPX>
            </Extensions>
          </Trackpoint>
          <Trackpoint>
            <Time>2026-08-03T11:19:48.000Z</Time>
            <Position>
              <LatitudeDegrees>29.813145588977854</LatitudeDegrees>
              <LongitudeDegrees>106.42528109150543</LongitudeDegrees>
            </Position>
            <AltitudeMeters>206.61013793945312</AltitudeMeters>
            <DistanceMeters>9920.548828125</DistanceMeters>
            <HeartRateBpm>
              <Value>152</Value>
            </HeartRateBpm>
            <Extensions>
              <ns3:TPX>
                <ns3:Speed>3.2228331565856934</ns3:Speed>
                <ns3:RunCadence>88</ns3:RunCadence>
              </ns3:TPX>
            </Extensions>
          </Trackpoint>
          <Trackpoint>
            <Time>2026-08-03T11:19:53.000Z</Time>
            <Position>
              <LatitudeDegrees>29.813005270624725</LatitudeDegrees>
              <LongitudeDegrees>106.42530321091338</LongitudeDegrees>
            </Position>
            <AltitudeMeters>206.24798583984375</AltitudeMeters>
            <DistanceMeters>9936.6767578125</DistanceMeters>
            <HeartRateBpm>
              <Value>153</Value>
            </HeartRateBpm>
            <Extensions>
              <ns3:TPX>
                <ns3:Speed>3.228551149368286</ns3:Speed>
                <ns3:RunCadence>89</ns3:RunCadence>
              </ns3:TPX>
            </Extensions>
          </Trackpoint>
          <Trackpoint>
            <Time>2026-08-03T11:19:57.000Z</Time>
            <Position>
              <LatitudeDegrees>29.812917249039874</LatitudeDegrees>
              <LongitudeDegrees>106.42538933125063</LongitudeDegrees>
            </Position>
            <AltitudeMeters>205.9793243408203</AltitudeMeters>
            <DistanceMeters>9949.5986328125</DistanceMeters>
            <HeartRateBpm>
              <Value>154</Value>
            </HeartRateBpm>
            <Extensions>
              <ns3:TPX>
                <ns3:Speed>3.232193946838379</ns3:Speed>
                <ns3:RunCadence>88</ns3:RunCadence>
              </ns3:TPX>
            </Extensions>
          </Trackpoint>
          <Trackpoint>
            <Time>2026-08-03T11:20:02.000Z</Time>
            <Position>
              <LatitudeDegrees>29.812843552308095</LatitudeDegrees>
              <LongitudeDegrees>106.42553312604424</LongitudeDegrees>
            </Position>
            <AltitudeMeters>205.67417907714844</AltitudeMeters>
            <DistanceMeters>9965.767578125</DistanceMeters>
            <HeartRateBpm>
              <Value>154</Value>
            </HeartRateBpm>
            <Extensions>
              <ns3:TPX>
                <ns3:Speed>3.2355544567108154</ns3:Speed>
                <ns3:RunCadence>88</ns3:RunCadence>
              </ns3:TPX>
            </Extensions>
          </Trackpoint>
          <Trackpoint>
            <Time>2026-08-03T11:20:06.000Z</Time>
            <Position>
              <LatitudeDegrees>29.812807593995835</LatitudeDegrees>
              <LongitudeDegrees>106.42566058854253</LongitudeDegrees>
            </Position>
            <AltitudeMeters>205.45697021484375</AltitudeMeters>
            <DistanceMeters>9978.7138671875</DistanceMeters>
            <HeartRateBpm>
              <Value>154</Value>
            </HeartRateBpm>
            <Extensions>
              <ns3:TPX>
                <ns3:Speed>3.2372817993164062</ns3:Speed>
                <ns3:RunCadence>88</ns3:RunCadence>
              </ns3:TPX>
            </Extensions>
          </Trackpoint>
          <Trackpoint>
            <Time>2026-08-03T11:20:11.000Z</Time>
            <Position>
              <LatitudeDegrees>29.812785663296754</LatitudeDegrees>
              <LongitudeDegrees>106.42582626073259</LongitudeDegrees>
            </Position>
            <AltitudeMeters>205.22119140625</AltitudeMeters>
            <DistanceMeters>9994.90234375</DistanceMeters>
            <HeartRateBpm>
              <Value>154</Value>
            </HeartRateBpm>
            <Extensions>
              <ns3:TPX>
                <ns3:Speed>3.2382524013519287</ns3:Speed>
                <ns3:RunCadence>89</ns3:RunCadence>
              </ns3:TPX>
            </Extensions>
          </Trackpoint>
          <Trackpoint>
            <Time>2026-08-03T11:20:15.000Z</Time>
            <Position>
              <LatitudeDegrees>29.812784909001987</LatitudeDegrees>
              <LongitudeDegrees>106.42596041943719</LongitudeDegrees>
            </Position>
            <AltitudeMeters>205.061767578125</AltitudeMeters>
            <DistanceMeters>10007.85546875</DistanceMeters>
            <HeartRateBpm>
              <Value>154</Value>
            </HeartRateBpm>
            <Extensions>
              <ns3:TPX>
                <ns3:Speed>3.2381014823913574</ns3:Speed>
                <ns3:RunCadence>88</ns3:RunCadence>
              </ns3:TPX>
            </Extensions>
          </Trackpoint>
        </Track>
        <Extensions>
          <ns3:LX>
            <ns3:AvgSpeed>3.0346977710723877</ns3:AvgSpeed>
            <ns3:AvgRunCadence>87</ns3:AvgRunCadence>
            <ns3:MaxRunCadence>90</ns3:MaxRunCadence>
          </ns3:LX>
        </Extensions>
      </Lap>
      <Lap StartTime="2026-08-03T11:20:13.000Z">
        <TotalTimeSeconds>92.426</TotalTimeSeconds>
        <DistanceMeters>290.0</DistanceMeters>
        <MaximumSpeed>3.2381014823913574</MaximumSpeed>
        <Calories>22</Calories>
        <AverageHeartRateBpm>
          <Value>151</Value>
        </AverageHeartRateBpm>
        <MaximumHeartRateBpm>
          <Value>154</Value>
        </MaximumHeartRateBpm>
        <Intensity>Active</Intensity>
        <TriggerMethod>Manual</TriggerMethod>
        <Track>
          <Trackpoint>
            <Time>2026-08-03T11:20:15.000Z</Time>
            <Position>
              <LatitudeDegrees>29.812784909001987</LatitudeDegrees>
              <LongitudeDegrees>106.42596041943719</LongitudeDegrees>
            </Position>
            <AltitudeMeters>205.061767578125</AltitudeMeters>
            <DistanceMeters>10007.85546875</DistanceMeters>
            <HeartRateBpm>
              <Value>154</Value>
            </HeartRateBpm>
            <Extensions>
              <ns3:TPX>
                <ns3:Speed>3.2381014823913574</ns3:Speed>
                <ns3:RunCadence>88</ns3:RunCadence>
              </ns3:TPX>
            </Extensions>
          </Trackpoint>
          <Trackpoint>
            <Time>2026-08-03T11:20:20.000Z</Time>
            <Position>
              <LatitudeDegrees>29.8128048702686</LatitudeDegrees>
              <LongitudeDegrees>106.42612641942698</LongitudeDegrees>
            </Position>
            <AltitudeMeters>204.89857482910156</AltitudeMeters>
            <DistanceMeters>10024.0419921875</DistanceMeters>
            <HeartRateBpm>
              <Value>154</Value>
            </HeartRateBpm>
            <Extensions>
              <ns3:TPX>
                <ns3:Speed>3.2368056774139404</ns3:Speed>
                <ns3:RunCadence>88</ns3:RunCadence>
              </ns3:TPX>
            </Extensions>
          </Trackpoint>
          <Trackpoint>
            <Time>2026-08-03T11:20:24.000Z</Time>
            <Position>
              <LatitudeDegrees>29.812839229496078</LatitudeDegrees>
              <LongitudeDegrees>106.42625444685639</LongitudeDegrees>
            </Position>
            <AltitudeMeters>204.79571533203125</AltitudeMeters>
            <DistanceMeters>10036.986328125</DistanceMeters>
            <HeartRateBpm>
              <Value>153</Value>
            </HeartRateBpm>
            <Extensions>
              <ns3:TPX>
                <ns3:Speed>3.2349352836608887</ns3:Speed>
                <ns3:RunCadence>89</ns3:RunCadence>
              </ns3:TPX>
            </Extensions>
          </Trackpoint>
          <Trackpoint>
            <Time>2026-08-03T11:20:29.000Z</Time>
            <Position>
              <LatitudeDegrees>29.812909985345904</LatitudeDegrees>
              <LongitudeDegrees>106.42640018758443</LongitudeDegrees>
            </Position>
            <AltitudeMeters>204.69906616210938</AltitudeMeters>
            <DistanceMeters>10053.15234375</DistanceMeters>
            <HeartRateBpm>
              <Value>153</Value>
            </HeartRateBpm>
            <Extensions>
              <ns3:TPX>
                <ns3:Speed>3.231642961502075</ns3:Speed>
                <ns3:RunCadence>89</ns3:RunCadence>
              </ns3:TPX>
            </Extensions>
          </Trackpoint>
          <Trackpoint>
            <Time>2026-08-03T11:20:33.000Z</Time>
            <Position>
              <LatitudeDegrees>29.81299517743472</LatitudeDegrees>
              <LongitudeDegrees>106.42649008354773</LongitudeDegrees>
            </Position>
            <AltitudeMeters>204.6445770263672</AltitudeMeters>
            <DistanceMeters>10066.072265625</DistanceMeters>
            <HeartRateBpm>
              <Value>153</Value>
            </HeartRateBpm>
            <Extensions>
              <ns3:TPX>
                <ns3:Speed>3.2283225059509277</ns3:Speed>
                <ns3:RunCadence>88</ns3:RunCadence>
              </ns3:TPX>
            </Extensions>
          </Trackpoint>
          <Trackpoint>
            <Time>2026-08-03T11:20:38.000Z</Time>
            <Position>
              <LatitudeDegrees>29.81313422603336</LatitudeDegrees>
              <LongitudeDegrees>106.42652186417666</LongitudeDegrees>
            </Position>
            <AltitudeMeters>204.60052490234375</AltitudeMeters>
            <DistanceMeters>10082.201171875</DistanceMeters>
            <HeartRateBpm>
              <Value>153</Value>
            </HeartRateBpm>
            <Extensions>
              <ns3:TPX>
                <ns3:Speed>3.2234299182891846</ns3:Speed>
                <ns3:RunCadence>89</ns3:RunCadence>
              </ns3:TPX>
            </Extensions>
          </Trackpoint>
          <Trackpoint>
            <Time>2026-08-03T11:20:42.000Z</Time>
            <Position>
              <LatitudeDegrees>29.81323711785704</LatitudeDegrees>
              <LongitudeDegrees>106.42646364651318</LongitudeDegrees>
            </Position>
            <AltitudeMeters>204.580810546875</AltitudeMeters>
            <DistanceMeters>10095.0869140625</DistanceMeters>
            <HeartRateBpm>
              <Value>153</Value>
            </HeartRateBpm>
            <Extensions>
              <ns3:TPX>
                <ns3:Speed>3.21901798248291</ns3:Speed>
                <ns3:RunCadence>90</ns3:RunCadence>
              </ns3:TPX>
            </Extensions>
          </Trackpoint>
          <Trackpoint>
            <Time>2026-08-03T11:20:47.000Z</Time>
            <Position>
              <LatitudeDegrees>29.813327519876268</LatitudeDegrees>
              <LongitudeDegrees>106.4263347966691</LongitudeDegrees>
            </Position>
            <AltitudeMeters>204.5701141357422</AltitudeMeters>
            <DistanceMeters>10111.1669921875</DistanceMeters>
            <HeartRateBpm>
              <Value>152</Value>
            </HeartRateBpm>
            <Extensions>
              <ns3:TPX>
                <ns3:Speed>3.213017225265503</ns3:Speed>
                <ns3:RunCadence>89</ns3:RunCadence>
              </ns3:TPX>
            </Extensions>
          </Trackpoint>
          <Trackpoint>
            <Time>2026-08-03T11:20:51.000Z</Time>
            <Position>
              <LatitudeDegrees>29.813374079892156</LatitudeDegrees>
              <LongitudeDegrees>106.42621320369129</LongitudeDegrees>
            </Position>
            <AltitudeMeters>204.56858825683594</AltitudeMeters>
            <DistanceMeters>10124.0087890625</DistanceMeters>
            <HeartRateBpm>
              <Value>152</Value>
            </HeartRateBpm>
            <Extensions>
              <ns3:TPX>
                <ns3:Speed>3.207935094833374</ns3:Speed>
                <ns3:RunCadence>89</ns3:RunCadence>
              </ns3:TPX>
            </Extensions>
          </Trackpoint>
          <Trackpoint>
            <Time>2026-08-03T11:20:56.000Z</Time>
            <Position>
              <LatitudeDegrees>29.813407071614</LatitudeDegrees>
              <LongitudeDegrees>106.4260517663512</LongitudeDegrees>
            </Position>
            <AltitudeMeters>204.56993103027344</AltitudeMeters>
            <DistanceMeters>10140.0322265625</DistanceMeters>
            <HeartRateBpm>
              <Value>152</Value>
            </HeartRateBpm>
            <Extensions>
              <ns3:TPX>
                <ns3:Speed>3.2013771533966064</ns3:Speed>
                <ns3:RunCadence>87</ns3:RunCadence>
              </ns3:TPX>
            </Extensions>
          </Trackpoint>
          <Trackpoint>
            <Time>2026-08-03T11:21:00.000Z</Time>
            <Position>
              <LatitudeDegrees>29.813416366668285</LatitudeDegrees>
              <LongitudeDegrees>106.42591967760656</LongitudeDegrees>
            </Position>
            <AltitudeMeters>204.56973266601562</AltitudeMeters>
            <DistanceMeters>10152.8271484375</DistanceMeters>
            <HeartRateBpm>
              <Value>152</Value>
            </HeartRateBpm>
            <Extensions>
              <ns3:TPX>
                <ns3:Speed>3.1960766315460205</ns3:Speed>
                <ns3:RunCadence>89</ns3:RunCadence>
              </ns3:TPX>
            </Extensions>
          </Trackpoint>
          <Trackpoint>
            <Time>2026-08-03T11:21:05.000Z</Time>
            <Position>
              <LatitudeDegrees>29.813407855233127</LatitudeDegrees>
              <LongitudeDegrees>106.42575468259899</LongitudeDegrees>
            </Position>
            <AltitudeMeters>204.56307983398438</AltitudeMeters>
            <DistanceMeters>10168.791015625</DistanceMeters>
            <HeartRateBpm>
              <Value>153</Value>
            </HeartRateBpm>
            <Extensions>
              <ns3:TPX>
                <ns3:Speed>3.1895291805267334</ns3:Speed>
                <ns3:RunCadence>88</ns3:RunCadence>
              </ns3:TPX>
            </Extensions>
          </Trackpoint>
          <Trackpoint>
            <Time>2026-08-03T11:21:09.000Z</Time>
            <Position>
              <LatitudeDegrees>29.81338440378998</LatitudeDegrees>
              <LongitudeDegrees>106.4256254623637</LongitudeDegrees>
            </Position>
            <AltitudeMeters>204.54957580566406</AltitudeMeters>
            <DistanceMeters>10181.5390625</DistanceMeters>
            <HeartRateBpm>
              <Value>152</Value>
            </HeartRateBpm>
            <Extensions>
              <ns3:TPX>
                <ns3:Speed>3.1844589710235596</ns3:Speed>
                <ns3:RunCadence>87</ns3:RunCadence>
              </ns3:TPX>
            </Extensions>
          </Trackpoint>
          <Trackpoint>
            <Time>2026-08-03T11:21:14.000Z</Time>
            <Position>
              <LatitudeDegrees>29.81333117046463</LatitudeDegrees>
              <LongitudeDegrees>106.42547280397856</LongitudeDegrees>
            </Position>
            <AltitudeMeters>204.5191192626953</AltitudeMeters>
            <DistanceMeters>10197.4462890625</DistanceMeters>
            <HeartRateBpm>
              <Value>152</Value>
            </HeartRateBpm>
            <Extensions>
              <ns3:TPX>
                <ns3:Speed>3.178464889526367</ns3:Speed>
                <ns3:RunCadence>88</ns3:RunCadence>
              </ns3:TPX>
            </Extensions>
          </Trackpoint>
          <Trackpoint>
            <Time>2026-08-03T11:21:18.000Z</Time>
            <Position>
              <LatitudeDegrees>29.81326481351698</LatitudeDegrees>
              <LongitudeDegrees>106.42536609717146</LongitudeDegrees>
            </Position>
            <AltitudeMeters>204.4820556640625</AltitudeMeters>
            <DistanceMeters>10210.1513671875</DistanceMeters>
            <HeartRateBpm>
              <Value>152</Value>
            </HeartRateBpm>
            <Extensions>
              <ns3:TPX>
                <ns3:Speed>3.1740365028381348</ns3:Speed>
                <ns3:RunCadence>89</ns3:RunCadence>
              </ns3:TPX>
            </Extensions>
          </Trackpoint>
          <Trackpoint>
            <Time>2026-08-03T11:21:23.000Z</Time>
            <Position>
              <LatitudeDegrees>29.81314510720224</LatitudeDegrees>
              <LongitudeDegrees>106.42528096618794</LongitudeDegrees>
            </Position>
            <AltitudeMeters>204.41835021972656</AltitudeMeters>
            <DistanceMeters>10226.0087890625</DistanceMeters>
            <HeartRateBpm>
              <Value>152</Value>
            </HeartRateBpm>
            <Extensions>
              <ns3:TPX>
                <ns3:Speed>3.169072389602661</ns3:Speed>
                <ns3:RunCadence>87</ns3:RunCadence>
              </ns3:TPX>
            </Extensions>
          </Trackpoint>
          <Trackpoint>
            <Time>2026-08-03T11:21:27.000Z</Time>
            <Position>
              <LatitudeDegrees>29.813033106215638</LatitudeDegrees>
              <LongitudeDegrees>106.42528858988386</LongitudeDegrees>
            </Position>
            <AltitudeMeters>204.35313415527344</AltitudeMeters>
            <DistanceMeters>10238.677734375</DistanceMeters>
            <HeartRateBpm>
              <Value>152</Value>
            </HeartRateBpm>
            <Extensions>
              <ns3:TPX>
                <ns3:Speed>3.165630578994751</ns3:Speed>
                <ns3:RunCadence>89</ns3:RunCadence>
              </ns3:TPX>
            </Extensions>
          </Trackpoint>
          <Trackpoint>
            <Time>2026-08-03T11:21:32.000Z</Time>
            <Position>
              <LatitudeDegrees>29.812922639166093</LatitudeDegrees>
              <LongitudeDegrees>106.42538201192652</LongitudeDegrees>
            </Position>
            <AltitudeMeters>204.25717163085938</AltitudeMeters>
            <DistanceMeters>10254.0771484375</DistanceMeters>
            <HeartRateBpm>
              <Value>149</Value>
            </HeartRateBpm>
            <Extensions>
              <ns3:TPX>
                <ns3:Speed>2.9941318035125732</ns3:Speed>
                <ns3:RunCadence>87</ns3:RunCadence>
              </ns3:TPX>
            </Extensions>
          </Trackpoint>
          <Trackpoint>
            <Time>2026-08-03T11:21:36.000Z</Time>
            <Position>
              <LatitudeDegrees>29.812864243707235</LatitudeDegrees>
              <LongitudeDegrees>106.42548245735432</LongitudeDegrees>
            </Position>
            <AltitudeMeters>204.17298889160156</AltitudeMeters>
            <DistanceMeters>10265.76953125</DistanceMeters>
            <HeartRateBpm>
              <Value>144</Value>
            </HeartRateBpm>
            <Extensions>
              <ns3:TPX>
                <ns3:Speed>2.8516077995300293</ns3:Speed>
                <ns3:RunCadence>85</ns3:RunCadence>
              </ns3:TPX>
            </Extensions>
          </Trackpoint>
          <Trackpoint>
            <Time>2026-08-03T11:21:41.000Z</Time>
            <Position>
              <LatitudeDegrees>29.81281810492813</LatitudeDegrees>
              <LongitudeDegrees>106.4256151822806</LongitudeDegrees>
            </Position>
            <AltitudeMeters>204.06263732910156</AltitudeMeters>
            <DistanceMeters>10279.583984375</DistanceMeters>
            <HeartRateBpm>
              <Value>140</Value>
            </HeartRateBpm>
            <Extensions>
              <ns3:TPX>
                <ns3:Speed>2.6744496822357178</ns3:Speed>
                <ns3:RunCadence>84</ns3:RunCadence>
              </ns3:TPX>
            </Extensions>
          </Trackpoint>
          <Trackpoint>
            <Time>2026-08-03T11:21:45.000Z</Time>
            <Position>
              <LatitudeDegrees>29.81279683466877</LatitudeDegrees>
              <LongitudeDegrees>106.42572025539282</LongitudeDegrees>
            </Position>
            <AltitudeMeters>203.97308349609375</AltitudeMeters>
            <DistanceMeters>10290.0</DistanceMeters>
            <HeartRateBpm>
              <Value>137</Value>
            </HeartRateBpm>
            <Extensions>
              <ns3:TPX>
                <ns3:Speed>2.5334384441375732</ns3:Speed>
                <ns3:RunCadence>82</ns3:RunCadence>
              </ns3:TPX>
            </Extensions>
          </Trackpoint>
        </Track>
        <Extensions>
          <ns3:LX>
            <ns3:AvgSpeed>3.1376523971557617</ns3:AvgSpeed>
            <ns3:AvgRunCadence>88</ns3:AvgRunCadence>
            <ns3:MaxRunCadence>90</ns3:MaxRunCadence>
          </ns3:LX>
        </Extensions>
      </Lap>
      <Creator xsi:type="Device_t">
        <Name>Forerunner 45</Name>
        <UnitId>3367953556</UnitId>
        <ProductID>3469</ProductID>
        <Version>
          <VersionMajor>4</VersionMajor>
          <VersionMinor>40</VersionMinor>
          <BuildMajor>0</BuildMajor>
          <BuildMinor>0</BuildMinor>
        </Version>
      </Creator>
    </Activity>
  </Activities>
  <Author xsi:type="Application_t">
    <Name>Connect Api</Name>
    <Build>
      <Version>
        <VersionMajor>26</VersionMajor>
        <VersionMinor>15</VersionMinor>
        <BuildMajor>0</BuildMajor>
        <BuildMinor>0</BuildMinor>
      </Version>
    </Build>
    <LangID>en</LangID>
    <PartNumber>006-D2449-00</PartNumber>
  </Author>
</TrainingCenterDatabase>
